/*
SQLyog Ultimate v12.4.3 (64 bit)
MySQL - 10.4.24-MariaDB : Database - miraidevs_covid19
*********************************************************************
*/

/*!40101 SET NAMES utf8 */;

/*!40101 SET SQL_MODE=''*/;

/*!40014 SET @OLD_UNIQUE_CHECKS=@@UNIQUE_CHECKS, UNIQUE_CHECKS=0 */;
/*!40014 SET @OLD_FOREIGN_KEY_CHECKS=@@FOREIGN_KEY_CHECKS, FOREIGN_KEY_CHECKS=0 */;
/*!40101 SET @OLD_SQL_MODE=@@SQL_MODE, SQL_MODE='NO_AUTO_VALUE_ON_ZERO' */;
/*!40111 SET @OLD_SQL_NOTES=@@SQL_NOTES, SQL_NOTES=0 */;
CREATE DATABASE /*!32312 IF NOT EXISTS*/`miraidevs_covid19` /*!40100 DEFAULT CHARACTER SET utf8mb4 */;

USE `miraidevs_covid19`;

/*Table structure for table `auth_activation_attempts` */

DROP TABLE IF EXISTS `auth_activation_attempts`;

CREATE TABLE `auth_activation_attempts` (
  `id` int(11) unsigned NOT NULL AUTO_INCREMENT,
  `ip_address` varchar(255) NOT NULL,
  `user_agent` varchar(255) NOT NULL,
  `token` varchar(255) DEFAULT NULL,
  `created_at` datetime NOT NULL,
  PRIMARY KEY (`id`)
) ENGINE=InnoDB DEFAULT CHARSET=utf8;

/*Data for the table `auth_activation_attempts` */

/*Table structure for table `auth_groups` */

DROP TABLE IF EXISTS `auth_groups`;

CREATE TABLE `auth_groups` (
  `id` int(11) unsigned NOT NULL AUTO_INCREMENT,
  `name` varchar(255) NOT NULL,
  `description` varchar(255) NOT NULL,
  PRIMARY KEY (`id`)
) ENGINE=InnoDB AUTO_INCREMENT=4 DEFAULT CHARSET=utf8;

/*Data for the table `auth_groups` */

insert  into `auth_groups`(`id`,`name`,`description`) values 
(1,'superAdmin','Admin tertinggi'),
(2,'admin','Admin kabupaten/kota'),
(3,'puskesmas','puskesmas');

/*Table structure for table `auth_groups_permissions` */

DROP TABLE IF EXISTS `auth_groups_permissions`;

CREATE TABLE `auth_groups_permissions` (
  `group_id` int(11) unsigned NOT NULL DEFAULT 0,
  `permission_id` int(11) unsigned NOT NULL DEFAULT 0,
  KEY `auth_groups_permissions_permission_id_foreign` (`permission_id`),
  KEY `group_id_permission_id` (`group_id`,`permission_id`),
  CONSTRAINT `auth_groups_permissions_group_id_foreign` FOREIGN KEY (`group_id`) REFERENCES `auth_groups` (`id`) ON DELETE CASCADE,
  CONSTRAINT `auth_groups_permissions_permission_id_foreign` FOREIGN KEY (`permission_id`) REFERENCES `auth_permissions` (`id`) ON DELETE CASCADE
) ENGINE=InnoDB DEFAULT CHARSET=utf8;

/*Data for the table `auth_groups_permissions` */

insert  into `auth_groups_permissions`(`group_id`,`permission_id`) values 
(1,1),
(1,2),
(1,3),
(1,4),
(1,5),
(1,6),
(1,7),
(1,8),
(1,9),
(1,10),
(1,11),
(1,12),
(1,13),
(1,14),
(1,15),
(1,16),
(1,17),
(1,18),
(1,19),
(2,1),
(2,2),
(2,3),
(2,4),
(2,5),
(2,6),
(2,7),
(2,8),
(2,9),
(2,10),
(2,11),
(2,12),
(2,13),
(2,14),
(2,15),
(2,16),
(2,19),
(3,1),
(3,3),
(3,4),
(3,5),
(3,15),
(3,16),
(3,19),
(3,20);

/*Table structure for table `auth_groups_users` */

DROP TABLE IF EXISTS `auth_groups_users`;

CREATE TABLE `auth_groups_users` (
  `group_id` int(11) unsigned NOT NULL DEFAULT 0,
  `user_id` int(11) unsigned NOT NULL DEFAULT 0,
  KEY `auth_groups_users_user_id_foreign` (`user_id`),
  KEY `group_id_user_id` (`group_id`,`user_id`),
  CONSTRAINT `auth_groups_users_group_id_foreign` FOREIGN KEY (`group_id`) REFERENCES `auth_groups` (`id`) ON DELETE CASCADE,
  CONSTRAINT `auth_groups_users_user_id_foreign` FOREIGN KEY (`user_id`) REFERENCES `users` (`id`) ON DELETE CASCADE
) ENGINE=InnoDB DEFAULT CHARSET=utf8;

/*Data for the table `auth_groups_users` */

insert  into `auth_groups_users`(`group_id`,`user_id`) values 
(1,1),
(2,25),
(3,1),
(3,3),
(3,3),
(3,14),
(3,16),
(3,18),
(3,24);

/*Table structure for table `auth_logins` */

DROP TABLE IF EXISTS `auth_logins`;

CREATE TABLE `auth_logins` (
  `id` int(11) unsigned NOT NULL AUTO_INCREMENT,
  `ip_address` varchar(255) DEFAULT NULL,
  `email` varchar(255) DEFAULT NULL,
  `user_id` int(11) unsigned DEFAULT NULL,
  `date` datetime NOT NULL,
  `success` tinyint(1) NOT NULL,
  PRIMARY KEY (`id`),
  KEY `email` (`email`),
  KEY `user_id` (`user_id`)
) ENGINE=InnoDB AUTO_INCREMENT=282 DEFAULT CHARSET=utf8;

/*Data for the table `auth_logins` */

insert  into `auth_logins`(`id`,`ip_address`,`email`,`user_id`,`date`,`success`) values 
(1,'::1','superadmin@gmail.com',1,'2023-04-05 06:20:41',1),
(2,'::1','superadmin@gmail.com',1,'2023-04-08 01:02:12',1),
(3,'::1','Fatmawati Nugroho',NULL,'2023-03-31 06:36:50',0),
(4,'::1','user01@gmail.com',3,'2023-03-31 06:37:19',1),
(5,'::1','superadmin@gmail.com',1,'2023-03-31 06:37:41',1),
(6,'::1','Fatmawati Nugroho',NULL,'2023-04-03 07:02:13',0),
(7,'::1','user01@gmail.com',3,'2023-04-03 07:02:17',1),
(8,'::1','superadmin@gmail.com',1,'2023-04-03 07:02:33',1),
(9,'::1','Fatmawati Nugroho',NULL,'2023-04-09 16:20:46',0),
(10,'::1','user01@gmail.com',3,'2023-04-09 16:20:50',1),
(11,'::1','user01@gmail.com',3,'2023-04-10 00:02:42',1),
(12,'::1','superadmin@gmail.com',1,'2023-04-10 03:35:23',1),
(13,'::1','superadmin@gmail.com',1,'2023-04-10 06:26:46',1),
(14,'::1','superadmin@gmail.com',1,'2023-04-10 06:47:36',1),
(15,'::1','superadmin@gmail.com',1,'2023-04-10 06:52:35',1),
(16,'::1','Fatmawati Nugroho',NULL,'2023-04-10 06:55:26',0),
(17,'::1','user01@gmail.com',3,'2023-04-10 06:55:29',1),
(18,'::1','superadmin@gmail.com',1,'2023-04-10 06:56:14',1),
(19,'::1','user01@gmail.com',3,'2023-04-10 06:56:28',1),
(20,'::1','superadmin@gmail.com',1,'2023-04-10 06:56:35',1),
(21,'::1','superadmin@gmail.com',1,'2023-04-10 07:22:11',1),
(22,'::1','superadmin',NULL,'2023-04-10 07:22:29',0),
(23,'::1','superadmin@gmail.com',1,'2023-04-10 07:22:40',1),
(24,'::1','superadmin@gmail.com',1,'2023-04-10 07:29:37',1),
(25,'::1','superadmin@gmail.com',1,'2023-04-10 08:35:01',1),
(26,'::1','superadmin@gmail.com',1,'2023-04-10 08:35:44',1),
(27,'::1','superadmin@gmail.com',1,'2023-04-10 08:37:03',1),
(28,'::1','superadmin@gmail.com',1,'2023-04-10 08:59:03',1),
(29,'::1','superadmin@gmail.com',1,'2023-04-10 09:38:49',1),
(30,'::1','superadmin@gmail.com',1,'2023-04-10 10:40:41',1),
(31,'::1','user01@gmail.com',3,'2023-04-10 10:40:47',1),
(32,'::1','superadmin@gmail.com',1,'2023-04-10 11:52:22',1),
(33,'::1','superadmin@gmail.com',1,'2023-04-17 21:47:12',1),
(34,'::1','superadmin@gmail.com',1,'2023-04-18 01:48:59',1),
(35,'::1','superadmin',NULL,'2023-04-18 09:18:22',0),
(36,'::1','superadmin',NULL,'2023-04-18 09:18:31',0),
(37,'::1','superadmin@gmail.com',1,'2023-04-18 09:19:01',1),
(38,'::1','superadmin@gmail.com',1,'2023-04-18 10:09:12',1),
(39,'::1','superadmin@gmail.com',1,'2023-04-18 10:10:34',1),
(40,'::1','superadmin@gmail.com',1,'2023-04-18 10:11:51',1),
(41,'::1','superadmin@gmail.com',1,'2023-04-18 10:14:13',1),
(42,'::1','superadmin',NULL,'2023-04-18 13:20:41',0),
(43,'::1','superadmin',NULL,'2023-04-18 13:20:45',0),
(44,'::1','superadmin',NULL,'2023-04-18 13:20:50',0),
(45,'::1','superadmin',NULL,'2023-04-18 13:21:05',0),
(46,'::1','admin',NULL,'2023-04-18 13:22:00',0),
(47,'::1','admin',NULL,'2023-04-18 13:22:10',0),
(48,'::1','admin',NULL,'2023-04-18 13:22:15',0),
(49,'::1','admin',NULL,'2023-04-18 13:22:21',0),
(50,'::1','superadmin',NULL,'2023-04-18 13:22:36',0),
(51,'::1','superadmin',NULL,'2023-04-18 13:22:44',0),
(52,'::1','superadmin',NULL,'2023-04-18 13:23:31',0),
(53,'::1','superadmin',NULL,'2023-04-18 13:23:35',0),
(54,'::1','superadmin',NULL,'2023-04-18 13:23:43',0),
(55,'::1','user01@gmail.com',3,'2023-04-18 13:23:46',1),
(56,'::1','user01@gmail.com',3,'2023-04-18 13:29:04',1),
(57,'::1','Fatmawati123',NULL,'2023-04-18 13:56:38',0),
(58,'::1','Fatmawati123',NULL,'2023-04-18 13:56:42',0),
(59,'::1','Fatmawati123',NULL,'2023-04-18 13:56:46',0),
(60,'::1','user01@gmail.com',3,'2023-04-18 13:56:51',1),
(61,'::1','user01@gmail.com',3,'2023-04-18 13:58:56',1),
(62,'::1','superadmin@gmail.com',1,'2023-04-18 21:55:31',1),
(63,'::1','superadmin@gmail.com',1,'2023-04-19 01:53:16',1),
(64,'::1','user01@gmail.com',3,'2023-04-19 02:08:33',1),
(65,'::1','superadmin@gmail.com',1,'2023-04-19 02:13:35',1),
(66,'::1','user01@gmail.com',3,'2023-04-19 02:14:14',1),
(67,'::1','admin@gmail.com',2,'2023-04-19 02:18:23',1),
(68,'::1','user01@gmail.com',3,'2023-04-19 02:23:46',1),
(69,'::1','Jokowichan@gmail.com',16,'2023-04-19 02:24:10',1),
(70,'::1','admin@gmail.com',2,'2023-04-19 02:30:01',1),
(71,'::1','superadmin@gmail.com',1,'2023-04-19 02:30:12',1),
(72,'::1','user01@gmail.com',3,'2023-04-19 02:33:12',1),
(73,'::1','superadmin@gmail.com',1,'2023-04-19 23:42:09',1),
(74,'::1','superadmin@gmail.com',1,'2023-04-19 23:44:54',1),
(75,'::1','superadmin@gmail.com',1,'2023-04-20 05:32:29',1),
(76,'::1','fatmawati123@gmail.com',3,'2023-04-20 07:02:46',1),
(77,'::1','superadmin@gmail.com',1,'2023-04-20 07:02:58',1),
(78,'::1','superadmin@gmail.com',1,'2023-04-26 00:43:10',1),
(79,'36.65.93.115','superadmin@gmail.com',1,'2023-04-26 01:18:07',1),
(80,'36.65.93.115','superadmin@gmail.com',1,'2023-04-26 01:19:51',1),
(81,'180.244.166.149','superadmin@gmail.com',1,'2023-04-27 03:12:52',1),
(82,'180.244.166.149','superadmin@gmail.com',1,'2023-04-27 03:13:17',1),
(83,'180.244.166.149','superadmin@gmail.com',1,'2023-04-27 05:04:14',1),
(84,'36.68.9.57','superadmin@gmail.com',1,'2023-05-01 03:18:42',1),
(85,'36.68.9.57','Fatmawati123',NULL,'2023-05-01 03:26:52',0),
(86,'36.68.9.57','Fatmawati Nugroho',NULL,'2023-05-01 03:26:59',0),
(87,'36.68.9.57','Fatmawati Nugroho',NULL,'2023-05-01 03:27:07',0),
(88,'36.68.9.57','superadmin@gmail.com',1,'2023-05-01 03:27:14',1),
(89,'36.68.9.57','fatmawayi@gmail.com',14,'2023-05-01 03:27:37',1),
(90,'36.68.9.57','admin@gmail.com',2,'2023-05-01 03:28:23',1),
(91,'36.68.9.57','superadmin@gmail.com',1,'2023-05-01 07:20:36',1),
(92,'36.68.9.57','zenitsu@gmail.com',20,'2023-05-01 07:23:32',1),
(93,'36.68.9.57','admin@gmail.com',2,'2023-05-01 07:24:12',1),
(94,'36.68.9.57','superadmin@gmail.com',1,'2023-05-01 10:07:30',1),
(95,'36.68.9.57','budi@gmail.com',21,'2023-05-01 10:14:14',1),
(96,'36.68.9.57','superadmin@gmail.com',1,'2023-05-01 10:36:47',1),
(97,'182.255.4.125','admin',NULL,'2023-05-02 06:26:30',0),
(98,'182.255.4.125','superadmin@gmail.com',1,'2023-05-02 06:26:54',1),
(99,'36.68.9.57','superadmin@gmail.com',1,'2023-05-02 08:11:45',1),
(100,'103.79.96.49','superadmin@gmail.com',1,'2023-05-04 09:31:04',1),
(101,'36.68.9.57','superadmin@gmail.com',1,'2023-05-06 03:40:29',1),
(102,'36.68.9.57','superadmin',NULL,'2023-05-06 03:42:19',0),
(103,'36.68.9.57','superadmin',NULL,'2023-05-06 03:42:24',0),
(104,'103.79.96.49','admin',NULL,'2023-05-12 07:47:04',0),
(105,'36.68.11.72','superadmin@gmail.com',1,'2023-05-12 16:20:05',1),
(106,'180.244.166.169','superadmin',NULL,'2023-05-13 11:35:44',0),
(107,'180.244.166.169','superadmin@gmail.com',1,'2023-05-13 11:36:36',1),
(108,'36.65.104.53','superadmin@gmail.com',1,'2023-05-15 07:47:58',1),
(109,'139.228.134.145','superadmin ',NULL,'2023-05-22 15:14:29',0),
(110,'139.228.134.145','superadmin@gmail.com',1,'2023-05-22 15:14:40',1),
(111,'103.82.15.31','superadmin@gmail.com',1,'2023-06-01 15:48:24',1),
(112,'139.228.134.145','superadmin@gmail.com',1,'2023-06-01 15:48:27',1),
(113,'202.80.219.130','superadmin@gmail.com',1,'2023-06-02 03:42:18',1),
(114,'103.47.133.91','superadmin@gmail.com',1,'2023-06-04 05:37:18',1),
(115,'139.228.134.145','superadmin@gmail.com',1,'2023-06-06 13:25:45',1),
(116,'139.228.134.145','puskesmas',NULL,'2023-06-06 13:26:35',0),
(117,'139.228.134.145','fatmawati',NULL,'2023-06-06 13:28:11',0),
(118,'139.228.134.145','fatmawati123',NULL,'2023-06-06 13:29:00',0),
(119,'139.228.134.145','fatmawati',NULL,'2023-06-06 13:29:40',0),
(120,'139.228.134.145','admin',NULL,'2023-06-06 13:29:55',0),
(121,'139.228.134.145','fatmawati123',NULL,'2023-06-06 13:30:44',0),
(122,'139.228.134.145','superadmin ',NULL,'2023-06-06 13:31:19',0),
(123,'139.228.134.145','superadmin@gmail.com',1,'2023-06-06 13:31:29',1),
(124,'139.228.134.145','fatmawati123@gmail.com',3,'2023-06-06 13:33:02',1),
(125,'139.228.134.145','superadmin@gmail.com',1,'2023-06-06 13:45:47',1),
(126,'139.228.134.145','superadmin@gmail.com',1,'2023-06-06 13:46:25',1),
(127,'139.228.134.145','superadmin@gmail.com',1,'2023-06-06 13:46:44',1),
(128,'139.228.134.145','superadmin@gmail.com',1,'2023-06-06 13:47:06',1),
(129,'139.228.134.145','superadmin@gmail.com',1,'2023-06-06 13:49:06',1),
(130,'139.228.134.145','superadmin@gmail.com',1,'2023-06-06 13:49:31',1),
(131,'139.228.134.145','superadmin',NULL,'2023-06-06 13:58:56',0),
(132,'139.228.134.145','dir',NULL,'2023-06-06 13:59:02',0),
(133,'139.228.134.145','superadmin@gmail.com',1,'2023-06-06 13:59:24',1),
(134,'::1','superadmin@gmail.com',1,'2023-06-06 14:16:19',1),
(135,'::1','superadmin@gmail.com',1,'2023-06-06 14:17:49',1),
(136,'::1','fatmawati123@gmail.com',3,'2023-06-06 14:20:26',1),
(137,'::1','superadmin@gmail.com',1,'2023-06-06 14:22:38',1),
(138,'::1','fatmawati123@gmail.com',3,'2023-06-06 14:25:26',1),
(139,'::1','superadmin',NULL,'2023-06-06 14:26:15',0),
(140,'::1','superadmin@gmail.com',1,'2023-06-06 14:26:27',1),
(141,'::1','superadmin@gmail.com',1,'2023-06-07 15:23:56',1),
(142,'::1','superadmin',NULL,'2023-06-10 12:51:47',0),
(143,'::1','superadmin@gmail.com',1,'2023-06-10 12:52:10',1),
(144,'::1','fatmawati123@gmail.com',3,'2023-06-10 17:48:26',1),
(145,'::1','superadmin@gmail.com',1,'2023-06-10 17:49:50',1),
(146,'::1','fatmawati123@gmail.com',3,'2023-06-10 19:10:27',1),
(147,'::1','superadmin@gmail.com',1,'2023-06-10 19:10:51',1),
(148,'::1','dir',NULL,'2023-06-10 19:56:45',0),
(149,'::1','superadmin@gmail.com',1,'2023-06-10 19:58:28',1),
(150,'::1','fatmawati123@gmail.com',3,'2023-06-10 20:14:58',1),
(151,'::1','fatmawati123',NULL,'2023-06-10 20:25:16',0),
(152,'::1','fatmawati123@gmail.com',3,'2023-06-10 20:25:24',1),
(153,'::1','superadmin@gmail.com',1,'2023-06-10 20:25:47',1),
(154,'::1','superadmin@gmail.com',1,'2023-06-11 07:05:02',1),
(155,'::1','fatmawati123@gmail.com',3,'2023-06-11 07:12:56',1),
(156,'::1','fatma',NULL,'2023-06-16 19:03:12',0),
(157,'::1','fatmawati',NULL,'2023-06-16 19:03:27',0),
(158,'::1','fatm',NULL,'2023-06-16 19:03:37',0),
(159,'::1','fatmawati123@gmail.com',3,'2023-06-16 19:03:46',1),
(160,'::1','superadmin@gmail.com',1,'2023-06-16 19:06:38',1),
(161,'::1','fatmawati123@gmail.com',3,'2023-06-17 18:36:04',1),
(162,'::1','semarang',NULL,'2023-06-17 18:46:10',0),
(163,'::1','semarang',NULL,'2023-06-17 18:46:27',0),
(164,'::1','semarang',NULL,'2023-06-17 18:46:49',0),
(165,'::1','semarang',NULL,'2023-06-17 18:46:57',0),
(166,'::1','semarang',NULL,'2023-06-17 18:47:08',0),
(167,'::1','semarang@gmail.com',2,'2023-06-17 18:48:14',1),
(168,'::1','semarang@gmail.com',2,'2023-06-17 18:51:53',1),
(169,'::1','semarang@gmail.com',2,'2023-06-17 20:10:28',1),
(170,'::1','superadmin@gmail.com',1,'2023-06-17 20:10:55',1),
(171,'::1','fatmawati123@gmail.com',3,'2023-06-17 20:14:25',1),
(172,'::1','superadmin@gmail.com',1,'2023-06-17 20:17:09',1),
(173,'::1','semarang@gmail.com',2,'2023-06-17 20:21:28',1),
(174,'::1','fatmawati123@gmail.com',3,'2023-06-18 05:47:16',1),
(175,'::1','fatmati123',NULL,'2023-06-18 05:49:51',0),
(176,'::1','fatmawati123@gmail.com',3,'2023-06-18 05:50:04',1),
(177,'::1','superadmin@gmail.com',1,'2023-06-18 05:51:26',1),
(178,'::1','semarang@gmail.com',2,'2023-06-18 05:51:50',1),
(179,'::1','fatmawati123@gmail.com',3,'2023-06-18 05:53:07',1),
(180,'::1','semarang@gmail.com',2,'2023-06-18 06:04:06',1),
(181,'::1','superadmin@gmail.com',1,'2023-06-18 06:05:16',1),
(182,'::1','superadmin@gmail.com',1,'2023-06-24 08:15:05',1),
(183,'::1','semarang',NULL,'2023-06-24 09:47:06',0),
(184,'::1','semarang',NULL,'2023-06-24 09:47:13',0),
(185,'::1','semarang@gmail.com',2,'2023-06-24 09:47:25',1),
(186,'::1','superadmin@gmail.com',1,'2023-06-25 15:26:06',1),
(187,'::1','semarang',NULL,'2023-06-25 15:27:39',0),
(188,'::1','semarang@gmail.com',2,'2023-06-25 15:27:55',1),
(189,'::1','superadmin@gmail.com',1,'2023-06-29 11:39:49',1),
(190,'::1','fatmawati123@gmail.com',3,'2023-06-29 14:09:03',1),
(191,'::1','superadmin@gmail.com',1,'2023-06-29 15:16:10',1),
(192,'::1','fatmawati123@gmail.com',3,'2023-06-29 15:19:05',1),
(193,'::1','superadmin@gmail.com',1,'2023-06-30 19:42:01',1),
(194,'::1','superadmin@gmail.com',1,'2023-07-01 11:27:48',1),
(195,'::1','dir',NULL,'2023-07-01 20:25:55',0),
(196,'::1','superadmin@gmail.com',1,'2023-07-01 20:26:12',1),
(197,'::1','superadmin@gmail.com',1,'2023-07-02 07:19:18',1),
(198,'::1','superadmin@gmail.com',1,'2023-07-11 15:18:56',1),
(199,'::1','superadmin@gmail.com',1,'2023-07-12 15:59:48',1),
(200,'::1','superadmin@gmail.com',1,'2023-08-05 09:21:36',1),
(201,'::1','superadmin@gmail.com',1,'2023-08-05 14:08:35',1),
(202,'::1','superadmin@gmail.com',1,'2023-08-05 22:02:55',1),
(203,'::1','superadmin@gmail.com',1,'2023-08-06 04:32:19',1),
(204,'::1','superadmin@gmail.com',1,'2023-08-06 12:04:30',1),
(205,'::1','superadmin@gmail.com',1,'2023-08-10 14:28:52',1),
(206,'::1','superadmin@gmail.com',1,'2023-08-12 05:42:54',1),
(207,'::1','superadmin@gmail.com',1,'2023-08-12 10:47:40',1),
(208,'::1','superadmin@gmail.com',1,'2023-08-12 20:03:42',1),
(209,'::1','superadmin@gmail.com',1,'2023-08-13 07:09:27',1),
(210,'::1','superadmin@gmail.com',1,'2023-08-19 21:50:54',1),
(211,'::1','fatmawati123@gmail.com',3,'2023-08-19 23:05:11',1),
(212,'::1','superadmin@gmail.com',1,'2023-08-19 23:14:36',1),
(213,'::1','admin',NULL,'2023-08-19 23:16:08',0),
(214,'::1','admin',NULL,'2023-08-19 23:16:25',0),
(215,'::1','semarang@gmail.com',2,'2023-08-19 23:17:17',1),
(216,'::1','semarang@gmail.com',2,'2023-08-19 23:21:11',1),
(217,'::1','superadmin',NULL,'2023-08-19 23:31:10',0),
(218,'::1','superadmin@gmail.com',1,'2023-08-19 23:31:24',1),
(219,'::1','semarang@gmail.com',2,'2023-08-19 23:50:34',1),
(220,'::1','superadmin@gmail.com',1,'2023-08-20 01:02:10',1),
(221,'::1','superadmin@gmail.com',1,'2023-08-20 01:06:43',1),
(222,'::1','semarang',NULL,'2023-08-24 15:57:52',0),
(223,'::1','semarang@gmail.com',2,'2023-08-24 15:58:01',1),
(224,'::1','semarang@gmail.com',2,'2023-08-24 16:39:15',1),
(225,'::1','superadmin@gmail.com',1,'2023-08-24 17:03:59',1),
(226,'::1','semarang',NULL,'2023-08-24 17:17:50',0),
(227,'::1','semarang@gmail.com',2,'2023-08-24 17:18:04',1),
(228,'::1','superadmin',NULL,'2023-08-26 02:43:52',0),
(229,'::1','superadmin@gmail.com',1,'2023-08-26 02:44:07',1),
(230,'::1','superadmin@gmail.com',1,'2023-08-26 19:40:25',1),
(231,'::1','superadmin@gmail.com',1,'2023-08-30 16:43:37',1),
(232,'::1','superadmin@gmail.com',1,'2023-08-30 17:32:54',1),
(233,'::1','superadmin@gmail.com',1,'2023-09-01 20:40:51',1),
(234,'::1','superadmin@gmail.com',1,'2023-09-02 19:07:01',1),
(235,'::1','semarang@gmail.com',2,'2023-09-02 19:23:41',1),
(236,'::1','superadmin@gmail.com',1,'2023-09-02 21:55:33',1),
(237,'::1','semarang',NULL,'2023-09-02 21:57:10',0),
(238,'::1','semarang@gmail.com',2,'2023-09-02 21:57:18',1),
(239,'::1','fatmawati123@gmail.com',3,'2023-09-02 21:59:27',1),
(240,'::1','superadmin@gmail.com',1,'2023-09-02 22:07:56',1),
(241,'::1','semarang@gmail.com',2,'2023-09-02 22:08:16',1),
(242,'::1','fatmawati123@gmail.com',3,'2023-09-02 22:09:14',1),
(243,'::1','semarang@gmail.com',2,'2023-09-02 22:16:29',1),
(244,'::1','fatmawati123@gmail.com',3,'2023-09-02 22:16:52',1),
(245,'::1','semarang@gmail.com',2,'2023-09-02 22:18:46',1),
(246,'::1','fatmawati123@gmail.com',3,'2023-09-02 22:43:51',1),
(247,'::1','dir',NULL,'2023-09-03 16:24:09',0),
(248,'::1','superadmin@gmail.com',1,'2023-09-03 16:24:19',1),
(249,'::1','superadmin@gmail.com',1,'2023-09-04 14:22:41',1),
(250,'::1','semarang@gmail.com',2,'2023-09-04 14:44:42',1),
(251,'::1','fatmawati123@gmail.com',3,'2023-09-04 14:45:21',1),
(252,'::1','superadmin@gmail.com',1,'2023-09-04 14:49:33',1),
(253,'::1','superadmin@gmail.com',1,'2023-09-06 13:41:21',1),
(254,'::1','superadmin@gmail.com',1,'2023-09-09 06:38:07',1),
(255,'::1','Fatmawati123',NULL,'2023-09-09 06:38:38',0),
(256,'::1','Jokowichan@gmail.com',16,'2023-09-09 06:38:43',1),
(257,'::1','superadmin@gmail.com',1,'2023-09-09 06:51:44',1),
(258,'::1','superadmin@gmail.com',1,'2023-09-09 15:33:38',1),
(259,'::1','superadmin@gmail.com',1,'2023-09-09 22:52:25',1),
(260,'::1','adminsemarang@gmail.com',25,'2023-09-09 23:07:07',1),
(261,'::1','puskesmasmijen@gmail.com',24,'2023-09-09 23:07:26',1),
(262,'::1','adminsemarang@gmail.com',25,'2023-09-23 17:46:20',1),
(263,'::1','adminsemarang@gmail.com',25,'2023-09-24 03:00:28',1),
(264,'::1','adminsemarang@gmail.com',25,'2023-10-12 09:30:48',1),
(265,'::1','adminsemarang@gmail.com',25,'2023-10-12 09:42:51',1),
(266,'::1','adminsemarang@gmail.com',25,'2023-10-13 20:18:20',1),
(267,'::1','adminsemarang@gmail.com',25,'2023-10-14 03:35:15',1),
(268,'::1','adminsemarang@gmail.com',25,'2023-10-14 06:08:33',1),
(269,'::1','adminsemarang@gmail.com',25,'2023-10-14 06:22:26',1),
(270,'::1','adminsemarang@gmail.com',25,'2023-10-14 06:56:18',1),
(271,'::1','adminsemarang@gmail.com',25,'2023-10-14 07:02:43',1),
(272,'::1','adminsemarang@gmail.com',25,'2023-10-14 07:24:01',1),
(273,'::1','adminsemarang@gmail.com',25,'2023-10-14 07:28:44',1),
(274,'::1','adminsemarang@gmail.com',25,'2023-10-16 01:44:18',1),
(275,'::1','adminsemarang@gmail.com',25,'2023-10-16 13:44:17',1),
(276,'::1','adminsemarang@gmail.com',25,'2023-10-20 02:31:58',1),
(277,'::1','puskesmasmijen@gmail.com',24,'2023-10-20 04:16:57',1),
(278,'::1','adminsemarang@gmail.com',25,'2023-10-20 04:17:25',1),
(279,'::1','adminsemarang@gmail.com',25,'2023-10-22 16:21:38',1),
(280,'::1','adminsemarang@gmail.com',25,'2023-10-24 01:45:34',1),
(281,'::1','adminsemarang@gmail.com',25,'2023-10-25 03:05:41',1);

/*Table structure for table `auth_permissions` */

DROP TABLE IF EXISTS `auth_permissions`;

CREATE TABLE `auth_permissions` (
  `id` int(11) unsigned NOT NULL AUTO_INCREMENT,
  `name` varchar(255) NOT NULL,
  `description` varchar(255) NOT NULL,
  PRIMARY KEY (`id`)
) ENGINE=InnoDB AUTO_INCREMENT=21 DEFAULT CHARSET=utf8;

/*Data for the table `auth_permissions` */

insert  into `auth_permissions`(`id`,`name`,`description`) values 
(1,'menu-dashboard','akses dashboard page'),
(2,'menu-list-puskesmas','management user puskesmas'),
(3,'menu-input-aktual','input data aktual mingguan'),
(4,'menu-prediksi','melakukan preediksi covid'),
(5,'menu-profile','edit profile'),
(6,'tambah-account','tambah data puskesma'),
(7,'edit-account','ubah  data puskesma'),
(8,'hapus-account','hapus data puskesma'),
(9,'detail-account','detail data puskesma'),
(10,'menu-list-admin','menagement data admin'),
(11,'tambah-admin','tambah data admin'),
(12,'edit-admin','ubah data admin'),
(13,'hapus-admin','hapus data admin'),
(14,'detail-admin','detail data admin'),
(15,'menu-data-wilayah','akses menu data wilayah'),
(16,'menu-edit-profile','akses menu edit profile'),
(17,'edit-profile-kabupaten','edit kabupaten pada menu edit profile'),
(18,'edit-profile-puskesmas','edit puskesmas pada menu edit profile'),
(19,'edit-password','edit password pada menu edit profile'),
(20,'menu-input-aktual-puskesmas','input data aktual mingguan puskesmas');

/*Table structure for table `auth_reset_attempts` */

DROP TABLE IF EXISTS `auth_reset_attempts`;

CREATE TABLE `auth_reset_attempts` (
  `id` int(11) unsigned NOT NULL AUTO_INCREMENT,
  `email` varchar(255) NOT NULL,
  `ip_address` varchar(255) NOT NULL,
  `user_agent` varchar(255) NOT NULL,
  `token` varchar(255) DEFAULT NULL,
  `created_at` datetime NOT NULL,
  PRIMARY KEY (`id`)
) ENGINE=InnoDB DEFAULT CHARSET=utf8;

/*Data for the table `auth_reset_attempts` */

/*Table structure for table `auth_tokens` */

DROP TABLE IF EXISTS `auth_tokens`;

CREATE TABLE `auth_tokens` (
  `id` int(11) unsigned NOT NULL AUTO_INCREMENT,
  `selector` varchar(255) NOT NULL,
  `hashedValidator` varchar(255) NOT NULL,
  `user_id` int(11) unsigned NOT NULL,
  `expires` datetime NOT NULL,
  PRIMARY KEY (`id`),
  KEY `auth_tokens_user_id_foreign` (`user_id`),
  KEY `selector` (`selector`),
  CONSTRAINT `auth_tokens_user_id_foreign` FOREIGN KEY (`user_id`) REFERENCES `users` (`id`) ON DELETE CASCADE
) ENGINE=InnoDB AUTO_INCREMENT=5 DEFAULT CHARSET=utf8;

/*Data for the table `auth_tokens` */

/*Table structure for table `auth_users_permissions` */

DROP TABLE IF EXISTS `auth_users_permissions`;

CREATE TABLE `auth_users_permissions` (
  `user_id` int(11) unsigned NOT NULL DEFAULT 0,
  `permission_id` int(11) unsigned NOT NULL DEFAULT 0,
  KEY `auth_users_permissions_permission_id_foreign` (`permission_id`),
  KEY `user_id_permission_id` (`user_id`,`permission_id`),
  CONSTRAINT `auth_users_permissions_permission_id_foreign` FOREIGN KEY (`permission_id`) REFERENCES `auth_permissions` (`id`) ON DELETE CASCADE,
  CONSTRAINT `auth_users_permissions_user_id_foreign` FOREIGN KEY (`user_id`) REFERENCES `users` (`id`) ON DELETE CASCADE
) ENGINE=InnoDB DEFAULT CHARSET=utf8;

/*Data for the table `auth_users_permissions` */

/*Table structure for table `data_aktual` */

DROP TABLE IF EXISTS `data_aktual`;

CREATE TABLE `data_aktual` (
  `id` int(11) NOT NULL AUTO_INCREMENT,
  `id_puskesmas` int(11) NOT NULL,
  `id_kabupaten` int(100) NOT NULL,
  `tahun` int(11) NOT NULL,
  `minggudalamtahun` int(11) NOT NULL,
  `minggudalamtahunselanjutnya` int(11) NOT NULL,
  `positif` int(11) NOT NULL,
  `sembuh` int(11) NOT NULL,
  `meninggal` int(11) NOT NULL,
  `created_at` datetime DEFAULT NULL,
  `updated_at` datetime DEFAULT NULL,
  `deleted_at` datetime DEFAULT NULL,
  PRIMARY KEY (`id`),
  KEY `id_puskesmas` (`id_puskesmas`)
) ENGINE=InnoDB AUTO_INCREMENT=4398 DEFAULT CHARSET=utf8mb4;

/*Data for the table `data_aktual` */

insert  into `data_aktual`(`id`,`id_puskesmas`,`id_kabupaten`,`tahun`,`minggudalamtahun`,`minggudalamtahunselanjutnya`,`positif`,`sembuh`,`meninggal`,`created_at`,`updated_at`,`deleted_at`) values 
(1,0,2,2020,1,0,1,1,0,NULL,NULL,NULL),
(2,0,3,2020,1,0,1,1,0,NULL,NULL,NULL),
(3,0,4,2020,1,0,1,1,0,NULL,NULL,NULL),
(4,0,5,2020,1,0,2,2,0,NULL,NULL,NULL),
(5,0,6,2020,1,0,1,1,0,NULL,NULL,NULL),
(6,0,7,2020,1,0,1,0,1,NULL,NULL,NULL),
(7,0,8,2020,1,0,1,1,0,NULL,NULL,NULL),
(8,0,9,2020,1,0,19,15,4,NULL,NULL,NULL),
(9,0,10,2020,1,0,6,4,2,NULL,NULL,NULL),
(10,0,11,2020,1,0,3,3,0,NULL,NULL,NULL),
(11,0,12,2020,1,0,1,1,0,NULL,NULL,NULL),
(12,0,13,2020,1,0,1,0,1,NULL,NULL,NULL),
(13,0,14,2020,1,0,2,2,0,NULL,NULL,NULL),
(14,0,15,2020,1,0,1,1,0,NULL,NULL,NULL),
(15,0,16,2020,1,0,3,3,0,NULL,NULL,NULL),
(16,0,17,2020,1,0,1,1,0,NULL,NULL,NULL),
(17,0,18,2020,1,0,2,1,1,NULL,NULL,NULL),
(18,0,19,2020,1,0,1,1,0,NULL,NULL,NULL),
(19,0,20,2020,1,0,3,2,1,NULL,NULL,NULL),
(20,0,1,2020,2,0,1,1,0,NULL,NULL,NULL),
(21,0,21,2020,2,0,3,3,0,NULL,NULL,NULL),
(22,0,22,2020,2,0,1,1,0,NULL,NULL,NULL),
(23,0,2,2020,2,0,6,6,0,NULL,NULL,NULL),
(24,0,3,2020,2,0,2,2,0,NULL,NULL,NULL),
(25,0,23,2020,2,0,4,4,0,NULL,NULL,NULL),
(26,0,24,2020,2,0,2,1,1,NULL,NULL,NULL),
(27,0,4,2020,2,0,1,1,0,NULL,NULL,NULL),
(28,0,25,2020,2,0,2,1,1,NULL,NULL,NULL),
(29,0,5,2020,2,0,2,2,0,NULL,NULL,NULL),
(30,0,6,2020,2,0,1,1,0,NULL,NULL,NULL),
(31,0,7,2020,2,0,4,2,2,NULL,NULL,NULL),
(32,0,26,2020,2,0,1,1,0,NULL,NULL,NULL),
(33,0,9,2020,2,0,44,36,8,NULL,NULL,NULL),
(34,0,10,2020,2,0,2,2,0,NULL,NULL,NULL),
(35,0,27,2020,2,0,3,2,1,NULL,NULL,NULL),
(36,0,28,2020,2,0,3,0,3,NULL,NULL,NULL),
(37,0,11,2020,2,0,2,1,1,NULL,NULL,NULL),
(38,0,12,2020,2,0,4,3,1,NULL,NULL,NULL),
(39,0,29,2020,2,0,2,1,1,NULL,NULL,NULL),
(40,0,13,2020,2,0,2,2,0,NULL,NULL,NULL),
(41,0,14,2020,2,0,1,1,0,NULL,NULL,NULL),
(42,0,15,2020,2,0,1,1,0,NULL,NULL,NULL),
(43,0,16,2020,2,0,1,1,0,NULL,NULL,NULL),
(44,0,17,2020,2,0,5,4,1,NULL,NULL,NULL),
(45,0,30,2020,2,0,1,1,0,NULL,NULL,NULL),
(46,0,18,2020,2,0,3,3,0,NULL,NULL,NULL),
(47,0,31,2020,2,0,1,0,1,NULL,NULL,NULL),
(48,0,19,2020,2,0,1,1,0,NULL,NULL,NULL),
(49,0,32,2020,2,0,4,4,0,NULL,NULL,NULL),
(50,0,33,2020,3,0,2,2,0,NULL,NULL,NULL),
(51,0,1,2020,3,0,8,7,1,NULL,NULL,NULL),
(52,0,21,2020,3,0,2,2,0,NULL,NULL,NULL),
(53,0,34,2020,3,0,1,0,1,NULL,NULL,NULL),
(54,0,22,2020,3,0,1,1,0,NULL,NULL,NULL),
(55,0,2,2020,3,0,6,6,0,NULL,NULL,NULL),
(56,0,3,2020,3,0,7,6,1,NULL,NULL,NULL),
(57,0,23,2020,3,0,1,1,0,NULL,NULL,NULL),
(58,0,24,2020,3,0,1,1,0,NULL,NULL,NULL),
(59,0,4,2020,3,0,1,0,1,NULL,NULL,NULL),
(60,0,25,2020,3,0,1,1,0,NULL,NULL,NULL),
(61,0,7,2020,3,0,1,1,0,NULL,NULL,NULL),
(62,0,26,2020,3,0,4,4,0,NULL,NULL,NULL),
(63,0,9,2020,3,0,24,18,6,NULL,NULL,NULL),
(64,0,10,2020,3,0,6,6,0,NULL,NULL,NULL),
(65,0,27,2020,3,0,1,1,0,NULL,NULL,NULL),
(66,0,28,2020,3,0,2,2,0,NULL,NULL,NULL),
(67,0,11,2020,3,0,1,1,0,NULL,NULL,NULL),
(68,0,12,2020,3,0,2,2,0,NULL,NULL,NULL),
(69,0,29,2020,3,0,2,2,0,NULL,NULL,NULL),
(70,0,15,2020,3,0,2,2,0,NULL,NULL,NULL),
(71,0,30,2020,3,0,5,4,1,NULL,NULL,NULL),
(72,0,18,2020,3,0,5,4,1,NULL,NULL,NULL),
(73,0,31,2020,3,0,5,4,1,NULL,NULL,NULL),
(74,0,20,2020,3,0,1,1,0,NULL,NULL,NULL),
(75,0,32,2020,3,0,9,9,0,NULL,NULL,NULL),
(76,0,33,2020,4,0,3,1,2,NULL,NULL,NULL),
(77,0,1,2020,4,0,24,23,1,NULL,NULL,NULL),
(78,0,21,2020,4,0,1,0,1,NULL,NULL,NULL),
(79,0,22,2020,4,0,2,1,1,NULL,NULL,NULL),
(80,0,2,2020,4,0,4,4,0,NULL,NULL,NULL),
(81,0,3,2020,4,0,7,6,1,NULL,NULL,NULL),
(82,0,23,2020,4,0,2,1,1,NULL,NULL,NULL),
(83,0,24,2020,4,0,2,2,0,NULL,NULL,NULL),
(84,0,4,2020,4,0,6,5,1,NULL,NULL,NULL),
(85,0,25,2020,4,0,7,7,0,NULL,NULL,NULL),
(86,0,5,2020,4,0,2,2,0,NULL,NULL,NULL),
(87,0,6,2020,4,0,4,4,0,NULL,NULL,NULL),
(88,0,26,2020,4,0,4,4,0,NULL,NULL,NULL),
(89,0,9,2020,4,0,48,44,4,NULL,NULL,NULL),
(90,0,10,2020,4,0,9,7,2,NULL,NULL,NULL),
(91,0,28,2020,4,0,7,6,1,NULL,NULL,NULL),
(92,0,11,2020,4,0,2,2,0,NULL,NULL,NULL),
(93,0,12,2020,4,0,6,5,1,NULL,NULL,NULL),
(94,0,29,2020,4,0,1,1,0,NULL,NULL,NULL),
(95,0,14,2020,4,0,20,20,0,NULL,NULL,NULL),
(96,0,15,2020,4,0,8,8,0,NULL,NULL,NULL),
(97,0,17,2020,4,0,4,3,1,NULL,NULL,NULL),
(98,0,30,2020,4,0,3,3,0,NULL,NULL,NULL),
(99,0,18,2020,4,0,2,1,1,NULL,NULL,NULL),
(100,0,35,2020,4,0,1,0,1,NULL,NULL,NULL),
(101,0,31,2020,4,0,1,1,0,NULL,NULL,NULL),
(102,0,19,2020,4,0,3,3,0,NULL,NULL,NULL),
(103,0,20,2020,4,0,3,3,0,NULL,NULL,NULL),
(104,0,32,2020,4,0,25,25,0,NULL,NULL,NULL),
(105,0,33,2020,5,0,11,11,0,NULL,NULL,NULL),
(106,0,1,2020,5,0,12,11,1,NULL,NULL,NULL),
(107,0,34,2020,5,0,3,2,1,NULL,NULL,NULL),
(108,0,22,2020,5,0,2,2,0,NULL,NULL,NULL),
(109,0,36,2020,5,0,15,15,0,NULL,NULL,NULL),
(110,0,2,2020,5,0,7,7,0,NULL,NULL,NULL),
(111,0,3,2020,5,0,1,0,1,NULL,NULL,NULL),
(112,0,23,2020,5,0,5,5,0,NULL,NULL,NULL),
(113,0,24,2020,5,0,2,2,0,NULL,NULL,NULL),
(114,0,4,2020,5,0,12,11,1,NULL,NULL,NULL),
(115,0,25,2020,5,0,5,5,0,NULL,NULL,NULL),
(116,0,5,2020,5,0,1,1,0,NULL,NULL,NULL),
(117,0,6,2020,5,0,7,7,0,NULL,NULL,NULL),
(118,0,7,2020,5,0,8,8,0,NULL,NULL,NULL),
(119,0,8,2020,5,0,1,1,0,NULL,NULL,NULL),
(120,0,26,2020,5,0,1,1,0,NULL,NULL,NULL),
(121,0,9,2020,5,0,47,45,2,NULL,NULL,NULL),
(122,0,10,2020,5,0,11,9,2,NULL,NULL,NULL),
(123,0,28,2020,5,0,2,1,1,NULL,NULL,NULL),
(124,0,11,2020,5,0,9,8,1,NULL,NULL,NULL),
(125,0,12,2020,5,0,1,1,0,NULL,NULL,NULL),
(126,0,29,2020,5,0,1,1,0,NULL,NULL,NULL),
(127,0,13,2020,5,0,15,14,1,NULL,NULL,NULL),
(128,0,14,2020,5,0,13,12,1,NULL,NULL,NULL),
(129,0,15,2020,5,0,16,16,0,NULL,NULL,NULL),
(130,0,17,2020,5,0,4,3,1,NULL,NULL,NULL),
(131,0,30,2020,5,0,2,2,0,NULL,NULL,NULL),
(132,0,18,2020,5,0,8,6,2,NULL,NULL,NULL),
(133,0,19,2020,5,0,4,3,1,NULL,NULL,NULL),
(134,0,20,2020,5,0,3,3,0,NULL,NULL,NULL),
(135,0,32,2020,5,0,14,14,0,NULL,NULL,NULL),
(136,0,33,2020,6,0,3,3,0,NULL,NULL,NULL),
(137,0,1,2020,6,0,9,9,0,NULL,NULL,NULL),
(138,0,21,2020,6,0,1,1,0,NULL,NULL,NULL),
(139,0,34,2020,6,0,1,0,1,NULL,NULL,NULL),
(140,0,22,2020,6,0,2,2,0,NULL,NULL,NULL),
(141,0,36,2020,6,0,1,1,0,NULL,NULL,NULL),
(142,0,2,2020,6,0,18,18,0,NULL,NULL,NULL),
(143,0,3,2020,6,0,2,2,0,NULL,NULL,NULL),
(144,0,23,2020,6,0,3,2,1,NULL,NULL,NULL),
(145,0,4,2020,6,0,4,4,0,NULL,NULL,NULL),
(146,0,25,2020,6,0,5,5,0,NULL,NULL,NULL),
(147,0,5,2020,6,0,2,2,0,NULL,NULL,NULL),
(148,0,6,2020,6,0,3,3,0,NULL,NULL,NULL),
(149,0,7,2020,6,0,6,5,1,NULL,NULL,NULL),
(150,0,26,2020,6,0,2,2,0,NULL,NULL,NULL),
(151,0,9,2020,6,0,17,15,2,NULL,NULL,NULL),
(152,0,10,2020,6,0,4,4,0,NULL,NULL,NULL),
(153,0,27,2020,6,0,1,1,0,NULL,NULL,NULL),
(154,0,28,2020,6,0,11,11,0,NULL,NULL,NULL),
(155,0,11,2020,6,0,10,10,0,NULL,NULL,NULL),
(156,0,37,2020,6,0,1,1,0,NULL,NULL,NULL),
(157,0,12,2020,6,0,6,6,0,NULL,NULL,NULL),
(158,0,29,2020,6,0,1,1,0,NULL,NULL,NULL),
(159,0,13,2020,6,0,7,7,0,NULL,NULL,NULL),
(160,0,14,2020,6,0,13,13,0,NULL,NULL,NULL),
(161,0,15,2020,6,0,12,12,0,NULL,NULL,NULL),
(162,0,17,2020,6,0,4,4,0,NULL,NULL,NULL),
(163,0,18,2020,6,0,9,9,0,NULL,NULL,NULL),
(164,0,19,2020,6,0,26,26,0,NULL,NULL,NULL),
(165,0,20,2020,6,0,1,1,0,NULL,NULL,NULL),
(166,0,32,2020,6,0,8,8,0,NULL,NULL,NULL),
(167,0,33,2020,7,0,8,8,0,NULL,NULL,NULL),
(168,0,1,2020,7,0,5,5,0,NULL,NULL,NULL),
(169,0,21,2020,7,0,6,6,0,NULL,NULL,NULL),
(170,0,22,2020,7,0,8,8,0,NULL,NULL,NULL),
(171,0,2,2020,7,0,5,5,0,NULL,NULL,NULL),
(172,0,3,2020,7,0,4,4,0,NULL,NULL,NULL),
(173,0,23,2020,7,0,2,2,0,NULL,NULL,NULL),
(174,0,4,2020,7,0,1,1,0,NULL,NULL,NULL),
(175,0,25,2020,7,0,11,11,0,NULL,NULL,NULL),
(176,0,6,2020,7,0,2,2,0,NULL,NULL,NULL),
(177,0,7,2020,7,0,1,1,0,NULL,NULL,NULL),
(178,0,8,2020,7,0,1,1,0,NULL,NULL,NULL),
(179,0,26,2020,7,0,3,3,0,NULL,NULL,NULL),
(180,0,9,2020,7,0,27,25,2,NULL,NULL,NULL),
(181,0,10,2020,7,0,6,6,0,NULL,NULL,NULL),
(182,0,28,2020,7,0,4,3,1,NULL,NULL,NULL),
(183,0,11,2020,7,0,6,6,0,NULL,NULL,NULL),
(184,0,12,2020,7,0,1,0,1,NULL,NULL,NULL),
(185,0,29,2020,7,0,1,1,0,NULL,NULL,NULL),
(186,0,13,2020,7,0,2,2,0,NULL,NULL,NULL),
(187,0,14,2020,7,0,2,2,0,NULL,NULL,NULL),
(188,0,15,2020,7,0,8,8,0,NULL,NULL,NULL),
(189,0,30,2020,7,0,2,2,0,NULL,NULL,NULL),
(190,0,18,2020,7,0,2,2,0,NULL,NULL,NULL),
(191,0,19,2020,7,0,2,2,0,NULL,NULL,NULL),
(192,0,32,2020,7,0,3,3,0,NULL,NULL,NULL),
(193,0,33,2020,8,0,2,2,0,NULL,NULL,NULL),
(194,0,1,2020,8,0,5,5,0,NULL,NULL,NULL),
(195,0,21,2020,8,0,9,9,0,NULL,NULL,NULL),
(196,0,34,2020,8,0,8,8,0,NULL,NULL,NULL),
(197,0,22,2020,8,0,3,3,0,NULL,NULL,NULL),
(198,0,36,2020,8,0,9,9,0,NULL,NULL,NULL),
(199,0,2,2020,8,0,3,3,0,NULL,NULL,NULL),
(200,0,3,2020,8,0,5,5,0,NULL,NULL,NULL),
(201,0,23,2020,8,0,2,2,0,NULL,NULL,NULL),
(202,0,24,2020,8,0,1,1,0,NULL,NULL,NULL),
(203,0,4,2020,8,0,6,6,0,NULL,NULL,NULL),
(204,0,25,2020,8,0,4,4,0,NULL,NULL,NULL),
(205,0,6,2020,8,0,4,4,0,NULL,NULL,NULL),
(206,0,7,2020,8,0,2,2,0,NULL,NULL,NULL),
(207,0,8,2020,8,0,5,5,0,NULL,NULL,NULL),
(208,0,26,2020,8,0,11,11,0,NULL,NULL,NULL),
(209,0,9,2020,8,0,40,35,5,NULL,NULL,NULL),
(210,0,10,2020,8,0,2,1,1,NULL,NULL,NULL),
(211,0,27,2020,8,0,2,2,0,NULL,NULL,NULL),
(212,0,28,2020,8,0,6,6,0,NULL,NULL,NULL),
(213,0,11,2020,8,0,2,2,0,NULL,NULL,NULL),
(214,0,12,2020,8,0,1,1,0,NULL,NULL,NULL),
(215,0,29,2020,8,0,5,5,0,NULL,NULL,NULL),
(216,0,13,2020,8,0,2,2,0,NULL,NULL,NULL),
(217,0,14,2020,8,0,3,3,0,NULL,NULL,NULL),
(218,0,15,2020,8,0,21,21,0,NULL,NULL,NULL),
(219,0,16,2020,8,0,1,1,0,NULL,NULL,NULL),
(220,0,17,2020,8,0,5,4,1,NULL,NULL,NULL),
(221,0,30,2020,8,0,19,19,0,NULL,NULL,NULL),
(222,0,18,2020,8,0,6,6,0,NULL,NULL,NULL),
(223,0,35,2020,8,0,1,0,1,NULL,NULL,NULL),
(224,0,19,2020,8,0,12,12,0,NULL,NULL,NULL),
(225,0,20,2020,8,0,1,1,0,NULL,NULL,NULL),
(226,0,32,2020,8,0,2,1,1,NULL,NULL,NULL),
(227,0,33,2020,9,0,9,9,0,NULL,NULL,NULL),
(228,0,1,2020,9,0,1,1,0,NULL,NULL,NULL),
(229,0,21,2020,9,0,5,5,0,NULL,NULL,NULL),
(230,0,34,2020,9,0,7,7,0,NULL,NULL,NULL),
(231,0,22,2020,9,0,4,4,0,NULL,NULL,NULL),
(232,0,36,2020,9,0,2,2,0,NULL,NULL,NULL),
(233,0,2,2020,9,0,3,3,0,NULL,NULL,NULL),
(234,0,3,2020,9,0,8,8,0,NULL,NULL,NULL),
(235,0,23,2020,9,0,2,2,0,NULL,NULL,NULL),
(236,0,24,2020,9,0,2,2,0,NULL,NULL,NULL),
(237,0,4,2020,9,0,1,1,0,NULL,NULL,NULL),
(238,0,25,2020,9,0,3,3,0,NULL,NULL,NULL),
(239,0,5,2020,9,0,1,1,0,NULL,NULL,NULL),
(240,0,6,2020,9,0,1,1,0,NULL,NULL,NULL),
(241,0,8,2020,9,0,2,2,0,NULL,NULL,NULL),
(242,0,26,2020,9,0,10,10,0,NULL,NULL,NULL),
(243,0,9,2020,9,0,35,28,7,NULL,NULL,NULL),
(244,0,10,2020,9,0,2,2,0,NULL,NULL,NULL),
(245,0,28,2020,9,0,2,1,1,NULL,NULL,NULL),
(246,0,11,2020,9,0,14,14,0,NULL,NULL,NULL),
(247,0,12,2020,9,0,1,1,0,NULL,NULL,NULL),
(248,0,13,2020,9,0,3,3,0,NULL,NULL,NULL),
(249,0,14,2020,9,0,4,4,0,NULL,NULL,NULL),
(250,0,15,2020,9,0,6,6,0,NULL,NULL,NULL),
(251,0,16,2020,9,0,1,0,1,NULL,NULL,NULL),
(252,0,17,2020,9,0,2,1,1,NULL,NULL,NULL),
(253,0,30,2020,9,0,1,1,0,NULL,NULL,NULL),
(254,0,18,2020,9,0,4,4,0,NULL,NULL,NULL),
(255,0,31,2020,9,0,8,7,1,NULL,NULL,NULL),
(256,0,19,2020,9,0,5,5,0,NULL,NULL,NULL),
(257,0,32,2020,9,0,5,5,0,NULL,NULL,NULL),
(258,0,33,2020,10,0,1,1,0,NULL,NULL,NULL),
(259,0,1,2020,10,0,4,4,0,NULL,NULL,NULL),
(260,0,21,2020,10,0,4,4,0,NULL,NULL,NULL),
(261,0,34,2020,10,0,3,3,0,NULL,NULL,NULL),
(262,0,22,2020,10,0,2,2,0,NULL,NULL,NULL),
(263,0,36,2020,10,0,3,3,0,NULL,NULL,NULL),
(264,0,2,2020,10,0,5,5,0,NULL,NULL,NULL),
(265,0,3,2020,10,0,26,18,8,NULL,NULL,NULL),
(266,0,23,2020,10,0,2,2,0,NULL,NULL,NULL),
(267,0,24,2020,10,0,7,6,1,NULL,NULL,NULL),
(268,0,4,2020,10,0,1,1,0,NULL,NULL,NULL),
(269,0,25,2020,10,0,1,1,0,NULL,NULL,NULL),
(270,0,6,2020,10,0,1,1,0,NULL,NULL,NULL),
(271,0,7,2020,10,0,3,3,0,NULL,NULL,NULL),
(272,0,26,2020,10,0,5,5,0,NULL,NULL,NULL),
(273,0,9,2020,10,0,31,24,7,NULL,NULL,NULL),
(274,0,10,2020,10,0,3,3,0,NULL,NULL,NULL),
(275,0,28,2020,10,0,2,2,0,NULL,NULL,NULL),
(276,0,11,2020,10,0,8,7,1,NULL,NULL,NULL),
(277,0,29,2020,10,0,1,0,1,NULL,NULL,NULL),
(278,0,14,2020,10,0,1,1,0,NULL,NULL,NULL),
(279,0,15,2020,10,0,2,2,0,NULL,NULL,NULL),
(280,0,16,2020,10,0,3,3,0,NULL,NULL,NULL),
(281,0,17,2020,10,0,4,4,0,NULL,NULL,NULL),
(282,0,30,2020,10,0,1,1,0,NULL,NULL,NULL),
(283,0,18,2020,10,0,1,1,0,NULL,NULL,NULL),
(284,0,31,2020,10,0,5,4,1,NULL,NULL,NULL),
(285,0,19,2020,10,0,2,2,0,NULL,NULL,NULL),
(286,0,32,2020,10,0,9,9,0,NULL,NULL,NULL),
(287,0,33,2020,11,0,3,3,0,NULL,NULL,NULL),
(288,0,1,2020,11,0,7,6,1,NULL,NULL,NULL),
(289,0,21,2020,11,0,12,12,0,NULL,NULL,NULL),
(290,0,34,2020,11,0,5,5,0,NULL,NULL,NULL),
(291,0,22,2020,11,0,8,7,1,NULL,NULL,NULL),
(292,0,36,2020,11,0,3,3,0,NULL,NULL,NULL),
(293,0,2,2020,11,0,1,1,0,NULL,NULL,NULL),
(294,0,3,2020,11,0,59,44,15,NULL,NULL,NULL),
(295,0,23,2020,11,0,7,6,1,NULL,NULL,NULL),
(296,0,38,2020,11,0,1,1,0,NULL,NULL,NULL),
(297,0,24,2020,11,0,24,21,3,NULL,NULL,NULL),
(298,0,4,2020,11,0,3,3,0,NULL,NULL,NULL),
(299,0,25,2020,11,0,3,3,0,NULL,NULL,NULL),
(300,0,5,2020,11,0,2,2,0,NULL,NULL,NULL),
(301,0,6,2020,11,0,6,6,0,NULL,NULL,NULL),
(302,0,7,2020,11,0,2,2,0,NULL,NULL,NULL),
(303,0,26,2020,11,0,7,7,0,NULL,NULL,NULL),
(304,0,9,2020,11,0,114,88,26,NULL,NULL,NULL),
(305,0,10,2020,11,0,2,2,0,NULL,NULL,NULL),
(306,0,27,2020,11,0,1,1,0,NULL,NULL,NULL),
(307,0,28,2020,11,0,12,11,1,NULL,NULL,NULL),
(308,0,11,2020,11,0,57,57,0,NULL,NULL,NULL),
(309,0,12,2020,11,0,2,2,0,NULL,NULL,NULL),
(310,0,29,2020,11,0,2,2,0,NULL,NULL,NULL),
(311,0,13,2020,11,0,5,5,0,NULL,NULL,NULL),
(312,0,14,2020,11,0,2,2,0,NULL,NULL,NULL),
(313,0,15,2020,11,0,2,2,0,NULL,NULL,NULL),
(314,0,16,2020,11,0,6,5,1,NULL,NULL,NULL),
(315,0,17,2020,11,0,3,3,0,NULL,NULL,NULL),
(316,0,30,2020,11,0,4,4,0,NULL,NULL,NULL),
(317,0,18,2020,11,0,3,3,0,NULL,NULL,NULL),
(318,0,31,2020,11,0,1,1,0,NULL,NULL,NULL),
(319,0,19,2020,11,0,2,2,0,NULL,NULL,NULL),
(320,0,20,2020,11,0,2,2,0,NULL,NULL,NULL),
(321,0,32,2020,11,0,4,4,0,NULL,NULL,NULL),
(322,0,33,2020,12,0,5,5,0,NULL,NULL,NULL),
(323,0,1,2020,12,0,2,2,0,NULL,NULL,NULL),
(324,0,21,2020,12,0,4,4,0,NULL,NULL,NULL),
(325,0,34,2020,12,0,2,1,1,NULL,NULL,NULL),
(326,0,22,2020,12,0,6,5,1,NULL,NULL,NULL),
(327,0,36,2020,12,0,1,1,0,NULL,NULL,NULL),
(328,0,2,2020,12,0,9,9,0,NULL,NULL,NULL),
(329,0,3,2020,12,0,74,45,29,NULL,NULL,NULL),
(330,0,23,2020,12,0,9,5,4,NULL,NULL,NULL),
(331,0,24,2020,12,0,20,16,4,NULL,NULL,NULL),
(332,0,4,2020,12,0,4,4,0,NULL,NULL,NULL),
(333,0,25,2020,12,0,2,1,1,NULL,NULL,NULL),
(334,0,5,2020,12,0,14,12,2,NULL,NULL,NULL),
(335,0,6,2020,12,0,4,4,0,NULL,NULL,NULL),
(336,0,7,2020,12,0,4,4,0,NULL,NULL,NULL),
(337,0,8,2020,12,0,2,1,1,NULL,NULL,NULL),
(338,0,26,2020,12,0,2,2,0,NULL,NULL,NULL),
(339,0,9,2020,12,0,121,91,30,NULL,NULL,NULL),
(340,0,10,2020,12,0,3,3,0,NULL,NULL,NULL),
(341,0,28,2020,12,0,34,32,2,NULL,NULL,NULL),
(342,0,11,2020,12,0,20,19,1,NULL,NULL,NULL),
(343,0,12,2020,12,0,1,1,0,NULL,NULL,NULL),
(344,0,29,2020,12,0,1,1,0,NULL,NULL,NULL),
(345,0,13,2020,12,0,2,2,0,NULL,NULL,NULL),
(346,0,14,2020,12,0,2,2,0,NULL,NULL,NULL),
(347,0,15,2020,12,0,1,1,0,NULL,NULL,NULL),
(348,0,16,2020,12,0,2,2,0,NULL,NULL,NULL),
(349,0,17,2020,12,0,14,12,2,NULL,NULL,NULL),
(350,0,30,2020,12,0,12,11,1,NULL,NULL,NULL),
(351,0,18,2020,12,0,3,3,0,NULL,NULL,NULL),
(352,0,31,2020,12,0,5,5,0,NULL,NULL,NULL),
(353,0,19,2020,12,0,141,141,0,NULL,NULL,NULL),
(354,0,20,2020,12,0,2,1,1,NULL,NULL,NULL),
(355,0,32,2020,12,0,3,3,0,NULL,NULL,NULL),
(356,0,33,2020,13,0,1,1,0,NULL,NULL,NULL),
(357,0,1,2020,13,0,8,8,0,NULL,NULL,NULL),
(358,0,21,2020,13,0,7,7,0,NULL,NULL,NULL),
(359,0,34,2020,13,0,11,9,2,NULL,NULL,NULL),
(360,0,22,2020,13,0,23,22,1,NULL,NULL,NULL),
(361,0,36,2020,13,0,3,3,0,NULL,NULL,NULL),
(362,0,2,2020,13,0,3,2,1,NULL,NULL,NULL),
(363,0,3,2020,13,0,63,49,14,NULL,NULL,NULL),
(364,0,23,2020,13,0,14,10,4,NULL,NULL,NULL),
(365,0,24,2020,13,0,86,79,7,NULL,NULL,NULL),
(366,0,4,2020,13,0,6,6,0,NULL,NULL,NULL),
(367,0,25,2020,13,0,13,13,0,NULL,NULL,NULL),
(368,0,5,2020,13,0,11,11,0,NULL,NULL,NULL),
(369,0,6,2020,13,0,16,14,2,NULL,NULL,NULL),
(370,0,7,2020,13,0,6,6,0,NULL,NULL,NULL),
(371,0,26,2020,13,0,17,17,0,NULL,NULL,NULL),
(372,0,9,2020,13,0,131,103,28,NULL,NULL,NULL),
(373,0,10,2020,13,0,2,2,0,NULL,NULL,NULL),
(374,0,28,2020,13,0,34,31,3,NULL,NULL,NULL),
(375,0,11,2020,13,0,3,3,0,NULL,NULL,NULL),
(376,0,39,2020,13,0,1,1,0,NULL,NULL,NULL),
(377,0,12,2020,13,0,2,1,1,NULL,NULL,NULL),
(378,0,29,2020,13,0,3,3,0,NULL,NULL,NULL),
(379,0,13,2020,13,0,2,2,0,NULL,NULL,NULL),
(380,0,14,2020,13,0,2,2,0,NULL,NULL,NULL),
(381,0,15,2020,13,0,1,1,0,NULL,NULL,NULL),
(382,0,16,2020,13,0,4,3,1,NULL,NULL,NULL),
(383,0,17,2020,13,0,21,20,1,NULL,NULL,NULL),
(384,0,30,2020,13,0,7,7,0,NULL,NULL,NULL),
(385,0,18,2020,13,0,32,31,1,NULL,NULL,NULL),
(386,0,31,2020,13,0,5,4,1,NULL,NULL,NULL),
(387,0,19,2020,13,0,2,2,0,NULL,NULL,NULL),
(388,0,20,2020,13,0,3,3,0,NULL,NULL,NULL),
(389,0,1,2020,14,0,8,8,0,NULL,NULL,NULL),
(390,0,21,2020,14,0,1,1,0,NULL,NULL,NULL),
(391,0,34,2020,14,0,9,9,0,NULL,NULL,NULL),
(392,0,22,2020,14,0,2,2,0,NULL,NULL,NULL),
(393,0,36,2020,14,0,4,3,1,NULL,NULL,NULL),
(394,0,3,2020,14,0,152,130,22,NULL,NULL,NULL),
(395,0,23,2020,14,0,56,52,4,NULL,NULL,NULL),
(396,0,24,2020,14,0,63,55,8,NULL,NULL,NULL),
(397,0,4,2020,14,0,5,5,0,NULL,NULL,NULL),
(398,0,25,2020,14,0,5,4,1,NULL,NULL,NULL),
(399,0,5,2020,14,0,22,22,0,NULL,NULL,NULL),
(400,0,6,2020,14,0,9,9,0,NULL,NULL,NULL),
(401,0,8,2020,14,0,2,2,0,NULL,NULL,NULL),
(402,0,26,2020,14,0,8,8,0,NULL,NULL,NULL),
(403,0,9,2020,14,0,576,537,39,NULL,NULL,NULL),
(404,0,10,2020,14,0,5,5,0,NULL,NULL,NULL),
(405,0,28,2020,14,0,60,51,9,NULL,NULL,NULL),
(406,0,11,2020,14,0,14,14,0,NULL,NULL,NULL),
(407,0,12,2020,14,0,7,7,0,NULL,NULL,NULL),
(408,0,29,2020,14,0,1,1,0,NULL,NULL,NULL),
(409,0,13,2020,14,0,10,10,0,NULL,NULL,NULL),
(410,0,14,2020,14,0,1,1,0,NULL,NULL,NULL),
(411,0,16,2020,14,0,42,39,3,NULL,NULL,NULL),
(412,0,17,2020,14,0,10,6,4,NULL,NULL,NULL),
(413,0,30,2020,14,0,1,1,0,NULL,NULL,NULL),
(414,0,18,2020,14,0,10,9,1,NULL,NULL,NULL),
(415,0,31,2020,14,0,3,3,0,NULL,NULL,NULL),
(416,0,19,2020,14,0,5,5,0,NULL,NULL,NULL),
(417,0,20,2020,14,0,3,2,1,NULL,NULL,NULL),
(418,0,32,2020,14,0,1,1,0,NULL,NULL,NULL),
(419,0,1,2020,15,0,14,14,0,NULL,NULL,NULL),
(420,0,21,2020,15,0,4,4,0,NULL,NULL,NULL),
(421,0,34,2020,15,0,9,7,2,NULL,NULL,NULL),
(422,0,22,2020,15,0,7,7,0,NULL,NULL,NULL),
(423,0,36,2020,15,0,2,1,1,NULL,NULL,NULL),
(424,0,2,2020,15,0,3,3,0,NULL,NULL,NULL),
(425,0,3,2020,15,0,156,137,19,NULL,NULL,NULL),
(426,0,23,2020,15,0,48,46,2,NULL,NULL,NULL),
(427,0,24,2020,15,0,246,227,19,NULL,NULL,NULL),
(428,0,4,2020,15,0,15,13,2,NULL,NULL,NULL),
(429,0,25,2020,15,0,4,4,0,NULL,NULL,NULL),
(430,0,5,2020,15,0,21,18,3,NULL,NULL,NULL),
(431,0,6,2020,15,0,6,6,0,NULL,NULL,NULL),
(432,0,7,2020,15,0,2,2,0,NULL,NULL,NULL),
(433,0,26,2020,15,0,9,9,0,NULL,NULL,NULL),
(434,0,9,2020,15,0,360,315,45,NULL,NULL,NULL),
(435,0,10,2020,15,0,6,6,0,NULL,NULL,NULL),
(436,0,28,2020,15,0,64,51,13,NULL,NULL,NULL),
(437,0,11,2020,15,0,6,6,0,NULL,NULL,NULL),
(438,0,12,2020,15,0,6,2,4,NULL,NULL,NULL),
(439,0,29,2020,15,0,1,1,0,NULL,NULL,NULL),
(440,0,13,2020,15,0,4,3,1,NULL,NULL,NULL),
(441,0,14,2020,15,0,2,2,0,NULL,NULL,NULL),
(442,0,16,2020,15,0,8,5,3,NULL,NULL,NULL),
(443,0,17,2020,15,0,44,41,3,NULL,NULL,NULL),
(444,0,30,2020,15,0,1,1,0,NULL,NULL,NULL),
(445,0,18,2020,15,0,7,5,2,NULL,NULL,NULL),
(446,0,31,2020,15,0,3,3,0,NULL,NULL,NULL),
(447,0,19,2020,15,0,8,7,1,NULL,NULL,NULL),
(448,0,20,2020,15,0,1,1,0,NULL,NULL,NULL),
(449,0,32,2020,15,0,1,1,0,NULL,NULL,NULL),
(450,0,33,2020,16,0,20,20,0,NULL,NULL,NULL),
(451,0,1,2020,16,0,16,15,1,NULL,NULL,NULL),
(452,0,21,2020,16,0,18,17,1,NULL,NULL,NULL),
(453,0,34,2020,16,0,5,5,0,NULL,NULL,NULL),
(454,0,22,2020,16,0,13,12,1,NULL,NULL,NULL),
(455,0,36,2020,16,0,6,6,0,NULL,NULL,NULL),
(456,0,2,2020,16,0,4,4,0,NULL,NULL,NULL),
(457,0,3,2020,16,0,88,70,18,NULL,NULL,NULL),
(458,0,23,2020,16,0,42,34,8,NULL,NULL,NULL),
(459,0,24,2020,16,0,187,179,8,NULL,NULL,NULL),
(460,0,4,2020,16,0,12,12,0,NULL,NULL,NULL),
(461,0,25,2020,16,0,10,10,0,NULL,NULL,NULL),
(462,0,5,2020,16,0,37,36,1,NULL,NULL,NULL),
(463,0,6,2020,16,0,10,10,0,NULL,NULL,NULL),
(464,0,7,2020,16,0,1,1,0,NULL,NULL,NULL),
(465,0,8,2020,16,0,3,3,0,NULL,NULL,NULL),
(466,0,26,2020,16,0,5,5,0,NULL,NULL,NULL),
(467,0,9,2020,16,0,489,436,53,NULL,NULL,NULL),
(468,0,10,2020,16,0,19,17,2,NULL,NULL,NULL),
(469,0,27,2020,16,0,1,1,0,NULL,NULL,NULL),
(470,0,28,2020,16,0,85,76,9,NULL,NULL,NULL),
(471,0,11,2020,16,0,1,1,0,NULL,NULL,NULL),
(472,0,12,2020,16,0,10,7,3,NULL,NULL,NULL),
(473,0,29,2020,16,0,5,4,1,NULL,NULL,NULL),
(474,0,13,2020,16,0,10,10,0,NULL,NULL,NULL),
(475,0,14,2020,16,0,3,3,0,NULL,NULL,NULL),
(476,0,15,2020,16,0,3,3,0,NULL,NULL,NULL),
(477,0,16,2020,16,0,17,12,5,NULL,NULL,NULL),
(478,0,17,2020,16,0,27,26,1,NULL,NULL,NULL),
(479,0,30,2020,16,0,2,1,1,NULL,NULL,NULL),
(480,0,18,2020,16,0,20,18,2,NULL,NULL,NULL),
(481,0,35,2020,16,0,1,1,0,NULL,NULL,NULL),
(482,0,31,2020,16,0,8,8,0,NULL,NULL,NULL),
(483,0,19,2020,16,0,3,3,0,NULL,NULL,NULL),
(484,0,20,2020,16,0,5,4,1,NULL,NULL,NULL),
(485,0,32,2020,16,0,1,1,0,NULL,NULL,NULL),
(486,0,33,2020,17,0,5,4,1,NULL,NULL,NULL),
(487,0,1,2020,17,0,14,14,0,NULL,NULL,NULL),
(488,0,21,2020,17,0,12,9,3,NULL,NULL,NULL),
(489,0,34,2020,17,0,19,17,2,NULL,NULL,NULL),
(490,0,22,2020,17,0,41,40,1,NULL,NULL,NULL),
(491,0,36,2020,17,0,5,5,0,NULL,NULL,NULL),
(492,0,2,2020,17,0,2,2,0,NULL,NULL,NULL),
(493,0,3,2020,17,0,136,115,21,NULL,NULL,NULL),
(494,0,23,2020,17,0,48,39,9,NULL,NULL,NULL),
(495,0,24,2020,17,0,193,184,9,NULL,NULL,NULL),
(496,0,4,2020,17,0,30,28,2,NULL,NULL,NULL),
(497,0,25,2020,17,0,14,14,0,NULL,NULL,NULL),
(498,0,5,2020,17,0,39,35,4,NULL,NULL,NULL),
(499,0,6,2020,17,0,26,25,1,NULL,NULL,NULL),
(500,0,7,2020,17,0,1,1,0,NULL,NULL,NULL),
(501,0,26,2020,17,0,5,4,1,NULL,NULL,NULL),
(502,0,9,2020,17,0,329,284,45,NULL,NULL,NULL),
(503,0,10,2020,17,0,56,54,2,NULL,NULL,NULL),
(504,0,28,2020,17,0,106,89,17,NULL,NULL,NULL),
(505,0,11,2020,17,0,11,10,1,NULL,NULL,NULL),
(506,0,40,2020,17,0,1,0,1,NULL,NULL,NULL),
(507,0,12,2020,17,0,15,14,1,NULL,NULL,NULL),
(508,0,29,2020,17,0,14,13,1,NULL,NULL,NULL),
(509,0,13,2020,17,0,14,14,0,NULL,NULL,NULL),
(510,0,14,2020,17,0,4,4,0,NULL,NULL,NULL),
(511,0,15,2020,17,0,6,6,0,NULL,NULL,NULL),
(512,0,16,2020,17,0,12,11,1,NULL,NULL,NULL),
(513,0,17,2020,17,0,38,31,7,NULL,NULL,NULL),
(514,0,30,2020,17,0,11,10,1,NULL,NULL,NULL),
(515,0,18,2020,17,0,79,77,2,NULL,NULL,NULL),
(516,0,35,2020,17,0,1,1,0,NULL,NULL,NULL),
(517,0,31,2020,17,0,6,6,0,NULL,NULL,NULL),
(518,0,19,2020,17,0,4,4,0,NULL,NULL,NULL),
(519,0,20,2020,17,0,5,5,0,NULL,NULL,NULL),
(520,0,33,2020,18,0,15,15,0,NULL,NULL,NULL),
(521,0,1,2020,18,0,45,43,2,NULL,NULL,NULL),
(522,0,21,2020,18,0,6,5,1,NULL,NULL,NULL),
(523,0,34,2020,18,0,44,44,0,NULL,NULL,NULL),
(524,0,22,2020,18,0,31,27,4,NULL,NULL,NULL),
(525,0,36,2020,18,0,8,8,0,NULL,NULL,NULL),
(526,0,2,2020,18,0,7,7,0,NULL,NULL,NULL),
(527,0,3,2020,18,0,89,72,17,NULL,NULL,NULL),
(528,0,23,2020,18,0,34,30,4,NULL,NULL,NULL),
(529,0,38,2020,18,0,1,1,0,NULL,NULL,NULL),
(530,0,24,2020,18,0,129,121,8,NULL,NULL,NULL),
(531,0,4,2020,18,0,37,36,1,NULL,NULL,NULL),
(532,0,25,2020,18,0,10,10,0,NULL,NULL,NULL),
(533,0,5,2020,18,0,49,46,3,NULL,NULL,NULL),
(534,0,6,2020,18,0,26,22,4,NULL,NULL,NULL),
(535,0,7,2020,18,0,6,5,1,NULL,NULL,NULL),
(536,0,8,2020,18,0,3,1,2,NULL,NULL,NULL),
(537,0,26,2020,18,0,6,6,0,NULL,NULL,NULL),
(538,0,9,2020,18,0,255,207,48,NULL,NULL,NULL),
(539,0,10,2020,18,0,78,73,5,NULL,NULL,NULL),
(540,0,28,2020,18,0,151,130,21,NULL,NULL,NULL),
(541,0,11,2020,18,0,3,2,1,NULL,NULL,NULL),
(542,0,12,2020,18,0,17,12,5,NULL,NULL,NULL),
(543,0,29,2020,18,0,2,2,0,NULL,NULL,NULL),
(544,0,13,2020,18,0,17,15,2,NULL,NULL,NULL),
(545,0,14,2020,18,0,4,4,0,NULL,NULL,NULL),
(546,0,15,2020,18,0,23,20,3,NULL,NULL,NULL),
(547,0,16,2020,18,0,10,6,4,NULL,NULL,NULL),
(548,0,17,2020,18,0,26,21,5,NULL,NULL,NULL),
(549,0,30,2020,18,0,10,10,0,NULL,NULL,NULL),
(550,0,18,2020,18,0,51,50,1,NULL,NULL,NULL),
(551,0,31,2020,18,0,5,5,0,NULL,NULL,NULL),
(552,0,19,2020,18,0,1,1,0,NULL,NULL,NULL),
(553,0,20,2020,18,0,28,28,0,NULL,NULL,NULL),
(554,0,32,2020,18,0,1,1,0,NULL,NULL,NULL),
(555,0,33,2020,19,0,18,18,0,NULL,NULL,NULL),
(556,0,41,2020,19,0,1,1,0,NULL,NULL,NULL),
(557,0,1,2020,19,0,26,25,1,NULL,NULL,NULL),
(558,0,21,2020,19,0,10,10,0,NULL,NULL,NULL),
(559,0,34,2020,19,0,17,16,1,NULL,NULL,NULL),
(560,0,22,2020,19,0,23,21,2,NULL,NULL,NULL),
(561,0,36,2020,19,0,3,2,1,NULL,NULL,NULL),
(562,0,2,2020,19,0,2,2,0,NULL,NULL,NULL),
(563,0,3,2020,19,0,68,52,16,NULL,NULL,NULL),
(564,0,23,2020,19,0,41,30,11,NULL,NULL,NULL),
(565,0,38,2020,19,0,1,1,0,NULL,NULL,NULL),
(566,0,24,2020,19,0,140,122,18,NULL,NULL,NULL),
(567,0,4,2020,19,0,30,29,1,NULL,NULL,NULL),
(568,0,25,2020,19,0,17,17,0,NULL,NULL,NULL),
(569,0,5,2020,19,0,65,59,6,NULL,NULL,NULL),
(570,0,6,2020,19,0,21,20,1,NULL,NULL,NULL),
(571,0,7,2020,19,0,16,13,3,NULL,NULL,NULL),
(572,0,8,2020,19,0,5,5,0,NULL,NULL,NULL),
(573,0,26,2020,19,0,7,7,0,NULL,NULL,NULL),
(574,0,9,2020,19,0,391,333,58,NULL,NULL,NULL),
(575,0,10,2020,19,0,39,31,8,NULL,NULL,NULL),
(576,0,27,2020,19,0,2,2,0,NULL,NULL,NULL),
(577,0,28,2020,19,0,122,104,18,NULL,NULL,NULL),
(578,0,11,2020,19,0,18,17,1,NULL,NULL,NULL),
(579,0,12,2020,19,0,19,16,3,NULL,NULL,NULL),
(580,0,29,2020,19,0,19,19,0,NULL,NULL,NULL),
(581,0,13,2020,19,0,15,14,1,NULL,NULL,NULL),
(582,0,14,2020,19,0,2,2,0,NULL,NULL,NULL),
(583,0,15,2020,19,0,32,31,1,NULL,NULL,NULL),
(584,0,16,2020,19,0,5,5,0,NULL,NULL,NULL),
(585,0,17,2020,19,0,36,34,2,NULL,NULL,NULL),
(586,0,30,2020,19,0,25,22,3,NULL,NULL,NULL),
(587,0,18,2020,19,0,39,38,1,NULL,NULL,NULL),
(588,0,31,2020,19,0,8,6,2,NULL,NULL,NULL),
(589,0,19,2020,19,0,16,12,4,NULL,NULL,NULL),
(590,0,20,2020,19,0,29,29,0,NULL,NULL,NULL),
(591,0,32,2020,19,0,3,3,0,NULL,NULL,NULL),
(592,0,33,2020,20,0,5,5,0,NULL,NULL,NULL),
(593,0,1,2020,20,0,15,15,0,NULL,NULL,NULL),
(594,0,21,2020,20,0,10,7,3,NULL,NULL,NULL),
(595,0,34,2020,20,0,21,20,1,NULL,NULL,NULL),
(596,0,22,2020,20,0,14,14,0,NULL,NULL,NULL),
(597,0,36,2020,20,0,5,5,0,NULL,NULL,NULL),
(598,0,2,2020,20,0,3,3,0,NULL,NULL,NULL),
(599,0,3,2020,20,0,79,62,17,NULL,NULL,NULL),
(600,0,23,2020,20,0,27,22,5,NULL,NULL,NULL),
(601,0,24,2020,20,0,108,99,9,NULL,NULL,NULL),
(602,0,4,2020,20,0,29,27,2,NULL,NULL,NULL),
(603,0,25,2020,20,0,5,5,0,NULL,NULL,NULL),
(604,0,5,2020,20,0,72,69,3,NULL,NULL,NULL),
(605,0,6,2020,20,0,10,7,3,NULL,NULL,NULL),
(606,0,7,2020,20,0,11,11,0,NULL,NULL,NULL),
(607,0,8,2020,20,0,14,12,2,NULL,NULL,NULL),
(608,0,26,2020,20,0,3,2,1,NULL,NULL,NULL),
(609,0,9,2020,20,0,410,373,37,NULL,NULL,NULL),
(610,0,10,2020,20,0,16,16,0,NULL,NULL,NULL),
(611,0,27,2020,20,0,7,7,0,NULL,NULL,NULL),
(612,0,28,2020,20,0,143,126,17,NULL,NULL,NULL),
(613,0,11,2020,20,0,19,19,0,NULL,NULL,NULL),
(614,0,40,2020,20,0,1,1,0,NULL,NULL,NULL),
(615,0,12,2020,20,0,21,19,2,NULL,NULL,NULL),
(616,0,29,2020,20,0,4,3,1,NULL,NULL,NULL),
(617,0,13,2020,20,0,14,13,1,NULL,NULL,NULL),
(618,0,15,2020,20,0,48,44,4,NULL,NULL,NULL),
(619,0,16,2020,20,0,30,24,6,NULL,NULL,NULL),
(620,0,17,2020,20,0,34,29,5,NULL,NULL,NULL),
(621,0,30,2020,20,0,14,12,2,NULL,NULL,NULL),
(622,0,18,2020,20,0,56,53,3,NULL,NULL,NULL),
(623,0,31,2020,20,0,5,5,0,NULL,NULL,NULL),
(624,0,19,2020,20,0,14,11,3,NULL,NULL,NULL),
(625,0,20,2020,20,0,16,14,2,NULL,NULL,NULL),
(626,0,32,2020,20,0,6,4,2,NULL,NULL,NULL),
(627,0,33,2020,21,0,10,10,0,NULL,NULL,NULL),
(628,0,1,2020,21,0,33,31,2,NULL,NULL,NULL),
(629,0,21,2020,21,0,6,5,1,NULL,NULL,NULL),
(630,0,34,2020,21,0,29,28,1,NULL,NULL,NULL),
(631,0,22,2020,21,0,54,51,3,NULL,NULL,NULL),
(632,0,36,2020,21,0,4,4,0,NULL,NULL,NULL),
(633,0,2,2020,21,0,3,3,0,NULL,NULL,NULL),
(634,0,3,2020,21,0,91,79,12,NULL,NULL,NULL),
(635,0,23,2020,21,0,35,33,2,NULL,NULL,NULL),
(636,0,24,2020,21,0,64,54,10,NULL,NULL,NULL),
(637,0,4,2020,21,0,17,13,4,NULL,NULL,NULL),
(638,0,25,2020,21,0,44,44,0,NULL,NULL,NULL),
(639,0,5,2020,21,0,96,90,6,NULL,NULL,NULL),
(640,0,6,2020,21,0,18,17,1,NULL,NULL,NULL),
(641,0,7,2020,21,0,11,9,2,NULL,NULL,NULL),
(642,0,8,2020,21,0,5,4,1,NULL,NULL,NULL),
(643,0,26,2020,21,0,12,11,1,NULL,NULL,NULL),
(644,0,9,2020,21,0,424,383,41,NULL,NULL,NULL),
(645,0,10,2020,21,0,17,14,3,NULL,NULL,NULL),
(646,0,27,2020,21,0,2,2,0,NULL,NULL,NULL),
(647,0,28,2020,21,0,119,95,24,NULL,NULL,NULL),
(648,0,11,2020,21,0,8,8,0,NULL,NULL,NULL),
(649,0,12,2020,21,0,31,23,8,NULL,NULL,NULL),
(650,0,29,2020,21,0,11,9,2,NULL,NULL,NULL),
(651,0,13,2020,21,0,28,22,6,NULL,NULL,NULL),
(652,0,14,2020,21,0,4,4,0,NULL,NULL,NULL),
(653,0,15,2020,21,0,38,37,1,NULL,NULL,NULL),
(654,0,16,2020,21,0,21,14,7,NULL,NULL,NULL),
(655,0,17,2020,21,0,51,50,1,NULL,NULL,NULL),
(656,0,30,2020,21,0,17,13,4,NULL,NULL,NULL),
(657,0,18,2020,21,0,28,24,4,NULL,NULL,NULL),
(658,0,31,2020,21,0,10,6,4,NULL,NULL,NULL),
(659,0,19,2020,21,0,51,49,2,NULL,NULL,NULL),
(660,0,20,2020,21,0,7,6,1,NULL,NULL,NULL),
(661,0,32,2020,21,0,18,17,1,NULL,NULL,NULL),
(662,0,33,2020,22,0,5,4,1,NULL,NULL,NULL),
(663,0,1,2020,22,0,32,32,0,NULL,NULL,NULL),
(664,0,21,2020,22,0,11,8,3,NULL,NULL,NULL),
(665,0,34,2020,22,0,81,72,9,NULL,NULL,NULL),
(666,0,22,2020,22,0,55,52,3,NULL,NULL,NULL),
(667,0,36,2020,22,0,10,8,2,NULL,NULL,NULL),
(668,0,2,2020,22,0,19,18,1,NULL,NULL,NULL),
(669,0,3,2020,22,0,74,68,6,NULL,NULL,NULL),
(670,0,23,2020,22,0,23,17,6,NULL,NULL,NULL),
(671,0,38,2020,22,0,1,1,0,NULL,NULL,NULL),
(672,0,24,2020,22,0,52,45,7,NULL,NULL,NULL),
(673,0,4,2020,22,0,48,46,2,NULL,NULL,NULL),
(674,0,25,2020,22,0,22,19,3,NULL,NULL,NULL),
(675,0,5,2020,22,0,69,65,4,NULL,NULL,NULL),
(676,0,6,2020,22,0,15,13,2,NULL,NULL,NULL),
(677,0,7,2020,22,0,9,7,2,NULL,NULL,NULL),
(678,0,8,2020,22,0,4,4,0,NULL,NULL,NULL),
(679,0,26,2020,22,0,8,8,0,NULL,NULL,NULL),
(680,0,9,2020,22,0,248,223,25,NULL,NULL,NULL),
(681,0,10,2020,22,0,17,14,3,NULL,NULL,NULL),
(682,0,27,2020,22,0,24,20,4,NULL,NULL,NULL),
(683,0,28,2020,22,0,107,90,17,NULL,NULL,NULL),
(684,0,11,2020,22,0,45,44,1,NULL,NULL,NULL),
(685,0,12,2020,22,0,49,39,10,NULL,NULL,NULL),
(686,0,29,2020,22,0,20,17,3,NULL,NULL,NULL),
(687,0,13,2020,22,0,5,3,2,NULL,NULL,NULL),
(688,0,14,2020,22,0,8,8,0,NULL,NULL,NULL),
(689,0,15,2020,22,0,46,45,1,NULL,NULL,NULL),
(690,0,16,2020,22,0,11,10,1,NULL,NULL,NULL),
(691,0,17,2020,22,0,46,39,7,NULL,NULL,NULL),
(692,0,30,2020,22,0,42,38,4,NULL,NULL,NULL),
(693,0,18,2020,22,0,19,17,2,NULL,NULL,NULL),
(694,0,31,2020,22,0,6,5,1,NULL,NULL,NULL),
(695,0,19,2020,22,0,9,6,3,NULL,NULL,NULL),
(696,0,20,2020,22,0,8,7,1,NULL,NULL,NULL),
(697,0,32,2020,22,0,36,36,0,NULL,NULL,NULL),
(698,0,33,2020,23,0,16,16,0,NULL,NULL,NULL),
(699,0,1,2020,23,0,15,13,2,NULL,NULL,NULL),
(700,0,21,2020,23,0,14,12,2,NULL,NULL,NULL),
(701,0,34,2020,23,0,10,6,4,NULL,NULL,NULL),
(702,0,22,2020,23,0,14,11,3,NULL,NULL,NULL),
(703,0,36,2020,23,0,10,9,1,NULL,NULL,NULL),
(704,0,2,2020,23,0,10,10,0,NULL,NULL,NULL),
(705,0,3,2020,23,0,67,57,10,NULL,NULL,NULL),
(706,0,23,2020,23,0,20,17,3,NULL,NULL,NULL),
(707,0,24,2020,23,0,28,18,10,NULL,NULL,NULL),
(708,0,4,2020,23,0,33,30,3,NULL,NULL,NULL),
(709,0,25,2020,23,0,26,24,2,NULL,NULL,NULL),
(710,0,5,2020,23,0,63,60,3,NULL,NULL,NULL),
(711,0,6,2020,23,0,14,10,4,NULL,NULL,NULL),
(712,0,7,2020,23,0,14,13,1,NULL,NULL,NULL),
(713,0,8,2020,23,0,15,13,2,NULL,NULL,NULL),
(714,0,26,2020,23,0,9,9,0,NULL,NULL,NULL),
(715,0,9,2020,23,0,253,222,31,NULL,NULL,NULL),
(716,0,10,2020,23,0,29,25,4,NULL,NULL,NULL),
(717,0,27,2020,23,0,5,5,0,NULL,NULL,NULL),
(718,0,28,2020,23,0,102,80,22,NULL,NULL,NULL),
(719,0,11,2020,23,0,20,19,1,NULL,NULL,NULL),
(720,0,12,2020,23,0,35,25,10,NULL,NULL,NULL),
(721,0,29,2020,23,0,17,14,3,NULL,NULL,NULL),
(722,0,13,2020,23,0,7,6,1,NULL,NULL,NULL),
(723,0,14,2020,23,0,3,3,0,NULL,NULL,NULL),
(724,0,15,2020,23,0,29,27,2,NULL,NULL,NULL),
(725,0,16,2020,23,0,37,31,6,NULL,NULL,NULL),
(726,0,17,2020,23,0,101,100,1,NULL,NULL,NULL),
(727,0,30,2020,23,0,35,33,2,NULL,NULL,NULL),
(728,0,18,2020,23,0,35,32,3,NULL,NULL,NULL),
(729,0,31,2020,23,0,35,34,1,NULL,NULL,NULL),
(730,0,19,2020,23,0,15,14,1,NULL,NULL,NULL),
(731,0,20,2020,23,0,9,9,0,NULL,NULL,NULL),
(732,0,32,2020,23,0,40,40,0,NULL,NULL,NULL),
(733,0,33,2020,24,0,16,15,1,NULL,NULL,NULL),
(734,0,1,2020,24,0,28,25,3,NULL,NULL,NULL),
(735,0,21,2020,24,0,4,2,2,NULL,NULL,NULL),
(736,0,34,2020,24,0,80,79,1,NULL,NULL,NULL),
(737,0,22,2020,24,0,35,34,1,NULL,NULL,NULL),
(738,0,36,2020,24,0,16,14,2,NULL,NULL,NULL),
(739,0,2,2020,24,0,16,16,0,NULL,NULL,NULL),
(740,0,3,2020,24,0,103,95,8,NULL,NULL,NULL),
(741,0,23,2020,24,0,17,15,2,NULL,NULL,NULL),
(742,0,24,2020,24,0,26,21,5,NULL,NULL,NULL),
(743,0,4,2020,24,0,63,56,7,NULL,NULL,NULL),
(744,0,25,2020,24,0,38,37,1,NULL,NULL,NULL),
(745,0,5,2020,24,0,64,58,6,NULL,NULL,NULL),
(746,0,6,2020,24,0,40,34,6,NULL,NULL,NULL),
(747,0,7,2020,24,0,17,15,2,NULL,NULL,NULL),
(748,0,8,2020,24,0,7,7,0,NULL,NULL,NULL),
(749,0,26,2020,24,0,7,7,0,NULL,NULL,NULL),
(750,0,9,2020,24,0,188,153,35,NULL,NULL,NULL),
(751,0,10,2020,24,0,80,76,4,NULL,NULL,NULL),
(752,0,27,2020,24,0,3,2,1,NULL,NULL,NULL),
(753,0,28,2020,24,0,104,86,18,NULL,NULL,NULL),
(754,0,11,2020,24,0,47,45,2,NULL,NULL,NULL),
(755,0,40,2020,24,0,1,1,0,NULL,NULL,NULL),
(756,0,12,2020,24,0,72,57,15,NULL,NULL,NULL),
(757,0,29,2020,24,0,5,4,1,NULL,NULL,NULL),
(758,0,13,2020,24,0,44,40,4,NULL,NULL,NULL),
(759,0,14,2020,24,0,14,13,1,NULL,NULL,NULL),
(760,0,15,2020,24,0,61,59,2,NULL,NULL,NULL),
(761,0,16,2020,24,0,20,15,5,NULL,NULL,NULL),
(762,0,17,2020,24,0,153,148,5,NULL,NULL,NULL),
(763,0,30,2020,24,0,88,86,2,NULL,NULL,NULL),
(764,0,18,2020,24,0,87,80,7,NULL,NULL,NULL),
(765,0,31,2020,24,0,53,51,2,NULL,NULL,NULL),
(766,0,19,2020,24,0,17,17,0,NULL,NULL,NULL),
(767,0,20,2020,24,0,11,10,1,NULL,NULL,NULL),
(768,0,32,2020,24,0,106,101,5,NULL,NULL,NULL),
(769,0,33,2020,25,0,32,29,3,NULL,NULL,NULL),
(770,0,1,2020,25,0,30,29,1,NULL,NULL,NULL),
(771,0,21,2020,25,0,76,74,2,NULL,NULL,NULL),
(772,0,34,2020,25,0,18,18,0,NULL,NULL,NULL),
(773,0,22,2020,25,0,147,145,2,NULL,NULL,NULL),
(774,0,36,2020,25,0,26,19,7,NULL,NULL,NULL),
(775,0,2,2020,25,0,19,19,0,NULL,NULL,NULL),
(776,0,3,2020,25,0,53,41,12,NULL,NULL,NULL),
(777,0,23,2020,25,0,18,14,4,NULL,NULL,NULL),
(778,0,24,2020,25,0,25,19,6,NULL,NULL,NULL),
(779,0,4,2020,25,0,37,31,6,NULL,NULL,NULL),
(780,0,25,2020,25,0,71,70,1,NULL,NULL,NULL),
(781,0,5,2020,25,0,71,65,6,NULL,NULL,NULL),
(782,0,6,2020,25,0,32,27,5,NULL,NULL,NULL),
(783,0,7,2020,25,0,25,25,0,NULL,NULL,NULL),
(784,0,8,2020,25,0,20,16,4,NULL,NULL,NULL),
(785,0,26,2020,25,0,9,9,0,NULL,NULL,NULL),
(786,0,9,2020,25,0,150,132,18,NULL,NULL,NULL),
(787,0,10,2020,25,0,68,59,9,NULL,NULL,NULL),
(788,0,27,2020,25,0,11,8,3,NULL,NULL,NULL),
(789,0,28,2020,25,0,100,85,15,NULL,NULL,NULL),
(790,0,11,2020,25,0,56,53,3,NULL,NULL,NULL),
(791,0,12,2020,25,0,39,37,2,NULL,NULL,NULL),
(792,0,29,2020,25,0,27,24,3,NULL,NULL,NULL),
(793,0,13,2020,25,0,69,63,6,NULL,NULL,NULL),
(794,0,14,2020,25,0,8,8,0,NULL,NULL,NULL),
(795,0,15,2020,25,0,70,69,1,NULL,NULL,NULL),
(796,0,16,2020,25,0,52,42,10,NULL,NULL,NULL),
(797,0,17,2020,25,0,113,112,1,NULL,NULL,NULL),
(798,0,30,2020,25,0,81,77,4,NULL,NULL,NULL),
(799,0,18,2020,25,0,44,37,7,NULL,NULL,NULL),
(800,0,35,2020,25,0,1,1,0,NULL,NULL,NULL),
(801,0,31,2020,25,0,28,23,5,NULL,NULL,NULL),
(802,0,19,2020,25,0,31,31,0,NULL,NULL,NULL),
(803,0,20,2020,25,0,10,8,2,NULL,NULL,NULL),
(804,0,32,2020,25,0,79,78,1,NULL,NULL,NULL),
(805,0,33,2020,26,0,22,21,1,NULL,NULL,NULL),
(806,0,1,2020,26,0,33,31,2,NULL,NULL,NULL),
(807,0,21,2020,26,0,93,90,3,NULL,NULL,NULL),
(808,0,34,2020,26,0,21,20,1,NULL,NULL,NULL),
(809,0,22,2020,26,0,198,195,3,NULL,NULL,NULL),
(810,0,36,2020,26,0,20,16,4,NULL,NULL,NULL),
(811,0,2,2020,26,0,28,28,0,NULL,NULL,NULL),
(812,0,3,2020,26,0,120,116,4,NULL,NULL,NULL),
(813,0,23,2020,26,0,25,18,7,NULL,NULL,NULL),
(814,0,38,2020,26,0,1,1,0,NULL,NULL,NULL),
(815,0,24,2020,26,0,35,29,6,NULL,NULL,NULL),
(816,0,4,2020,26,0,48,48,0,NULL,NULL,NULL),
(817,0,25,2020,26,0,109,108,1,NULL,NULL,NULL),
(818,0,5,2020,26,0,135,131,4,NULL,NULL,NULL),
(819,0,6,2020,26,0,19,18,1,NULL,NULL,NULL),
(820,0,7,2020,26,0,16,15,1,NULL,NULL,NULL),
(821,0,8,2020,26,0,26,22,4,NULL,NULL,NULL),
(822,0,26,2020,26,0,19,19,0,NULL,NULL,NULL),
(823,0,9,2020,26,0,176,154,22,NULL,NULL,NULL),
(824,0,10,2020,26,0,72,63,9,NULL,NULL,NULL),
(825,0,27,2020,26,0,13,12,1,NULL,NULL,NULL),
(826,0,28,2020,26,0,84,78,6,NULL,NULL,NULL),
(827,0,11,2020,26,0,56,56,0,NULL,NULL,NULL),
(828,0,12,2020,26,0,45,38,7,NULL,NULL,NULL),
(829,0,29,2020,26,0,21,21,0,NULL,NULL,NULL),
(830,0,13,2020,26,0,25,23,2,NULL,NULL,NULL),
(831,0,14,2020,26,0,32,32,0,NULL,NULL,NULL),
(832,0,15,2020,26,0,27,25,2,NULL,NULL,NULL),
(833,0,16,2020,26,0,50,48,2,NULL,NULL,NULL),
(834,0,17,2020,26,0,74,68,6,NULL,NULL,NULL),
(835,0,30,2020,26,0,85,82,3,NULL,NULL,NULL),
(836,0,18,2020,26,0,46,39,7,NULL,NULL,NULL),
(837,0,35,2020,26,0,1,1,0,NULL,NULL,NULL),
(838,0,31,2020,26,0,43,38,5,NULL,NULL,NULL),
(839,0,19,2020,26,0,17,13,4,NULL,NULL,NULL),
(840,0,20,2020,26,0,8,6,2,NULL,NULL,NULL),
(841,0,32,2020,26,0,29,26,3,NULL,NULL,NULL),
(842,0,33,2020,27,0,25,25,0,NULL,NULL,NULL),
(843,0,1,2020,27,0,79,73,6,NULL,NULL,NULL),
(844,0,21,2020,27,0,13,9,4,NULL,NULL,NULL),
(845,0,34,2020,27,0,75,73,2,NULL,NULL,NULL),
(846,0,22,2020,27,0,71,67,4,NULL,NULL,NULL),
(847,0,36,2020,27,0,22,17,5,NULL,NULL,NULL),
(848,0,2,2020,27,0,33,30,3,NULL,NULL,NULL),
(849,0,3,2020,27,0,88,83,5,NULL,NULL,NULL),
(850,0,23,2020,27,0,12,11,1,NULL,NULL,NULL),
(851,0,24,2020,27,0,34,32,2,NULL,NULL,NULL),
(852,0,4,2020,27,0,25,21,4,NULL,NULL,NULL),
(853,0,25,2020,27,0,91,88,3,NULL,NULL,NULL),
(854,0,5,2020,27,0,180,175,5,NULL,NULL,NULL),
(855,0,6,2020,27,0,22,21,1,NULL,NULL,NULL),
(856,0,7,2020,27,0,19,18,1,NULL,NULL,NULL),
(857,0,8,2020,27,0,40,37,3,NULL,NULL,NULL),
(858,0,26,2020,27,0,8,8,0,NULL,NULL,NULL),
(859,0,9,2020,27,0,150,131,19,NULL,NULL,NULL),
(860,0,10,2020,27,0,71,65,6,NULL,NULL,NULL),
(861,0,27,2020,27,0,30,27,3,NULL,NULL,NULL),
(862,0,28,2020,27,0,128,121,7,NULL,NULL,NULL),
(863,0,11,2020,27,0,105,103,2,NULL,NULL,NULL),
(864,0,12,2020,27,0,41,29,12,NULL,NULL,NULL),
(865,0,29,2020,27,0,31,29,2,NULL,NULL,NULL),
(866,0,13,2020,27,0,76,67,9,NULL,NULL,NULL),
(867,0,14,2020,27,0,28,28,0,NULL,NULL,NULL),
(868,0,15,2020,27,0,47,46,1,NULL,NULL,NULL),
(869,0,16,2020,27,0,29,23,6,NULL,NULL,NULL),
(870,0,17,2020,27,0,58,54,4,NULL,NULL,NULL),
(871,0,30,2020,27,0,12,10,2,NULL,NULL,NULL),
(872,0,18,2020,27,0,27,25,2,NULL,NULL,NULL),
(873,0,31,2020,27,0,95,82,13,NULL,NULL,NULL),
(874,0,19,2020,27,0,48,46,2,NULL,NULL,NULL),
(875,0,20,2020,27,0,20,16,4,NULL,NULL,NULL),
(876,0,32,2020,27,0,155,147,8,NULL,NULL,NULL),
(877,0,33,2020,28,0,21,15,6,NULL,NULL,NULL),
(878,0,1,2020,28,0,46,43,3,NULL,NULL,NULL),
(879,0,21,2020,28,0,80,76,4,NULL,NULL,NULL),
(880,0,34,2020,28,0,110,103,7,NULL,NULL,NULL),
(881,0,22,2020,28,0,45,42,3,NULL,NULL,NULL),
(882,0,36,2020,28,0,29,24,5,NULL,NULL,NULL),
(883,0,2,2020,28,0,48,44,4,NULL,NULL,NULL),
(884,0,3,2020,28,0,58,55,3,NULL,NULL,NULL),
(885,0,23,2020,28,0,35,33,2,NULL,NULL,NULL),
(886,0,24,2020,28,0,178,173,5,NULL,NULL,NULL),
(887,0,4,2020,28,0,69,58,11,NULL,NULL,NULL),
(888,0,25,2020,28,0,203,198,5,NULL,NULL,NULL),
(889,0,5,2020,28,0,137,133,4,NULL,NULL,NULL),
(890,0,6,2020,28,0,48,44,4,NULL,NULL,NULL),
(891,0,7,2020,28,0,22,21,1,NULL,NULL,NULL),
(892,0,8,2020,28,0,20,17,3,NULL,NULL,NULL),
(893,0,26,2020,28,0,44,44,0,NULL,NULL,NULL),
(894,0,9,2020,28,0,148,125,23,NULL,NULL,NULL),
(895,0,10,2020,28,0,69,63,6,NULL,NULL,NULL),
(896,0,27,2020,28,0,26,21,5,NULL,NULL,NULL),
(897,0,28,2020,28,0,120,115,5,NULL,NULL,NULL),
(898,0,11,2020,28,0,100,97,3,NULL,NULL,NULL),
(899,0,12,2020,28,0,63,55,8,NULL,NULL,NULL),
(900,0,29,2020,28,0,47,41,6,NULL,NULL,NULL),
(901,0,13,2020,28,0,56,50,6,NULL,NULL,NULL),
(902,0,14,2020,28,0,18,18,0,NULL,NULL,NULL),
(903,0,15,2020,28,0,29,29,0,NULL,NULL,NULL),
(904,0,16,2020,28,0,66,64,2,NULL,NULL,NULL),
(905,0,17,2020,28,0,118,116,2,NULL,NULL,NULL),
(906,0,30,2020,28,0,65,64,1,NULL,NULL,NULL),
(907,0,18,2020,28,0,90,82,8,NULL,NULL,NULL),
(908,0,31,2020,28,0,90,84,6,NULL,NULL,NULL),
(909,0,19,2020,28,0,69,66,3,NULL,NULL,NULL),
(910,0,20,2020,28,0,9,7,2,NULL,NULL,NULL),
(911,0,32,2020,28,0,99,87,12,NULL,NULL,NULL),
(912,0,33,2020,29,0,36,32,4,NULL,NULL,NULL),
(913,0,1,2020,29,0,62,53,9,NULL,NULL,NULL),
(914,0,21,2020,29,0,59,58,1,NULL,NULL,NULL),
(915,0,34,2020,29,0,143,142,1,NULL,NULL,NULL),
(916,0,22,2020,29,0,77,75,2,NULL,NULL,NULL),
(917,0,36,2020,29,0,28,18,10,NULL,NULL,NULL),
(918,0,2,2020,29,0,35,33,2,NULL,NULL,NULL),
(919,0,3,2020,29,0,52,49,3,NULL,NULL,NULL),
(920,0,23,2020,29,0,30,24,6,NULL,NULL,NULL),
(921,0,38,2020,29,0,2,2,0,NULL,NULL,NULL),
(922,0,24,2020,29,0,51,48,3,NULL,NULL,NULL),
(923,0,4,2020,29,0,61,57,4,NULL,NULL,NULL),
(924,0,25,2020,29,0,220,215,5,NULL,NULL,NULL),
(925,0,5,2020,29,0,101,98,3,NULL,NULL,NULL),
(926,0,6,2020,29,0,153,150,3,NULL,NULL,NULL),
(927,0,7,2020,29,0,21,21,0,NULL,NULL,NULL),
(928,0,8,2020,29,0,46,46,0,NULL,NULL,NULL),
(929,0,26,2020,29,0,20,19,1,NULL,NULL,NULL),
(930,0,9,2020,29,0,159,130,29,NULL,NULL,NULL),
(931,0,10,2020,29,0,79,72,7,NULL,NULL,NULL),
(932,0,27,2020,29,0,37,34,3,NULL,NULL,NULL),
(933,0,42,2020,29,0,1,1,0,NULL,NULL,NULL),
(934,0,28,2020,29,0,154,145,9,NULL,NULL,NULL),
(935,0,11,2020,29,0,105,103,2,NULL,NULL,NULL),
(936,0,12,2020,29,0,68,60,8,NULL,NULL,NULL),
(937,0,29,2020,29,0,32,28,4,NULL,NULL,NULL),
(938,0,13,2020,29,0,54,50,4,NULL,NULL,NULL),
(939,0,14,2020,29,0,31,31,0,NULL,NULL,NULL),
(940,0,15,2020,29,0,50,50,0,NULL,NULL,NULL),
(941,0,16,2020,29,0,165,161,4,NULL,NULL,NULL),
(942,0,17,2020,29,0,116,109,7,NULL,NULL,NULL),
(943,0,43,2020,29,0,1,1,0,NULL,NULL,NULL),
(944,0,30,2020,29,0,61,58,3,NULL,NULL,NULL),
(945,0,18,2020,29,0,97,90,7,NULL,NULL,NULL),
(946,0,31,2020,29,0,92,85,7,NULL,NULL,NULL),
(947,0,19,2020,29,0,78,75,3,NULL,NULL,NULL),
(948,0,20,2020,29,0,10,9,1,NULL,NULL,NULL),
(949,0,32,2020,29,0,148,136,12,NULL,NULL,NULL),
(950,0,33,2020,30,0,44,40,4,NULL,NULL,NULL),
(951,0,1,2020,30,0,85,80,5,NULL,NULL,NULL),
(952,0,21,2020,30,0,88,83,5,NULL,NULL,NULL),
(953,0,34,2020,30,0,59,57,2,NULL,NULL,NULL),
(954,0,22,2020,30,0,76,71,5,NULL,NULL,NULL),
(955,0,36,2020,30,0,181,176,5,NULL,NULL,NULL),
(956,0,2,2020,30,0,352,349,3,NULL,NULL,NULL),
(957,0,3,2020,30,0,58,55,3,NULL,NULL,NULL),
(958,0,23,2020,30,0,33,29,4,NULL,NULL,NULL),
(959,0,24,2020,30,0,149,145,4,NULL,NULL,NULL),
(960,0,4,2020,30,0,57,53,4,NULL,NULL,NULL),
(961,0,25,2020,30,0,235,225,10,NULL,NULL,NULL),
(962,0,5,2020,30,0,82,79,3,NULL,NULL,NULL),
(963,0,6,2020,30,0,296,290,6,NULL,NULL,NULL),
(964,0,7,2020,30,0,31,30,1,NULL,NULL,NULL),
(965,0,8,2020,30,0,45,43,2,NULL,NULL,NULL),
(966,0,26,2020,30,0,41,41,0,NULL,NULL,NULL),
(967,0,9,2020,30,0,182,154,28,NULL,NULL,NULL),
(968,0,10,2020,30,0,92,82,10,NULL,NULL,NULL),
(969,0,27,2020,30,0,116,114,2,NULL,NULL,NULL),
(970,0,28,2020,30,0,70,69,1,NULL,NULL,NULL),
(971,0,11,2020,30,0,134,127,7,NULL,NULL,NULL),
(972,0,12,2020,30,0,95,84,11,NULL,NULL,NULL),
(973,0,29,2020,30,0,62,59,3,NULL,NULL,NULL),
(974,0,13,2020,30,0,66,60,6,NULL,NULL,NULL),
(975,0,14,2020,30,0,33,31,2,NULL,NULL,NULL),
(976,0,15,2020,30,0,84,82,2,NULL,NULL,NULL),
(977,0,16,2020,30,0,173,167,6,NULL,NULL,NULL),
(978,0,17,2020,30,0,169,164,5,NULL,NULL,NULL),
(979,0,30,2020,30,0,107,106,1,NULL,NULL,NULL),
(980,0,18,2020,30,0,119,114,5,NULL,NULL,NULL),
(981,0,31,2020,30,0,136,129,7,NULL,NULL,NULL),
(982,0,19,2020,30,0,88,87,1,NULL,NULL,NULL),
(983,0,20,2020,30,0,56,55,1,NULL,NULL,NULL),
(984,0,32,2020,30,0,270,262,8,NULL,NULL,NULL),
(985,0,33,2020,31,0,40,37,3,NULL,NULL,NULL),
(986,0,1,2020,31,0,81,74,7,NULL,NULL,NULL),
(987,0,21,2020,31,0,139,137,2,NULL,NULL,NULL),
(988,0,34,2020,31,0,85,81,4,NULL,NULL,NULL),
(989,0,22,2020,31,0,38,38,0,NULL,NULL,NULL),
(990,0,36,2020,31,0,117,100,17,NULL,NULL,NULL),
(991,0,2,2020,31,0,206,204,2,NULL,NULL,NULL),
(992,0,3,2020,31,0,90,84,6,NULL,NULL,NULL),
(993,0,23,2020,31,0,14,12,2,NULL,NULL,NULL),
(994,0,24,2020,31,0,103,96,7,NULL,NULL,NULL),
(995,0,4,2020,31,0,84,74,10,NULL,NULL,NULL),
(996,0,25,2020,31,0,218,213,5,NULL,NULL,NULL),
(997,0,5,2020,31,0,208,203,5,NULL,NULL,NULL),
(998,0,6,2020,31,0,71,68,3,NULL,NULL,NULL),
(999,0,7,2020,31,0,19,19,0,NULL,NULL,NULL),
(1000,0,8,2020,31,0,44,41,3,NULL,NULL,NULL),
(1001,0,26,2020,31,0,27,27,0,NULL,NULL,NULL),
(1002,0,9,2020,31,0,193,158,35,NULL,NULL,NULL),
(1003,0,10,2020,31,0,144,138,6,NULL,NULL,NULL),
(1004,0,27,2020,31,0,43,38,5,NULL,NULL,NULL),
(1005,0,28,2020,31,0,124,112,12,NULL,NULL,NULL),
(1006,0,11,2020,31,0,161,153,8,NULL,NULL,NULL),
(1007,0,12,2020,31,0,112,100,12,NULL,NULL,NULL),
(1008,0,29,2020,31,0,90,89,1,NULL,NULL,NULL),
(1009,0,13,2020,31,0,88,80,8,NULL,NULL,NULL),
(1010,0,14,2020,31,0,44,43,1,NULL,NULL,NULL),
(1011,0,15,2020,31,0,89,78,11,NULL,NULL,NULL),
(1012,0,16,2020,31,0,45,42,3,NULL,NULL,NULL),
(1013,0,17,2020,31,0,168,165,3,NULL,NULL,NULL),
(1014,0,30,2020,31,0,52,46,6,NULL,NULL,NULL),
(1015,0,18,2020,31,0,112,106,6,NULL,NULL,NULL),
(1016,0,31,2020,31,0,198,191,7,NULL,NULL,NULL),
(1017,0,19,2020,31,0,117,115,2,NULL,NULL,NULL),
(1018,0,20,2020,31,0,91,90,1,NULL,NULL,NULL),
(1019,0,32,2020,31,0,282,259,23,NULL,NULL,NULL),
(1020,0,33,2020,32,0,62,53,9,NULL,NULL,NULL),
(1021,0,1,2020,32,0,77,74,3,NULL,NULL,NULL),
(1022,0,21,2020,32,0,69,64,5,NULL,NULL,NULL),
(1023,0,34,2020,32,0,76,76,0,NULL,NULL,NULL),
(1024,0,22,2020,32,0,16,11,5,NULL,NULL,NULL),
(1025,0,36,2020,32,0,58,51,7,NULL,NULL,NULL),
(1026,0,2,2020,32,0,155,148,7,NULL,NULL,NULL),
(1027,0,3,2020,32,0,73,70,3,NULL,NULL,NULL),
(1028,0,23,2020,32,0,34,25,9,NULL,NULL,NULL),
(1029,0,38,2020,32,0,1,1,0,NULL,NULL,NULL),
(1030,0,24,2020,32,0,61,59,2,NULL,NULL,NULL),
(1031,0,4,2020,32,0,78,69,9,NULL,NULL,NULL),
(1032,0,25,2020,32,0,98,94,4,NULL,NULL,NULL),
(1033,0,5,2020,32,0,136,133,3,NULL,NULL,NULL),
(1034,0,6,2020,32,0,91,89,2,NULL,NULL,NULL),
(1035,0,7,2020,32,0,23,23,0,NULL,NULL,NULL),
(1036,0,8,2020,32,0,42,39,3,NULL,NULL,NULL),
(1037,0,26,2020,32,0,21,20,1,NULL,NULL,NULL),
(1038,0,9,2020,32,0,184,153,31,NULL,NULL,NULL),
(1039,0,10,2020,32,0,103,92,11,NULL,NULL,NULL),
(1040,0,27,2020,32,0,54,49,5,NULL,NULL,NULL),
(1041,0,28,2020,32,0,87,76,11,NULL,NULL,NULL),
(1042,0,11,2020,32,0,113,106,7,NULL,NULL,NULL),
(1043,0,12,2020,32,0,59,49,10,NULL,NULL,NULL),
(1044,0,29,2020,32,0,48,48,0,NULL,NULL,NULL),
(1045,0,13,2020,32,0,99,92,7,NULL,NULL,NULL),
(1046,0,14,2020,32,0,45,43,2,NULL,NULL,NULL),
(1047,0,15,2020,32,0,33,30,3,NULL,NULL,NULL),
(1048,0,16,2020,32,0,22,16,6,NULL,NULL,NULL),
(1049,0,44,2020,32,0,1,1,0,NULL,NULL,NULL),
(1050,0,17,2020,32,0,128,122,6,NULL,NULL,NULL),
(1051,0,30,2020,32,0,42,34,8,NULL,NULL,NULL),
(1052,0,18,2020,32,0,86,77,9,NULL,NULL,NULL),
(1053,0,31,2020,32,0,141,134,7,NULL,NULL,NULL),
(1054,0,19,2020,32,0,96,88,8,NULL,NULL,NULL),
(1055,0,20,2020,32,0,29,25,4,NULL,NULL,NULL),
(1056,0,32,2020,32,0,180,167,13,NULL,NULL,NULL),
(1057,0,33,2020,33,0,72,61,11,NULL,NULL,NULL),
(1058,0,1,2020,33,0,48,45,3,NULL,NULL,NULL),
(1059,0,21,2020,33,0,52,46,6,NULL,NULL,NULL),
(1060,0,34,2020,33,0,77,75,2,NULL,NULL,NULL),
(1061,0,22,2020,33,0,82,73,9,NULL,NULL,NULL),
(1062,0,36,2020,33,0,60,56,4,NULL,NULL,NULL),
(1063,0,2,2020,33,0,68,62,6,NULL,NULL,NULL),
(1064,0,3,2020,33,0,48,45,3,NULL,NULL,NULL),
(1065,0,23,2020,33,0,27,20,7,NULL,NULL,NULL),
(1066,0,38,2020,33,0,1,1,0,NULL,NULL,NULL),
(1067,0,24,2020,33,0,83,78,5,NULL,NULL,NULL),
(1068,0,4,2020,33,0,78,68,10,NULL,NULL,NULL),
(1069,0,25,2020,33,0,159,149,10,NULL,NULL,NULL),
(1070,0,5,2020,33,0,135,129,6,NULL,NULL,NULL),
(1071,0,6,2020,33,0,97,90,7,NULL,NULL,NULL),
(1072,0,7,2020,33,0,19,17,2,NULL,NULL,NULL),
(1073,0,8,2020,33,0,38,33,5,NULL,NULL,NULL),
(1074,0,26,2020,33,0,19,18,1,NULL,NULL,NULL),
(1075,0,9,2020,33,0,1530,1495,35,NULL,NULL,NULL),
(1076,0,10,2020,33,0,119,99,20,NULL,NULL,NULL),
(1077,0,27,2020,33,0,57,48,9,NULL,NULL,NULL),
(1078,0,28,2020,33,0,144,134,10,NULL,NULL,NULL),
(1079,0,11,2020,33,0,178,173,5,NULL,NULL,NULL),
(1080,0,12,2020,33,0,76,64,12,NULL,NULL,NULL),
(1081,0,29,2020,33,0,94,91,3,NULL,NULL,NULL),
(1082,0,13,2020,33,0,102,96,6,NULL,NULL,NULL),
(1083,0,14,2020,33,0,50,48,2,NULL,NULL,NULL),
(1084,0,15,2020,33,0,50,50,0,NULL,NULL,NULL),
(1085,0,16,2020,33,0,48,38,10,NULL,NULL,NULL),
(1086,0,17,2020,33,0,127,118,9,NULL,NULL,NULL),
(1087,0,30,2020,33,0,80,70,10,NULL,NULL,NULL),
(1088,0,18,2020,33,0,78,71,7,NULL,NULL,NULL),
(1089,0,31,2020,33,0,167,146,21,NULL,NULL,NULL),
(1090,0,19,2020,33,0,41,38,3,NULL,NULL,NULL),
(1091,0,20,2020,33,0,44,39,5,NULL,NULL,NULL),
(1092,0,32,2020,33,0,206,195,11,NULL,NULL,NULL),
(1093,0,33,2020,34,0,68,56,12,NULL,NULL,NULL),
(1094,0,1,2020,34,0,104,93,11,NULL,NULL,NULL),
(1095,0,21,2020,34,0,99,96,3,NULL,NULL,NULL),
(1096,0,34,2020,34,0,79,74,5,NULL,NULL,NULL),
(1097,0,22,2020,34,0,134,129,5,NULL,NULL,NULL),
(1098,0,36,2020,34,0,84,70,14,NULL,NULL,NULL),
(1099,0,2,2020,34,0,53,52,1,NULL,NULL,NULL),
(1100,0,3,2020,34,0,64,55,9,NULL,NULL,NULL),
(1101,0,23,2020,34,0,38,37,1,NULL,NULL,NULL),
(1102,0,38,2020,34,0,1,1,0,NULL,NULL,NULL),
(1103,0,24,2020,34,0,149,138,11,NULL,NULL,NULL),
(1104,0,4,2020,34,0,99,86,13,NULL,NULL,NULL),
(1105,0,25,2020,34,0,179,167,12,NULL,NULL,NULL),
(1106,0,5,2020,34,0,271,254,17,NULL,NULL,NULL),
(1107,0,6,2020,34,0,110,104,6,NULL,NULL,NULL),
(1108,0,7,2020,34,0,50,42,8,NULL,NULL,NULL),
(1109,0,8,2020,34,0,47,39,8,NULL,NULL,NULL),
(1110,0,26,2020,34,0,27,26,1,NULL,NULL,NULL),
(1111,0,9,2020,34,0,364,315,49,NULL,NULL,NULL),
(1112,0,10,2020,34,0,139,123,16,NULL,NULL,NULL),
(1113,0,27,2020,34,0,53,48,5,NULL,NULL,NULL),
(1114,0,28,2020,34,0,140,124,16,NULL,NULL,NULL),
(1115,0,11,2020,34,0,189,179,10,NULL,NULL,NULL),
(1116,0,12,2020,34,0,111,93,18,NULL,NULL,NULL),
(1117,0,29,2020,34,0,86,81,5,NULL,NULL,NULL),
(1118,0,13,2020,34,0,358,337,21,NULL,NULL,NULL),
(1119,0,14,2020,34,0,47,43,4,NULL,NULL,NULL),
(1120,0,15,2020,34,0,15,15,0,NULL,NULL,NULL),
(1121,0,16,2020,34,0,74,61,13,NULL,NULL,NULL),
(1122,0,17,2020,34,0,123,115,8,NULL,NULL,NULL),
(1123,0,30,2020,34,0,136,129,7,NULL,NULL,NULL),
(1124,0,18,2020,34,0,143,134,9,NULL,NULL,NULL),
(1125,0,31,2020,34,0,288,254,34,NULL,NULL,NULL),
(1126,0,19,2020,34,0,167,161,6,NULL,NULL,NULL),
(1127,0,20,2020,34,0,80,76,4,NULL,NULL,NULL),
(1128,0,32,2020,34,0,245,232,13,NULL,NULL,NULL),
(1129,0,33,2020,35,0,109,96,13,NULL,NULL,NULL),
(1130,0,1,2020,35,0,125,115,10,NULL,NULL,NULL),
(1131,0,21,2020,35,0,168,163,5,NULL,NULL,NULL),
(1132,0,34,2020,35,0,186,175,11,NULL,NULL,NULL),
(1133,0,22,2020,35,0,29,25,4,NULL,NULL,NULL),
(1134,0,36,2020,35,0,85,71,14,NULL,NULL,NULL),
(1135,0,2,2020,35,0,95,88,7,NULL,NULL,NULL),
(1136,0,3,2020,35,0,160,149,11,NULL,NULL,NULL),
(1137,0,23,2020,35,0,32,30,2,NULL,NULL,NULL),
(1138,0,24,2020,35,0,193,179,14,NULL,NULL,NULL),
(1139,0,4,2020,35,0,94,86,8,NULL,NULL,NULL),
(1140,0,25,2020,35,0,431,425,6,NULL,NULL,NULL),
(1141,0,5,2020,35,0,380,366,14,NULL,NULL,NULL),
(1142,0,6,2020,35,0,106,91,15,NULL,NULL,NULL),
(1143,0,7,2020,35,0,70,60,10,NULL,NULL,NULL),
(1144,0,8,2020,35,0,90,76,14,NULL,NULL,NULL),
(1145,0,26,2020,35,0,37,37,0,NULL,NULL,NULL),
(1146,0,9,2020,35,0,450,389,61,NULL,NULL,NULL),
(1147,0,10,2020,35,0,152,135,17,NULL,NULL,NULL),
(1148,0,27,2020,35,0,77,72,5,NULL,NULL,NULL),
(1149,0,28,2020,35,0,176,161,15,NULL,NULL,NULL),
(1150,0,11,2020,35,0,424,409,15,NULL,NULL,NULL),
(1151,0,12,2020,35,0,102,80,22,NULL,NULL,NULL),
(1152,0,29,2020,35,0,176,171,5,NULL,NULL,NULL),
(1153,0,13,2020,35,0,149,139,10,NULL,NULL,NULL),
(1154,0,14,2020,35,0,83,75,8,NULL,NULL,NULL),
(1155,0,15,2020,35,0,58,58,0,NULL,NULL,NULL),
(1156,0,16,2020,35,0,80,68,12,NULL,NULL,NULL),
(1157,0,17,2020,35,0,355,323,32,NULL,NULL,NULL),
(1158,0,30,2020,35,0,137,122,15,NULL,NULL,NULL),
(1159,0,18,2020,35,0,146,137,9,NULL,NULL,NULL),
(1160,0,31,2020,35,0,278,267,11,NULL,NULL,NULL),
(1161,0,19,2020,35,0,240,231,9,NULL,NULL,NULL),
(1162,0,20,2020,35,0,115,114,1,NULL,NULL,NULL),
(1163,0,32,2020,35,0,115,85,30,NULL,NULL,NULL),
(1164,0,33,2020,36,0,126,119,7,NULL,NULL,NULL),
(1165,0,1,2020,36,0,545,518,27,NULL,NULL,NULL),
(1166,0,21,2020,36,0,218,206,12,NULL,NULL,NULL),
(1167,0,34,2020,36,0,222,213,9,NULL,NULL,NULL),
(1168,0,22,2020,36,0,334,330,4,NULL,NULL,NULL),
(1169,0,36,2020,36,0,191,181,10,NULL,NULL,NULL),
(1170,0,2,2020,36,0,186,180,6,NULL,NULL,NULL),
(1171,0,3,2020,36,0,125,107,18,NULL,NULL,NULL),
(1172,0,23,2020,36,0,47,37,10,NULL,NULL,NULL),
(1173,0,24,2020,36,0,173,157,16,NULL,NULL,NULL),
(1174,0,4,2020,36,0,85,78,7,NULL,NULL,NULL),
(1175,0,25,2020,36,0,359,357,2,NULL,NULL,NULL),
(1176,0,5,2020,36,0,313,305,8,NULL,NULL,NULL),
(1177,0,6,2020,36,0,132,125,7,NULL,NULL,NULL),
(1178,0,7,2020,36,0,142,134,8,NULL,NULL,NULL),
(1179,0,8,2020,36,0,128,117,11,NULL,NULL,NULL),
(1180,0,26,2020,36,0,136,134,2,NULL,NULL,NULL),
(1181,0,9,2020,36,0,1081,1021,60,NULL,NULL,NULL),
(1182,0,10,2020,36,0,170,142,28,NULL,NULL,NULL),
(1183,0,27,2020,36,0,244,240,4,NULL,NULL,NULL),
(1184,0,42,2020,36,0,1,1,0,NULL,NULL,NULL),
(1185,0,28,2020,36,0,183,168,15,NULL,NULL,NULL),
(1186,0,11,2020,36,0,555,536,19,NULL,NULL,NULL),
(1187,0,12,2020,36,0,132,99,33,NULL,NULL,NULL),
(1188,0,29,2020,36,0,100,96,4,NULL,NULL,NULL),
(1189,0,13,2020,36,0,224,201,23,NULL,NULL,NULL),
(1190,0,14,2020,36,0,163,148,15,NULL,NULL,NULL),
(1191,0,15,2020,36,0,137,133,4,NULL,NULL,NULL),
(1192,0,16,2020,36,0,71,53,18,NULL,NULL,NULL),
(1193,0,17,2020,36,0,202,179,23,NULL,NULL,NULL),
(1194,0,30,2020,36,0,166,149,17,NULL,NULL,NULL),
(1195,0,18,2020,36,0,191,177,14,NULL,NULL,NULL),
(1196,0,31,2020,36,0,294,282,12,NULL,NULL,NULL),
(1197,0,19,2020,36,0,346,331,15,NULL,NULL,NULL),
(1198,0,20,2020,36,0,86,84,2,NULL,NULL,NULL),
(1199,0,32,2020,36,0,82,69,13,NULL,NULL,NULL),
(1200,0,33,2020,37,0,154,151,3,NULL,NULL,NULL),
(1201,0,1,2020,37,0,734,705,29,NULL,NULL,NULL),
(1202,0,21,2020,37,0,255,249,6,NULL,NULL,NULL),
(1203,0,34,2020,37,0,317,306,11,NULL,NULL,NULL),
(1204,0,22,2020,37,0,214,208,6,NULL,NULL,NULL),
(1205,0,36,2020,37,0,134,119,15,NULL,NULL,NULL),
(1206,0,2,2020,37,0,274,265,9,NULL,NULL,NULL),
(1207,0,3,2020,37,0,204,197,7,NULL,NULL,NULL),
(1208,0,23,2020,37,0,72,63,9,NULL,NULL,NULL),
(1209,0,24,2020,37,0,270,252,18,NULL,NULL,NULL),
(1210,0,4,2020,37,0,169,152,17,NULL,NULL,NULL),
(1211,0,25,2020,37,0,321,314,7,NULL,NULL,NULL),
(1212,0,5,2020,37,0,366,352,14,NULL,NULL,NULL),
(1213,0,6,2020,37,0,125,114,11,NULL,NULL,NULL),
(1214,0,7,2020,37,0,147,140,7,NULL,NULL,NULL),
(1215,0,8,2020,37,0,287,275,12,NULL,NULL,NULL),
(1216,0,26,2020,37,0,84,82,2,NULL,NULL,NULL),
(1217,0,9,2020,37,0,823,758,65,NULL,NULL,NULL),
(1218,0,10,2020,37,0,237,192,45,NULL,NULL,NULL),
(1219,0,27,2020,37,0,86,81,5,NULL,NULL,NULL),
(1220,0,28,2020,37,0,183,153,30,NULL,NULL,NULL),
(1221,0,11,2020,37,0,515,494,21,NULL,NULL,NULL),
(1222,0,12,2020,37,0,137,102,35,NULL,NULL,NULL),
(1223,0,29,2020,37,0,183,178,5,NULL,NULL,NULL),
(1224,0,13,2020,37,0,167,155,12,NULL,NULL,NULL),
(1225,0,14,2020,37,0,205,195,10,NULL,NULL,NULL),
(1226,0,15,2020,37,0,153,146,7,NULL,NULL,NULL),
(1227,0,16,2020,37,0,49,33,16,NULL,NULL,NULL),
(1228,0,17,2020,37,0,156,129,27,NULL,NULL,NULL),
(1229,0,30,2020,37,0,177,161,16,NULL,NULL,NULL),
(1230,0,18,2020,37,0,262,240,22,NULL,NULL,NULL),
(1231,0,31,2020,37,0,840,822,18,NULL,NULL,NULL),
(1232,0,19,2020,37,0,357,347,10,NULL,NULL,NULL),
(1233,0,20,2020,37,0,93,91,2,NULL,NULL,NULL),
(1234,0,32,2020,37,0,402,383,19,NULL,NULL,NULL),
(1235,0,33,2020,38,0,150,143,7,NULL,NULL,NULL),
(1236,0,1,2020,38,0,864,830,34,NULL,NULL,NULL),
(1237,0,21,2020,38,0,224,218,6,NULL,NULL,NULL),
(1238,0,34,2020,38,0,241,231,10,NULL,NULL,NULL),
(1239,0,22,2020,38,0,122,121,1,NULL,NULL,NULL),
(1240,0,36,2020,38,0,84,67,17,NULL,NULL,NULL),
(1241,0,2,2020,38,0,349,337,12,NULL,NULL,NULL),
(1242,0,3,2020,38,0,197,181,16,NULL,NULL,NULL),
(1243,0,23,2020,38,0,57,51,6,NULL,NULL,NULL),
(1244,0,24,2020,38,0,235,224,11,NULL,NULL,NULL),
(1245,0,4,2020,38,0,141,124,17,NULL,NULL,NULL),
(1246,0,25,2020,38,0,485,469,16,NULL,NULL,NULL),
(1247,0,5,2020,38,0,319,305,14,NULL,NULL,NULL),
(1248,0,6,2020,38,0,124,113,11,NULL,NULL,NULL),
(1249,0,7,2020,38,0,109,108,1,NULL,NULL,NULL),
(1250,0,8,2020,38,0,223,216,7,NULL,NULL,NULL),
(1251,0,26,2020,38,0,52,52,0,NULL,NULL,NULL),
(1252,0,9,2020,38,0,597,532,65,NULL,NULL,NULL),
(1253,0,10,2020,38,0,260,222,38,NULL,NULL,NULL),
(1254,0,27,2020,38,0,42,41,1,NULL,NULL,NULL),
(1255,0,28,2020,38,0,317,287,30,NULL,NULL,NULL),
(1256,0,11,2020,38,0,463,452,11,NULL,NULL,NULL),
(1257,0,12,2020,38,0,144,114,30,NULL,NULL,NULL),
(1258,0,29,2020,38,0,129,121,8,NULL,NULL,NULL),
(1259,0,13,2020,38,0,230,218,12,NULL,NULL,NULL),
(1260,0,14,2020,38,0,307,295,12,NULL,NULL,NULL),
(1261,0,15,2020,38,0,147,144,3,NULL,NULL,NULL),
(1262,0,16,2020,38,0,121,99,22,NULL,NULL,NULL),
(1263,0,17,2020,38,0,211,193,18,NULL,NULL,NULL),
(1264,0,30,2020,38,0,278,253,25,NULL,NULL,NULL),
(1265,0,18,2020,38,0,156,147,9,NULL,NULL,NULL),
(1266,0,31,2020,38,0,438,425,13,NULL,NULL,NULL),
(1267,0,19,2020,38,0,242,235,7,NULL,NULL,NULL),
(1268,0,20,2020,38,0,72,69,3,NULL,NULL,NULL),
(1269,0,32,2020,38,0,198,187,11,NULL,NULL,NULL),
(1270,0,33,2020,39,0,132,128,4,NULL,NULL,NULL),
(1271,0,1,2020,39,0,530,500,30,NULL,NULL,NULL),
(1272,0,21,2020,39,0,309,299,10,NULL,NULL,NULL),
(1273,0,34,2020,39,0,289,274,15,NULL,NULL,NULL),
(1274,0,22,2020,39,0,142,140,2,NULL,NULL,NULL),
(1275,0,36,2020,39,0,103,91,12,NULL,NULL,NULL),
(1276,0,2,2020,39,0,481,469,12,NULL,NULL,NULL),
(1277,0,3,2020,39,0,210,197,13,NULL,NULL,NULL),
(1278,0,23,2020,39,0,60,50,10,NULL,NULL,NULL),
(1279,0,38,2020,39,0,1,1,0,NULL,NULL,NULL),
(1280,0,24,2020,39,0,359,341,18,NULL,NULL,NULL),
(1281,0,4,2020,39,0,502,486,16,NULL,NULL,NULL),
(1282,0,25,2020,39,0,381,366,15,NULL,NULL,NULL),
(1283,0,5,2020,39,0,358,341,17,NULL,NULL,NULL),
(1284,0,6,2020,39,0,189,173,16,NULL,NULL,NULL),
(1285,0,7,2020,39,0,111,97,14,NULL,NULL,NULL),
(1286,0,8,2020,39,0,97,89,8,NULL,NULL,NULL),
(1287,0,26,2020,39,0,303,303,0,NULL,NULL,NULL),
(1288,0,9,2020,39,0,601,521,80,NULL,NULL,NULL),
(1289,0,10,2020,39,0,231,181,50,NULL,NULL,NULL),
(1290,0,27,2020,39,0,81,67,14,NULL,NULL,NULL),
(1291,0,28,2020,39,0,243,221,22,NULL,NULL,NULL),
(1292,0,11,2020,39,0,493,475,18,NULL,NULL,NULL),
(1293,0,39,2020,39,0,1,1,0,NULL,NULL,NULL),
(1294,0,12,2020,39,0,138,110,28,NULL,NULL,NULL),
(1295,0,29,2020,39,0,126,121,5,NULL,NULL,NULL),
(1296,0,13,2020,39,0,341,318,23,NULL,NULL,NULL),
(1297,0,14,2020,39,0,348,342,6,NULL,NULL,NULL),
(1298,0,15,2020,39,0,189,186,3,NULL,NULL,NULL),
(1299,0,16,2020,39,0,167,129,38,NULL,NULL,NULL),
(1300,0,17,2020,39,0,336,318,18,NULL,NULL,NULL),
(1301,0,30,2020,39,0,277,256,21,NULL,NULL,NULL),
(1302,0,18,2020,39,0,205,174,31,NULL,NULL,NULL),
(1303,0,31,2020,39,0,247,236,11,NULL,NULL,NULL),
(1304,0,19,2020,39,0,130,123,7,NULL,NULL,NULL),
(1305,0,20,2020,39,0,219,212,7,NULL,NULL,NULL),
(1306,0,32,2020,39,0,1046,1035,11,NULL,NULL,NULL),
(1307,0,33,2020,40,0,143,129,14,NULL,NULL,NULL),
(1308,0,1,2020,40,0,535,510,25,NULL,NULL,NULL),
(1309,0,21,2020,40,0,182,171,11,NULL,NULL,NULL),
(1310,0,34,2020,40,0,562,545,17,NULL,NULL,NULL),
(1311,0,22,2020,40,0,52,48,4,NULL,NULL,NULL),
(1312,0,36,2020,40,0,71,56,15,NULL,NULL,NULL),
(1313,0,2,2020,40,0,322,319,3,NULL,NULL,NULL),
(1314,0,3,2020,40,0,152,138,14,NULL,NULL,NULL),
(1315,0,23,2020,40,0,45,39,6,NULL,NULL,NULL),
(1316,0,24,2020,40,0,293,283,10,NULL,NULL,NULL),
(1317,0,4,2020,40,0,235,217,18,NULL,NULL,NULL),
(1318,0,25,2020,40,0,483,460,23,NULL,NULL,NULL),
(1319,0,5,2020,40,0,236,217,19,NULL,NULL,NULL),
(1320,0,6,2020,40,0,283,264,19,NULL,NULL,NULL),
(1321,0,7,2020,40,0,76,64,12,NULL,NULL,NULL),
(1322,0,8,2020,40,0,126,114,12,NULL,NULL,NULL),
(1323,0,26,2020,40,0,51,50,1,NULL,NULL,NULL),
(1324,0,9,2020,40,0,516,438,78,NULL,NULL,NULL),
(1325,0,10,2020,40,0,214,176,38,NULL,NULL,NULL),
(1326,0,27,2020,40,0,136,120,16,NULL,NULL,NULL),
(1327,0,28,2020,40,0,232,211,21,NULL,NULL,NULL),
(1328,0,11,2020,40,0,514,489,25,NULL,NULL,NULL),
(1329,0,45,2020,40,0,1,1,0,NULL,NULL,NULL),
(1330,0,12,2020,40,0,136,115,21,NULL,NULL,NULL),
(1331,0,29,2020,40,0,122,119,3,NULL,NULL,NULL),
(1332,0,13,2020,40,0,307,294,13,NULL,NULL,NULL),
(1333,0,14,2020,40,0,126,116,10,NULL,NULL,NULL),
(1334,0,15,2020,40,0,129,126,3,NULL,NULL,NULL),
(1335,0,16,2020,40,0,119,88,31,NULL,NULL,NULL),
(1336,0,17,2020,40,0,230,205,25,NULL,NULL,NULL),
(1337,0,30,2020,40,0,410,387,23,NULL,NULL,NULL),
(1338,0,18,2020,40,0,174,156,18,NULL,NULL,NULL),
(1339,0,31,2020,40,0,195,184,11,NULL,NULL,NULL),
(1340,0,19,2020,40,0,159,152,7,NULL,NULL,NULL),
(1341,0,20,2020,40,0,77,68,9,NULL,NULL,NULL),
(1342,0,32,2020,40,0,110,107,3,NULL,NULL,NULL),
(1343,0,33,2020,41,0,152,145,7,NULL,NULL,NULL),
(1344,0,1,2020,41,0,135,121,14,NULL,NULL,NULL),
(1345,0,21,2020,41,0,137,135,2,NULL,NULL,NULL),
(1346,0,34,2020,41,0,198,187,11,NULL,NULL,NULL),
(1347,0,22,2020,41,0,19,15,4,NULL,NULL,NULL),
(1348,0,36,2020,41,0,67,52,15,NULL,NULL,NULL),
(1349,0,2,2020,41,0,156,153,3,NULL,NULL,NULL),
(1350,0,3,2020,41,0,113,96,17,NULL,NULL,NULL),
(1351,0,23,2020,41,0,36,27,9,NULL,NULL,NULL),
(1352,0,38,2020,41,0,1,1,0,NULL,NULL,NULL),
(1353,0,24,2020,41,0,148,135,13,NULL,NULL,NULL),
(1354,0,4,2020,41,0,133,119,14,NULL,NULL,NULL),
(1355,0,25,2020,41,0,228,218,10,NULL,NULL,NULL),
(1356,0,5,2020,41,0,166,153,13,NULL,NULL,NULL),
(1357,0,6,2020,41,0,418,408,10,NULL,NULL,NULL),
(1358,0,7,2020,41,0,27,23,4,NULL,NULL,NULL),
(1359,0,8,2020,41,0,77,69,8,NULL,NULL,NULL),
(1360,0,26,2020,41,0,34,32,2,NULL,NULL,NULL),
(1361,0,9,2020,41,0,354,291,63,NULL,NULL,NULL),
(1362,0,10,2020,41,0,163,129,34,NULL,NULL,NULL),
(1363,0,27,2020,41,0,29,25,4,NULL,NULL,NULL),
(1364,0,28,2020,41,0,128,114,14,NULL,NULL,NULL),
(1365,0,11,2020,41,0,178,173,5,NULL,NULL,NULL),
(1366,0,40,2020,41,0,1,1,0,NULL,NULL,NULL),
(1367,0,12,2020,41,0,72,51,21,NULL,NULL,NULL),
(1368,0,29,2020,41,0,102,96,6,NULL,NULL,NULL),
(1369,0,13,2020,41,0,131,127,4,NULL,NULL,NULL),
(1370,0,14,2020,41,0,67,64,3,NULL,NULL,NULL),
(1371,0,15,2020,41,0,187,182,5,NULL,NULL,NULL),
(1372,0,16,2020,41,0,102,86,16,NULL,NULL,NULL),
(1373,0,17,2020,41,0,179,169,10,NULL,NULL,NULL),
(1374,0,43,2020,41,0,1,1,0,NULL,NULL,NULL),
(1375,0,30,2020,41,0,249,236,13,NULL,NULL,NULL),
(1376,0,18,2020,41,0,146,134,12,NULL,NULL,NULL),
(1377,0,31,2020,41,0,113,106,7,NULL,NULL,NULL),
(1378,0,19,2020,41,0,223,218,5,NULL,NULL,NULL),
(1379,0,20,2020,41,0,114,104,10,NULL,NULL,NULL),
(1380,0,32,2020,41,0,45,39,6,NULL,NULL,NULL),
(1381,0,33,2021,42,0,55,55,0,NULL,NULL,NULL),
(1382,0,1,2021,42,0,177,165,12,NULL,NULL,NULL),
(1383,0,21,2021,42,0,80,78,2,NULL,NULL,NULL),
(1384,0,34,2021,42,0,92,91,1,NULL,NULL,NULL),
(1385,0,22,2021,42,0,5,3,2,NULL,NULL,NULL),
(1386,0,36,2021,42,0,43,40,3,NULL,NULL,NULL),
(1387,0,2,2021,42,0,104,101,3,NULL,NULL,NULL),
(1388,0,3,2021,42,0,45,34,11,NULL,NULL,NULL),
(1389,0,23,2021,42,0,21,21,0,NULL,NULL,NULL),
(1390,0,24,2021,42,0,95,90,5,NULL,NULL,NULL),
(1391,0,4,2021,42,0,95,91,4,NULL,NULL,NULL),
(1392,0,25,2021,42,0,46,41,5,NULL,NULL,NULL),
(1393,0,5,2021,42,0,91,86,5,NULL,NULL,NULL),
(1394,0,6,2021,42,0,83,76,7,NULL,NULL,NULL),
(1395,0,7,2021,42,0,131,124,7,NULL,NULL,NULL),
(1396,0,8,2021,42,0,14,14,0,NULL,NULL,NULL),
(1397,0,26,2021,42,0,14,14,0,NULL,NULL,NULL),
(1398,0,9,2021,42,0,216,182,34,NULL,NULL,NULL),
(1399,0,10,2021,42,0,73,57,16,NULL,NULL,NULL),
(1400,0,27,2021,42,0,15,13,2,NULL,NULL,NULL),
(1401,0,28,2021,42,0,101,91,10,NULL,NULL,NULL),
(1402,0,11,2021,42,0,186,171,15,NULL,NULL,NULL),
(1403,0,12,2021,42,0,10,7,3,NULL,NULL,NULL),
(1404,0,29,2021,42,0,41,41,0,NULL,NULL,NULL),
(1405,0,13,2021,42,0,15,13,2,NULL,NULL,NULL),
(1406,0,46,2021,42,0,1,1,0,NULL,NULL,NULL),
(1407,0,14,2021,42,0,81,76,5,NULL,NULL,NULL),
(1408,0,15,2021,42,0,16,14,2,NULL,NULL,NULL),
(1409,0,16,2021,42,0,39,38,1,NULL,NULL,NULL),
(1410,0,17,2021,42,0,78,75,3,NULL,NULL,NULL),
(1411,0,30,2021,42,0,35,24,11,NULL,NULL,NULL),
(1412,0,18,2021,42,0,92,87,5,NULL,NULL,NULL),
(1413,0,31,2021,42,0,33,31,2,NULL,NULL,NULL),
(1414,0,19,2021,42,0,45,44,1,NULL,NULL,NULL),
(1415,0,20,2021,42,0,12,10,2,NULL,NULL,NULL),
(1416,0,32,2021,42,0,36,36,0,NULL,NULL,NULL),
(1417,0,33,2021,43,0,134,129,5,NULL,NULL,NULL),
(1418,0,1,2021,43,0,460,431,29,NULL,NULL,NULL),
(1419,0,21,2021,43,0,163,153,10,NULL,NULL,NULL),
(1420,0,34,2021,43,0,300,286,14,NULL,NULL,NULL),
(1421,0,22,2021,43,0,44,37,7,NULL,NULL,NULL),
(1422,0,36,2021,43,0,131,105,26,NULL,NULL,NULL),
(1423,0,2,2021,43,0,639,620,19,NULL,NULL,NULL),
(1424,0,3,2021,43,0,161,146,15,NULL,NULL,NULL),
(1425,0,23,2021,43,0,93,82,11,NULL,NULL,NULL),
(1426,0,38,2021,43,0,2,2,0,NULL,NULL,NULL),
(1427,0,24,2021,43,0,310,292,18,NULL,NULL,NULL),
(1428,0,4,2021,43,0,128,112,16,NULL,NULL,NULL),
(1429,0,25,2021,43,0,171,159,12,NULL,NULL,NULL),
(1430,0,5,2021,43,0,375,358,17,NULL,NULL,NULL),
(1431,0,6,2021,43,0,302,288,14,NULL,NULL,NULL),
(1432,0,47,2021,43,0,1,1,0,NULL,NULL,NULL),
(1433,0,7,2021,43,0,82,80,2,NULL,NULL,NULL),
(1434,0,8,2021,43,0,114,106,8,NULL,NULL,NULL),
(1435,0,26,2021,43,0,81,77,4,NULL,NULL,NULL),
(1436,0,9,2021,43,0,616,515,101,NULL,NULL,NULL),
(1437,0,10,2021,43,0,343,283,60,NULL,NULL,NULL),
(1438,0,27,2021,43,0,52,48,4,NULL,NULL,NULL),
(1439,0,28,2021,43,0,434,402,32,NULL,NULL,NULL),
(1440,0,11,2021,43,0,448,440,8,NULL,NULL,NULL),
(1441,0,48,2021,43,0,1,1,0,NULL,NULL,NULL),
(1442,0,12,2021,43,0,184,148,36,NULL,NULL,NULL),
(1443,0,29,2021,43,0,84,80,4,NULL,NULL,NULL),
(1444,0,13,2021,43,0,229,219,10,NULL,NULL,NULL),
(1445,0,14,2021,43,0,214,204,10,NULL,NULL,NULL),
(1446,0,49,2021,43,0,1,1,0,NULL,NULL,NULL),
(1447,0,15,2021,43,0,292,275,17,NULL,NULL,NULL),
(1448,0,16,2021,43,0,125,105,20,NULL,NULL,NULL),
(1449,0,17,2021,43,0,237,221,16,NULL,NULL,NULL),
(1450,0,43,2021,43,0,1,1,0,NULL,NULL,NULL),
(1451,0,30,2021,43,0,334,310,24,NULL,NULL,NULL),
(1452,0,18,2021,43,0,199,172,27,NULL,NULL,NULL),
(1453,0,31,2021,43,0,276,260,16,NULL,NULL,NULL),
(1454,0,19,2021,43,0,190,181,9,NULL,NULL,NULL),
(1455,0,20,2021,43,0,212,203,9,NULL,NULL,NULL),
(1456,0,32,2021,43,0,105,99,6,NULL,NULL,NULL),
(1457,0,33,2021,44,0,118,112,6,NULL,NULL,NULL),
(1458,0,1,2021,44,0,423,387,36,NULL,NULL,NULL),
(1459,0,21,2021,44,0,161,155,6,NULL,NULL,NULL),
(1460,0,34,2021,44,0,344,331,13,NULL,NULL,NULL),
(1461,0,22,2021,44,0,49,42,7,NULL,NULL,NULL),
(1462,0,36,2021,44,0,128,111,17,NULL,NULL,NULL),
(1463,0,2,2021,44,0,531,521,10,NULL,NULL,NULL),
(1464,0,3,2021,44,0,179,161,18,NULL,NULL,NULL),
(1465,0,23,2021,44,0,154,145,9,NULL,NULL,NULL),
(1466,0,24,2021,44,0,319,305,14,NULL,NULL,NULL),
(1467,0,4,2021,44,0,473,456,17,NULL,NULL,NULL),
(1468,0,25,2021,44,0,517,490,27,NULL,NULL,NULL),
(1469,0,5,2021,44,0,293,277,16,NULL,NULL,NULL),
(1470,0,6,2021,44,0,216,189,27,NULL,NULL,NULL),
(1471,0,7,2021,44,0,128,127,1,NULL,NULL,NULL),
(1472,0,8,2021,44,0,91,83,8,NULL,NULL,NULL),
(1473,0,26,2021,44,0,33,33,0,NULL,NULL,NULL),
(1474,0,9,2021,44,0,518,421,97,NULL,NULL,NULL),
(1475,0,10,2021,44,0,436,376,60,NULL,NULL,NULL),
(1476,0,27,2021,44,0,63,59,4,NULL,NULL,NULL),
(1477,0,28,2021,44,0,327,310,17,NULL,NULL,NULL),
(1478,0,50,2021,44,0,3,3,0,NULL,NULL,NULL),
(1479,0,11,2021,44,0,279,267,12,NULL,NULL,NULL),
(1480,0,45,2021,44,0,1,1,0,NULL,NULL,NULL),
(1481,0,12,2021,44,0,139,115,24,NULL,NULL,NULL),
(1482,0,29,2021,44,0,93,89,4,NULL,NULL,NULL),
(1483,0,13,2021,44,0,241,231,10,NULL,NULL,NULL),
(1484,0,14,2021,44,0,70,63,7,NULL,NULL,NULL),
(1485,0,15,2021,44,0,316,293,23,NULL,NULL,NULL),
(1486,0,16,2021,44,0,168,140,28,NULL,NULL,NULL),
(1487,0,17,2021,44,0,229,208,21,NULL,NULL,NULL),
(1488,0,30,2021,44,0,352,333,19,NULL,NULL,NULL),
(1489,0,18,2021,44,0,221,188,33,NULL,NULL,NULL),
(1490,0,31,2021,44,0,214,207,7,NULL,NULL,NULL),
(1491,0,19,2021,44,0,97,88,9,NULL,NULL,NULL),
(1492,0,20,2021,44,0,358,336,22,NULL,NULL,NULL),
(1493,0,32,2021,44,0,78,70,8,NULL,NULL,NULL),
(1494,0,33,2021,45,0,108,102,6,NULL,NULL,NULL),
(1495,0,1,2021,45,0,472,443,29,NULL,NULL,NULL),
(1496,0,21,2021,45,0,154,145,9,NULL,NULL,NULL),
(1497,0,34,2021,45,0,200,186,14,NULL,NULL,NULL),
(1498,0,22,2021,45,0,102,95,7,NULL,NULL,NULL),
(1499,0,36,2021,45,0,155,145,10,NULL,NULL,NULL),
(1500,0,2,2021,45,0,799,785,14,NULL,NULL,NULL),
(1501,0,3,2021,45,0,206,192,14,NULL,NULL,NULL),
(1502,0,23,2021,45,0,94,83,11,NULL,NULL,NULL),
(1503,0,24,2021,45,0,198,184,14,NULL,NULL,NULL),
(1504,0,4,2021,45,0,544,530,14,NULL,NULL,NULL),
(1505,0,25,2021,45,0,379,357,22,NULL,NULL,NULL),
(1506,0,5,2021,45,0,362,344,18,NULL,NULL,NULL),
(1507,0,6,2021,45,0,327,298,29,NULL,NULL,NULL),
(1508,0,7,2021,45,0,106,101,5,NULL,NULL,NULL),
(1509,0,8,2021,45,0,73,65,8,NULL,NULL,NULL),
(1510,0,26,2021,45,0,52,51,1,NULL,NULL,NULL),
(1511,0,9,2021,45,0,484,413,71,NULL,NULL,NULL),
(1512,0,10,2021,45,0,336,298,38,NULL,NULL,NULL),
(1513,0,27,2021,45,0,111,105,6,NULL,NULL,NULL),
(1514,0,28,2021,45,0,330,307,23,NULL,NULL,NULL),
(1515,0,11,2021,45,0,388,373,15,NULL,NULL,NULL),
(1516,0,40,2021,45,0,1,0,1,NULL,NULL,NULL),
(1517,0,12,2021,45,0,90,74,16,NULL,NULL,NULL),
(1518,0,29,2021,45,0,84,79,5,NULL,NULL,NULL),
(1519,0,13,2021,45,0,239,229,10,NULL,NULL,NULL),
(1520,0,14,2021,45,0,128,118,10,NULL,NULL,NULL),
(1521,0,15,2021,45,0,276,272,4,NULL,NULL,NULL),
(1522,0,16,2021,45,0,87,73,14,NULL,NULL,NULL),
(1523,0,17,2021,45,0,252,232,20,NULL,NULL,NULL),
(1524,0,30,2021,45,0,333,308,25,NULL,NULL,NULL),
(1525,0,18,2021,45,0,228,201,27,NULL,NULL,NULL),
(1526,0,35,2021,45,0,1,1,0,NULL,NULL,NULL),
(1527,0,31,2021,45,0,229,217,12,NULL,NULL,NULL),
(1528,0,19,2021,45,0,134,129,5,NULL,NULL,NULL),
(1529,0,20,2021,45,0,335,316,19,NULL,NULL,NULL),
(1530,0,32,2021,45,0,120,115,5,NULL,NULL,NULL),
(1531,0,33,2021,46,0,63,63,0,NULL,NULL,NULL),
(1532,0,1,2021,46,0,319,294,25,NULL,NULL,NULL),
(1533,0,21,2021,46,0,126,119,7,NULL,NULL,NULL),
(1534,0,34,2021,46,0,174,154,20,NULL,NULL,NULL),
(1535,0,22,2021,46,0,89,81,8,NULL,NULL,NULL),
(1536,0,36,2021,46,0,157,141,16,NULL,NULL,NULL),
(1537,0,2,2021,46,0,499,484,15,NULL,NULL,NULL),
(1538,0,3,2021,46,0,178,170,8,NULL,NULL,NULL),
(1539,0,23,2021,46,0,111,100,11,NULL,NULL,NULL),
(1540,0,38,2021,46,0,1,1,0,NULL,NULL,NULL),
(1541,0,24,2021,46,0,186,171,15,NULL,NULL,NULL),
(1542,0,4,2021,46,0,337,313,24,NULL,NULL,NULL),
(1543,0,25,2021,46,0,287,274,13,NULL,NULL,NULL),
(1544,0,5,2021,46,0,258,242,16,NULL,NULL,NULL),
(1545,0,6,2021,46,0,278,252,26,NULL,NULL,NULL),
(1546,0,7,2021,46,0,102,101,1,NULL,NULL,NULL),
(1547,0,8,2021,46,0,55,48,7,NULL,NULL,NULL),
(1548,0,26,2021,46,0,48,47,1,NULL,NULL,NULL),
(1549,0,9,2021,46,0,529,441,88,NULL,NULL,NULL),
(1550,0,10,2021,46,0,288,250,38,NULL,NULL,NULL),
(1551,0,27,2021,46,0,61,60,1,NULL,NULL,NULL),
(1552,0,28,2021,46,0,202,196,6,NULL,NULL,NULL),
(1553,0,11,2021,46,0,210,205,5,NULL,NULL,NULL),
(1554,0,12,2021,46,0,88,77,11,NULL,NULL,NULL),
(1555,0,29,2021,46,0,98,96,2,NULL,NULL,NULL),
(1556,0,13,2021,46,0,99,94,5,NULL,NULL,NULL),
(1557,0,14,2021,46,0,143,136,7,NULL,NULL,NULL),
(1558,0,15,2021,46,0,104,102,2,NULL,NULL,NULL),
(1559,0,16,2021,46,0,72,68,4,NULL,NULL,NULL),
(1560,0,17,2021,46,0,201,187,14,NULL,NULL,NULL),
(1561,0,43,2021,46,0,2,2,0,NULL,NULL,NULL),
(1562,0,30,2021,46,0,184,164,20,NULL,NULL,NULL),
(1563,0,18,2021,46,0,177,160,17,NULL,NULL,NULL),
(1564,0,35,2021,46,0,1,1,0,NULL,NULL,NULL),
(1565,0,31,2021,46,0,128,123,5,NULL,NULL,NULL),
(1566,0,19,2021,46,0,94,92,2,NULL,NULL,NULL),
(1567,0,20,2021,46,0,202,191,11,NULL,NULL,NULL),
(1568,0,32,2021,46,0,88,86,2,NULL,NULL,NULL),
(1569,0,33,2021,47,0,61,57,4,NULL,NULL,NULL),
(1570,0,1,2021,47,0,413,390,23,NULL,NULL,NULL),
(1571,0,21,2021,47,0,91,85,6,NULL,NULL,NULL),
(1572,0,34,2021,47,0,180,164,16,NULL,NULL,NULL),
(1573,0,22,2021,47,0,184,176,8,NULL,NULL,NULL),
(1574,0,36,2021,47,0,95,79,16,NULL,NULL,NULL),
(1575,0,2,2021,47,0,315,303,12,NULL,NULL,NULL),
(1576,0,3,2021,47,0,268,255,13,NULL,NULL,NULL),
(1577,0,23,2021,47,0,135,126,9,NULL,NULL,NULL),
(1578,0,24,2021,47,0,225,209,16,NULL,NULL,NULL),
(1579,0,4,2021,47,0,291,284,7,NULL,NULL,NULL),
(1580,0,25,2021,47,0,314,302,12,NULL,NULL,NULL),
(1581,0,5,2021,47,0,207,193,14,NULL,NULL,NULL),
(1582,0,6,2021,47,0,314,303,11,NULL,NULL,NULL),
(1583,0,7,2021,47,0,177,176,1,NULL,NULL,NULL),
(1584,0,8,2021,47,0,49,46,3,NULL,NULL,NULL),
(1585,0,26,2021,47,0,46,45,1,NULL,NULL,NULL),
(1586,0,9,2021,47,0,3211,3123,88,NULL,NULL,NULL),
(1587,0,10,2021,47,0,302,276,26,NULL,NULL,NULL),
(1588,0,27,2021,47,0,61,58,3,NULL,NULL,NULL),
(1589,0,28,2021,47,0,183,165,18,NULL,NULL,NULL),
(1590,0,11,2021,47,0,212,202,10,NULL,NULL,NULL),
(1591,0,12,2021,47,0,85,78,7,NULL,NULL,NULL),
(1592,0,29,2021,47,0,63,57,6,NULL,NULL,NULL),
(1593,0,13,2021,47,0,121,115,6,NULL,NULL,NULL),
(1594,0,14,2021,47,0,293,285,8,NULL,NULL,NULL),
(1595,0,15,2021,47,0,337,317,20,NULL,NULL,NULL),
(1596,0,16,2021,47,0,103,94,9,NULL,NULL,NULL),
(1597,0,17,2021,47,0,253,239,14,NULL,NULL,NULL),
(1598,0,43,2021,47,0,1,1,0,NULL,NULL,NULL),
(1599,0,30,2021,47,0,133,119,14,NULL,NULL,NULL),
(1600,0,18,2021,47,0,251,236,15,NULL,NULL,NULL),
(1601,0,35,2021,47,0,1,0,1,NULL,NULL,NULL),
(1602,0,31,2021,47,0,224,215,9,NULL,NULL,NULL),
(1603,0,19,2021,47,0,95,91,4,NULL,NULL,NULL),
(1604,0,20,2021,47,0,182,174,8,NULL,NULL,NULL),
(1605,0,32,2021,47,0,197,193,4,NULL,NULL,NULL),
(1606,0,33,2021,48,0,54,49,5,NULL,NULL,NULL),
(1607,0,1,2021,48,0,452,424,28,NULL,NULL,NULL),
(1608,0,21,2021,48,0,95,94,1,NULL,NULL,NULL),
(1609,0,34,2021,48,0,147,134,13,NULL,NULL,NULL),
(1610,0,22,2021,48,0,182,179,3,NULL,NULL,NULL),
(1611,0,36,2021,48,0,173,165,8,NULL,NULL,NULL),
(1612,0,2,2021,48,0,201,187,14,NULL,NULL,NULL),
(1613,0,3,2021,48,0,103,95,8,NULL,NULL,NULL),
(1614,0,23,2021,48,0,63,58,5,NULL,NULL,NULL),
(1615,0,24,2021,48,0,185,173,12,NULL,NULL,NULL),
(1616,0,4,2021,48,0,182,171,11,NULL,NULL,NULL),
(1617,0,25,2021,48,0,172,162,10,NULL,NULL,NULL),
(1618,0,5,2021,48,0,129,119,10,NULL,NULL,NULL),
(1619,0,6,2021,48,0,424,409,15,NULL,NULL,NULL),
(1620,0,7,2021,48,0,34,33,1,NULL,NULL,NULL),
(1621,0,8,2021,48,0,30,22,8,NULL,NULL,NULL),
(1622,0,26,2021,48,0,109,109,0,NULL,NULL,NULL),
(1623,0,9,2021,48,0,699,624,75,NULL,NULL,NULL),
(1624,0,10,2021,48,0,508,489,19,NULL,NULL,NULL),
(1625,0,27,2021,48,0,34,34,0,NULL,NULL,NULL),
(1626,0,28,2021,48,0,210,199,11,NULL,NULL,NULL),
(1627,0,11,2021,48,0,208,199,9,NULL,NULL,NULL),
(1628,0,40,2021,48,0,1,1,0,NULL,NULL,NULL),
(1629,0,12,2021,48,0,61,52,9,NULL,NULL,NULL),
(1630,0,29,2021,48,0,50,46,4,NULL,NULL,NULL),
(1631,0,13,2021,48,0,68,66,2,NULL,NULL,NULL),
(1632,0,14,2021,48,0,137,133,4,NULL,NULL,NULL),
(1633,0,15,2021,48,0,166,156,10,NULL,NULL,NULL),
(1634,0,16,2021,48,0,76,72,4,NULL,NULL,NULL),
(1635,0,17,2021,48,0,327,322,5,NULL,NULL,NULL),
(1636,0,30,2021,48,0,164,155,9,NULL,NULL,NULL),
(1637,0,18,2021,48,0,173,164,9,NULL,NULL,NULL),
(1638,0,35,2021,48,0,1,1,0,NULL,NULL,NULL),
(1639,0,31,2021,48,0,164,160,4,NULL,NULL,NULL),
(1640,0,19,2021,48,0,58,56,2,NULL,NULL,NULL),
(1641,0,20,2021,48,0,307,294,13,NULL,NULL,NULL),
(1642,0,32,2021,48,0,86,85,1,NULL,NULL,NULL),
(1643,0,33,2021,49,0,71,70,1,NULL,NULL,NULL),
(1644,0,1,2021,49,0,245,227,18,NULL,NULL,NULL),
(1645,0,21,2021,49,0,87,82,5,NULL,NULL,NULL),
(1646,0,34,2021,49,0,305,290,15,NULL,NULL,NULL),
(1647,0,22,2021,49,0,400,400,0,NULL,NULL,NULL),
(1648,0,36,2021,49,0,154,145,9,NULL,NULL,NULL),
(1649,0,2,2021,49,0,170,157,13,NULL,NULL,NULL),
(1650,0,3,2021,49,0,108,103,5,NULL,NULL,NULL),
(1651,0,23,2021,49,0,82,74,8,NULL,NULL,NULL),
(1652,0,24,2021,49,0,114,112,2,NULL,NULL,NULL),
(1653,0,4,2021,49,0,310,301,9,NULL,NULL,NULL),
(1654,0,25,2021,49,0,317,303,14,NULL,NULL,NULL),
(1655,0,5,2021,49,0,130,125,5,NULL,NULL,NULL),
(1656,0,6,2021,49,0,979,969,10,NULL,NULL,NULL),
(1657,0,7,2021,49,0,72,71,1,NULL,NULL,NULL),
(1658,0,8,2021,49,0,50,45,5,NULL,NULL,NULL),
(1659,0,26,2021,49,0,146,144,2,NULL,NULL,NULL),
(1660,0,9,2021,49,0,318,273,45,NULL,NULL,NULL),
(1661,0,10,2021,49,0,800,782,18,NULL,NULL,NULL),
(1662,0,27,2021,49,0,39,33,6,NULL,NULL,NULL),
(1663,0,28,2021,49,0,166,156,10,NULL,NULL,NULL),
(1664,0,11,2021,49,0,153,147,6,NULL,NULL,NULL),
(1665,0,40,2021,49,0,1,0,1,NULL,NULL,NULL),
(1666,0,12,2021,49,0,62,49,13,NULL,NULL,NULL),
(1667,0,29,2021,49,0,45,39,6,NULL,NULL,NULL),
(1668,0,13,2021,49,0,68,62,6,NULL,NULL,NULL),
(1669,0,14,2021,49,0,310,298,12,NULL,NULL,NULL),
(1670,0,15,2021,49,0,198,188,10,NULL,NULL,NULL),
(1671,0,16,2021,49,0,35,26,9,NULL,NULL,NULL),
(1672,0,17,2021,49,0,328,314,14,NULL,NULL,NULL),
(1673,0,30,2021,49,0,285,270,15,NULL,NULL,NULL),
(1674,0,18,2021,49,0,203,189,14,NULL,NULL,NULL),
(1675,0,31,2021,49,0,129,122,7,NULL,NULL,NULL),
(1676,0,19,2021,49,0,102,97,5,NULL,NULL,NULL),
(1677,0,20,2021,49,0,141,133,8,NULL,NULL,NULL),
(1678,0,32,2021,49,0,34,33,1,NULL,NULL,NULL),
(1679,0,33,2021,50,0,39,38,1,NULL,NULL,NULL),
(1680,0,1,2021,50,0,317,301,16,NULL,NULL,NULL),
(1681,0,21,2021,50,0,53,47,6,NULL,NULL,NULL),
(1682,0,34,2021,50,0,118,116,2,NULL,NULL,NULL),
(1683,0,22,2021,50,0,106,104,2,NULL,NULL,NULL),
(1684,0,36,2021,50,0,79,65,14,NULL,NULL,NULL),
(1685,0,2,2021,50,0,229,217,12,NULL,NULL,NULL),
(1686,0,3,2021,50,0,95,88,7,NULL,NULL,NULL),
(1687,0,23,2021,50,0,55,48,7,NULL,NULL,NULL),
(1688,0,38,2021,50,0,1,1,0,NULL,NULL,NULL),
(1689,0,24,2021,50,0,113,109,4,NULL,NULL,NULL),
(1690,0,4,2021,50,0,183,172,11,NULL,NULL,NULL),
(1691,0,25,2021,50,0,122,109,13,NULL,NULL,NULL),
(1692,0,5,2021,50,0,90,85,5,NULL,NULL,NULL),
(1693,0,6,2021,50,0,165,149,16,NULL,NULL,NULL),
(1694,0,7,2021,50,0,55,53,2,NULL,NULL,NULL),
(1695,0,8,2021,50,0,56,52,4,NULL,NULL,NULL),
(1696,0,26,2021,50,0,20,20,0,NULL,NULL,NULL),
(1697,0,9,2021,50,0,245,209,36,NULL,NULL,NULL),
(1698,0,10,2021,50,0,449,439,10,NULL,NULL,NULL),
(1699,0,27,2021,50,0,52,49,3,NULL,NULL,NULL),
(1700,0,28,2021,50,0,111,106,5,NULL,NULL,NULL),
(1701,0,11,2021,50,0,132,122,10,NULL,NULL,NULL),
(1702,0,12,2021,50,0,76,64,12,NULL,NULL,NULL),
(1703,0,29,2021,50,0,69,60,9,NULL,NULL,NULL),
(1704,0,13,2021,50,0,81,77,4,NULL,NULL,NULL),
(1705,0,14,2021,50,0,197,191,6,NULL,NULL,NULL),
(1706,0,49,2021,50,0,1,1,0,NULL,NULL,NULL),
(1707,0,15,2021,50,0,398,388,10,NULL,NULL,NULL),
(1708,0,16,2021,50,0,52,52,0,NULL,NULL,NULL),
(1709,0,44,2021,50,0,1,1,0,NULL,NULL,NULL),
(1710,0,17,2021,50,0,162,156,6,NULL,NULL,NULL),
(1711,0,30,2021,50,0,206,184,22,NULL,NULL,NULL),
(1712,0,18,2021,50,0,123,111,12,NULL,NULL,NULL),
(1713,0,31,2021,50,0,96,91,5,NULL,NULL,NULL),
(1714,0,19,2021,50,0,72,69,3,NULL,NULL,NULL),
(1715,0,20,2021,50,0,74,69,5,NULL,NULL,NULL),
(1716,0,32,2021,50,0,68,66,2,NULL,NULL,NULL),
(1717,0,33,2021,51,0,33,33,0,NULL,NULL,NULL),
(1718,0,1,2021,51,0,708,689,19,NULL,NULL,NULL),
(1719,0,21,2021,51,0,76,70,6,NULL,NULL,NULL),
(1720,0,34,2021,51,0,77,74,3,NULL,NULL,NULL),
(1721,0,22,2021,51,0,43,39,4,NULL,NULL,NULL),
(1722,0,36,2021,51,0,83,76,7,NULL,NULL,NULL),
(1723,0,2,2021,51,0,165,156,9,NULL,NULL,NULL),
(1724,0,3,2021,51,0,55,52,3,NULL,NULL,NULL),
(1725,0,23,2021,51,0,57,46,11,NULL,NULL,NULL),
(1726,0,24,2021,51,0,103,96,7,NULL,NULL,NULL),
(1727,0,4,2021,51,0,257,247,10,NULL,NULL,NULL),
(1728,0,25,2021,51,0,90,81,9,NULL,NULL,NULL),
(1729,0,5,2021,51,0,86,82,4,NULL,NULL,NULL),
(1730,0,6,2021,51,0,209,189,20,NULL,NULL,NULL),
(1731,0,7,2021,51,0,13,12,1,NULL,NULL,NULL),
(1732,0,8,2021,51,0,61,59,2,NULL,NULL,NULL),
(1733,0,26,2021,51,0,14,13,1,NULL,NULL,NULL),
(1734,0,9,2021,51,0,188,158,30,NULL,NULL,NULL),
(1735,0,10,2021,51,0,248,233,15,NULL,NULL,NULL),
(1736,0,27,2021,51,0,37,35,2,NULL,NULL,NULL),
(1737,0,28,2021,51,0,93,89,4,NULL,NULL,NULL),
(1738,0,11,2021,51,0,110,104,6,NULL,NULL,NULL),
(1739,0,45,2021,51,0,1,0,1,NULL,NULL,NULL),
(1740,0,40,2021,51,0,1,1,0,NULL,NULL,NULL),
(1741,0,39,2021,51,0,1,1,0,NULL,NULL,NULL),
(1742,0,12,2021,51,0,26,22,4,NULL,NULL,NULL),
(1743,0,29,2021,51,0,58,55,3,NULL,NULL,NULL),
(1744,0,13,2021,51,0,73,68,5,NULL,NULL,NULL),
(1745,0,14,2021,51,0,118,117,1,NULL,NULL,NULL),
(1746,0,15,2021,51,0,480,475,5,NULL,NULL,NULL),
(1747,0,16,2021,51,0,18,13,5,NULL,NULL,NULL),
(1748,0,17,2021,51,0,54,49,5,NULL,NULL,NULL),
(1749,0,30,2021,51,0,108,93,15,NULL,NULL,NULL),
(1750,0,18,2021,51,0,127,117,10,NULL,NULL,NULL),
(1751,0,31,2021,51,0,77,75,2,NULL,NULL,NULL),
(1752,0,19,2021,51,0,86,83,3,NULL,NULL,NULL),
(1753,0,20,2021,51,0,122,109,13,NULL,NULL,NULL),
(1754,0,32,2021,51,0,19,17,2,NULL,NULL,NULL),
(1755,0,33,2021,52,0,16,16,0,NULL,NULL,NULL),
(1756,0,1,2021,52,0,730,703,27,NULL,NULL,NULL),
(1757,0,21,2021,52,0,101,100,1,NULL,NULL,NULL),
(1758,0,34,2021,52,0,476,469,7,NULL,NULL,NULL),
(1759,0,22,2021,52,0,19,17,2,NULL,NULL,NULL),
(1760,0,36,2021,52,0,113,102,11,NULL,NULL,NULL),
(1761,0,2,2021,52,0,186,176,10,NULL,NULL,NULL),
(1762,0,3,2021,52,0,66,62,4,NULL,NULL,NULL),
(1763,0,23,2021,52,0,38,37,1,NULL,NULL,NULL),
(1764,0,38,2021,52,0,1,1,0,NULL,NULL,NULL),
(1765,0,24,2021,52,0,122,117,5,NULL,NULL,NULL),
(1766,0,4,2021,52,0,110,102,8,NULL,NULL,NULL),
(1767,0,25,2021,52,0,67,61,6,NULL,NULL,NULL),
(1768,0,5,2021,52,0,70,69,1,NULL,NULL,NULL),
(1769,0,6,2021,52,0,120,103,17,NULL,NULL,NULL),
(1770,0,7,2021,52,0,45,41,4,NULL,NULL,NULL),
(1771,0,8,2021,52,0,31,29,2,NULL,NULL,NULL),
(1772,0,26,2021,52,0,19,17,2,NULL,NULL,NULL),
(1773,0,9,2021,52,0,209,177,32,NULL,NULL,NULL),
(1774,0,10,2021,52,0,427,412,15,NULL,NULL,NULL),
(1775,0,27,2021,52,0,39,37,2,NULL,NULL,NULL),
(1776,0,28,2021,52,0,76,74,2,NULL,NULL,NULL),
(1777,0,11,2021,52,0,104,96,8,NULL,NULL,NULL),
(1778,0,45,2021,52,0,1,1,0,NULL,NULL,NULL),
(1779,0,39,2021,52,0,2,2,0,NULL,NULL,NULL),
(1780,0,12,2021,52,0,38,31,7,NULL,NULL,NULL),
(1781,0,29,2021,52,0,80,78,2,NULL,NULL,NULL),
(1782,0,13,2021,52,0,76,70,6,NULL,NULL,NULL),
(1783,0,14,2021,52,0,234,230,4,NULL,NULL,NULL),
(1784,0,15,2021,52,0,383,366,17,NULL,NULL,NULL),
(1785,0,16,2021,52,0,50,45,5,NULL,NULL,NULL),
(1786,0,17,2021,52,0,51,49,2,NULL,NULL,NULL),
(1787,0,30,2021,52,0,117,103,14,NULL,NULL,NULL),
(1788,0,18,2021,52,0,101,91,10,NULL,NULL,NULL),
(1789,0,35,2021,52,0,1,1,0,NULL,NULL,NULL),
(1790,0,31,2021,52,0,128,124,4,NULL,NULL,NULL),
(1791,0,19,2021,52,0,49,47,2,NULL,NULL,NULL),
(1792,0,20,2021,52,0,69,57,12,NULL,NULL,NULL),
(1793,0,32,2021,52,0,31,31,0,NULL,NULL,NULL),
(1794,0,33,2021,53,0,35,34,1,NULL,NULL,NULL),
(1795,0,1,2021,53,0,579,553,26,NULL,NULL,NULL),
(1796,0,21,2021,53,0,57,55,2,NULL,NULL,NULL),
(1797,0,34,2021,53,0,343,334,9,NULL,NULL,NULL),
(1798,0,22,2021,53,0,71,70,1,NULL,NULL,NULL),
(1799,0,36,2021,53,0,137,124,13,NULL,NULL,NULL),
(1800,0,2,2021,53,0,145,136,9,NULL,NULL,NULL),
(1801,0,3,2021,53,0,69,65,4,NULL,NULL,NULL),
(1802,0,23,2021,53,0,43,39,4,NULL,NULL,NULL),
(1803,0,24,2021,53,0,111,108,3,NULL,NULL,NULL),
(1804,0,4,2021,53,0,209,200,9,NULL,NULL,NULL),
(1805,0,25,2021,53,0,76,66,10,NULL,NULL,NULL),
(1806,0,5,2021,53,0,83,75,8,NULL,NULL,NULL),
(1807,0,6,2021,53,0,169,158,11,NULL,NULL,NULL),
(1808,0,7,2021,53,0,9,6,3,NULL,NULL,NULL),
(1809,0,8,2021,53,0,46,41,5,NULL,NULL,NULL),
(1810,0,26,2021,53,0,44,43,1,NULL,NULL,NULL),
(1811,0,9,2021,53,0,181,145,36,NULL,NULL,NULL),
(1812,0,10,2021,53,0,174,163,11,NULL,NULL,NULL),
(1813,0,27,2021,53,0,20,16,4,NULL,NULL,NULL),
(1814,0,28,2021,53,0,57,52,5,NULL,NULL,NULL),
(1815,0,11,2021,53,0,80,74,6,NULL,NULL,NULL),
(1816,0,40,2021,53,0,1,0,1,NULL,NULL,NULL),
(1817,0,39,2021,53,0,2,2,0,NULL,NULL,NULL),
(1818,0,12,2021,53,0,29,25,4,NULL,NULL,NULL),
(1819,0,29,2021,53,0,88,84,4,NULL,NULL,NULL),
(1820,0,13,2021,53,0,61,56,5,NULL,NULL,NULL),
(1821,0,46,2021,53,0,1,1,0,NULL,NULL,NULL),
(1822,0,14,2021,53,0,263,260,3,NULL,NULL,NULL),
(1823,0,15,2021,53,0,178,173,5,NULL,NULL,NULL),
(1824,0,16,2021,53,0,24,23,1,NULL,NULL,NULL),
(1825,0,17,2021,53,0,239,235,4,NULL,NULL,NULL),
(1826,0,30,2021,53,0,135,119,16,NULL,NULL,NULL),
(1827,0,51,2021,53,0,1,0,1,NULL,NULL,NULL),
(1828,0,18,2021,53,0,57,51,6,NULL,NULL,NULL),
(1829,0,31,2021,53,0,86,86,0,NULL,NULL,NULL),
(1830,0,19,2021,53,0,54,50,4,NULL,NULL,NULL),
(1831,0,20,2021,53,0,62,48,14,NULL,NULL,NULL),
(1832,0,32,2021,53,0,64,62,2,NULL,NULL,NULL),
(1833,0,33,2021,54,0,19,18,1,NULL,NULL,NULL),
(1834,0,1,2021,54,0,265,247,18,NULL,NULL,NULL),
(1835,0,21,2021,54,0,47,45,2,NULL,NULL,NULL),
(1836,0,34,2021,54,0,152,141,11,NULL,NULL,NULL),
(1837,0,22,2021,54,0,244,241,3,NULL,NULL,NULL),
(1838,0,36,2021,54,0,120,100,20,NULL,NULL,NULL),
(1839,0,2,2021,54,0,217,202,15,NULL,NULL,NULL),
(1840,0,3,2021,54,0,45,44,1,NULL,NULL,NULL),
(1841,0,23,2021,54,0,26,24,2,NULL,NULL,NULL),
(1842,0,24,2021,54,0,76,71,5,NULL,NULL,NULL),
(1843,0,4,2021,54,0,113,109,4,NULL,NULL,NULL),
(1844,0,25,2021,54,0,53,47,6,NULL,NULL,NULL),
(1845,0,5,2021,54,0,112,108,4,NULL,NULL,NULL),
(1846,0,6,2021,54,0,87,77,10,NULL,NULL,NULL),
(1847,0,47,2021,54,0,1,0,1,NULL,NULL,NULL),
(1848,0,7,2021,54,0,27,25,2,NULL,NULL,NULL),
(1849,0,8,2021,54,0,61,57,4,NULL,NULL,NULL),
(1850,0,26,2021,54,0,22,20,2,NULL,NULL,NULL),
(1851,0,9,2021,54,0,180,146,34,NULL,NULL,NULL),
(1852,0,10,2021,54,0,97,87,10,NULL,NULL,NULL),
(1853,0,27,2021,54,0,107,105,2,NULL,NULL,NULL),
(1854,0,28,2021,54,0,47,44,3,NULL,NULL,NULL),
(1855,0,11,2021,54,0,123,112,11,NULL,NULL,NULL),
(1856,0,12,2021,54,0,30,27,3,NULL,NULL,NULL),
(1857,0,29,2021,54,0,56,54,2,NULL,NULL,NULL),
(1858,0,13,2021,54,0,78,72,6,NULL,NULL,NULL),
(1859,0,14,2021,54,0,56,54,2,NULL,NULL,NULL),
(1860,0,15,2021,54,0,164,155,9,NULL,NULL,NULL),
(1861,0,16,2021,54,0,27,23,4,NULL,NULL,NULL),
(1862,0,17,2021,54,0,77,75,2,NULL,NULL,NULL),
(1863,0,43,2021,54,0,1,1,0,NULL,NULL,NULL),
(1864,0,30,2021,54,0,124,109,15,NULL,NULL,NULL),
(1865,0,18,2021,54,0,80,74,6,NULL,NULL,NULL),
(1866,0,35,2021,54,0,1,1,0,NULL,NULL,NULL),
(1867,0,31,2021,54,0,147,144,3,NULL,NULL,NULL),
(1868,0,19,2021,54,0,37,36,1,NULL,NULL,NULL),
(1869,0,20,2021,54,0,62,57,5,NULL,NULL,NULL),
(1870,0,32,2021,54,0,46,46,0,NULL,NULL,NULL),
(1871,0,33,2021,55,0,7,7,0,NULL,NULL,NULL),
(1872,0,1,2021,55,0,432,424,8,NULL,NULL,NULL),
(1873,0,21,2021,55,0,57,54,3,NULL,NULL,NULL),
(1874,0,34,2021,55,0,83,69,14,NULL,NULL,NULL),
(1875,0,22,2021,55,0,276,273,3,NULL,NULL,NULL),
(1876,0,36,2021,55,0,115,99,16,NULL,NULL,NULL),
(1877,0,2,2021,55,0,147,132,15,NULL,NULL,NULL),
(1878,0,3,2021,55,0,52,45,7,NULL,NULL,NULL),
(1879,0,23,2021,55,0,34,30,4,NULL,NULL,NULL),
(1880,0,24,2021,55,0,106,103,3,NULL,NULL,NULL),
(1881,0,4,2021,55,0,184,178,6,NULL,NULL,NULL),
(1882,0,25,2021,55,0,126,115,11,NULL,NULL,NULL),
(1883,0,5,2021,55,0,104,97,7,NULL,NULL,NULL),
(1884,0,6,2021,55,0,122,114,8,NULL,NULL,NULL),
(1885,0,7,2021,55,0,17,17,0,NULL,NULL,NULL),
(1886,0,8,2021,55,0,75,73,2,NULL,NULL,NULL),
(1887,0,26,2021,55,0,25,23,2,NULL,NULL,NULL),
(1888,0,9,2021,55,0,164,143,21,NULL,NULL,NULL),
(1889,0,10,2021,55,0,123,112,11,NULL,NULL,NULL),
(1890,0,27,2021,55,0,87,86,1,NULL,NULL,NULL),
(1891,0,28,2021,55,0,70,66,4,NULL,NULL,NULL),
(1892,0,11,2021,55,0,112,107,5,NULL,NULL,NULL),
(1893,0,40,2021,55,0,1,0,1,NULL,NULL,NULL),
(1894,0,39,2021,55,0,3,2,1,NULL,NULL,NULL),
(1895,0,12,2021,55,0,46,41,5,NULL,NULL,NULL),
(1896,0,29,2021,55,0,55,52,3,NULL,NULL,NULL),
(1897,0,13,2021,55,0,62,60,2,NULL,NULL,NULL),
(1898,0,14,2021,55,0,68,66,2,NULL,NULL,NULL),
(1899,0,15,2021,55,0,138,133,5,NULL,NULL,NULL),
(1900,0,16,2021,55,0,43,43,0,NULL,NULL,NULL),
(1901,0,17,2021,55,0,113,111,2,NULL,NULL,NULL),
(1902,0,43,2021,55,0,1,1,0,NULL,NULL,NULL),
(1903,0,30,2021,55,0,139,120,19,NULL,NULL,NULL),
(1904,0,18,2021,55,0,67,55,12,NULL,NULL,NULL),
(1905,0,35,2021,55,0,1,0,1,NULL,NULL,NULL),
(1906,0,31,2021,55,0,190,185,5,NULL,NULL,NULL),
(1907,0,19,2021,55,0,39,37,2,NULL,NULL,NULL),
(1908,0,20,2021,55,0,71,65,6,NULL,NULL,NULL),
(1909,0,32,2021,55,0,47,44,3,NULL,NULL,NULL),
(1910,0,33,2021,56,0,10,8,2,NULL,NULL,NULL),
(1911,0,1,2021,56,0,211,207,4,NULL,NULL,NULL),
(1912,0,21,2021,56,0,80,75,5,NULL,NULL,NULL),
(1913,0,34,2021,56,0,107,97,10,NULL,NULL,NULL),
(1914,0,22,2021,56,0,91,89,2,NULL,NULL,NULL),
(1915,0,36,2021,56,0,122,107,15,NULL,NULL,NULL),
(1916,0,2,2021,56,0,260,242,18,NULL,NULL,NULL),
(1917,0,3,2021,56,0,44,42,2,NULL,NULL,NULL),
(1918,0,23,2021,56,0,36,30,6,NULL,NULL,NULL),
(1919,0,24,2021,56,0,94,86,8,NULL,NULL,NULL),
(1920,0,4,2021,56,0,119,109,10,NULL,NULL,NULL),
(1921,0,25,2021,56,0,119,112,7,NULL,NULL,NULL),
(1922,0,5,2021,56,0,85,77,8,NULL,NULL,NULL),
(1923,0,6,2021,56,0,504,478,26,NULL,NULL,NULL),
(1924,0,7,2021,56,0,19,18,1,NULL,NULL,NULL),
(1925,0,8,2021,56,0,69,68,1,NULL,NULL,NULL),
(1926,0,26,2021,56,0,25,21,4,NULL,NULL,NULL),
(1927,0,9,2021,56,0,146,124,22,NULL,NULL,NULL),
(1928,0,10,2021,56,0,165,145,20,NULL,NULL,NULL),
(1929,0,27,2021,56,0,23,21,2,NULL,NULL,NULL),
(1930,0,28,2021,56,0,37,33,4,NULL,NULL,NULL),
(1931,0,11,2021,56,0,105,99,6,NULL,NULL,NULL),
(1932,0,45,2021,56,0,1,1,0,NULL,NULL,NULL),
(1933,0,40,2021,56,0,1,1,0,NULL,NULL,NULL),
(1934,0,12,2021,56,0,78,72,6,NULL,NULL,NULL),
(1935,0,29,2021,56,0,106,104,2,NULL,NULL,NULL),
(1936,0,13,2021,56,0,72,66,6,NULL,NULL,NULL),
(1937,0,14,2021,56,0,31,30,1,NULL,NULL,NULL),
(1938,0,15,2021,56,0,131,126,5,NULL,NULL,NULL),
(1939,0,16,2021,56,0,160,158,2,NULL,NULL,NULL),
(1940,0,17,2021,56,0,79,77,2,NULL,NULL,NULL),
(1941,0,30,2021,56,0,175,162,13,NULL,NULL,NULL),
(1942,0,18,2021,56,0,76,71,5,NULL,NULL,NULL),
(1943,0,35,2021,56,0,1,0,1,NULL,NULL,NULL),
(1944,0,31,2021,56,0,136,121,15,NULL,NULL,NULL),
(1945,0,19,2021,56,0,34,29,5,NULL,NULL,NULL),
(1946,0,20,2021,56,0,70,62,8,NULL,NULL,NULL),
(1947,0,32,2021,56,0,94,90,4,NULL,NULL,NULL),
(1948,0,33,2021,57,0,16,15,1,NULL,NULL,NULL),
(1949,0,1,2021,57,0,240,230,10,NULL,NULL,NULL),
(1950,0,21,2021,57,0,77,70,7,NULL,NULL,NULL),
(1951,0,34,2021,57,0,80,71,9,NULL,NULL,NULL),
(1952,0,22,2021,57,0,43,41,2,NULL,NULL,NULL),
(1953,0,36,2021,57,0,148,128,20,NULL,NULL,NULL),
(1954,0,2,2021,57,0,239,216,23,NULL,NULL,NULL),
(1955,0,3,2021,57,0,51,50,1,NULL,NULL,NULL),
(1956,0,23,2021,57,0,61,52,9,NULL,NULL,NULL),
(1957,0,38,2021,57,0,1,1,0,NULL,NULL,NULL),
(1958,0,24,2021,57,0,84,77,7,NULL,NULL,NULL),
(1959,0,4,2021,57,0,149,135,14,NULL,NULL,NULL),
(1960,0,25,2021,57,0,84,77,7,NULL,NULL,NULL),
(1961,0,5,2021,57,0,89,80,9,NULL,NULL,NULL),
(1962,0,6,2021,57,0,297,285,12,NULL,NULL,NULL),
(1963,0,7,2021,57,0,14,13,1,NULL,NULL,NULL),
(1964,0,8,2021,57,0,73,67,6,NULL,NULL,NULL),
(1965,0,26,2021,57,0,52,49,3,NULL,NULL,NULL),
(1966,0,9,2021,57,0,213,173,40,NULL,NULL,NULL),
(1967,0,10,2021,57,0,217,193,24,NULL,NULL,NULL),
(1968,0,27,2021,57,0,7,6,1,NULL,NULL,NULL),
(1969,0,28,2021,57,0,63,58,5,NULL,NULL,NULL),
(1970,0,11,2021,57,0,112,109,3,NULL,NULL,NULL),
(1971,0,45,2021,57,0,1,1,0,NULL,NULL,NULL),
(1972,0,40,2021,57,0,1,1,0,NULL,NULL,NULL),
(1973,0,12,2021,57,0,63,53,10,NULL,NULL,NULL),
(1974,0,29,2021,57,0,129,128,1,NULL,NULL,NULL),
(1975,0,13,2021,57,0,40,37,3,NULL,NULL,NULL),
(1976,0,14,2021,57,0,90,89,1,NULL,NULL,NULL),
(1977,0,15,2021,57,0,180,175,5,NULL,NULL,NULL),
(1978,0,16,2021,57,0,16,12,4,NULL,NULL,NULL),
(1979,0,17,2021,57,0,118,115,3,NULL,NULL,NULL),
(1980,0,30,2021,57,0,182,164,18,NULL,NULL,NULL),
(1981,0,18,2021,57,0,86,76,10,NULL,NULL,NULL),
(1982,0,31,2021,57,0,192,181,11,NULL,NULL,NULL),
(1983,0,19,2021,57,0,29,25,4,NULL,NULL,NULL),
(1984,0,20,2021,57,0,109,101,8,NULL,NULL,NULL),
(1985,0,32,2021,57,0,84,79,5,NULL,NULL,NULL),
(1986,0,33,2021,58,0,55,54,1,NULL,NULL,NULL),
(1987,0,1,2021,58,0,299,282,17,NULL,NULL,NULL),
(1988,0,21,2021,58,0,72,68,4,NULL,NULL,NULL),
(1989,0,34,2021,58,0,154,143,11,NULL,NULL,NULL),
(1990,0,22,2021,58,0,170,165,5,NULL,NULL,NULL),
(1991,0,36,2021,58,0,129,114,15,NULL,NULL,NULL),
(1992,0,2,2021,58,0,175,165,10,NULL,NULL,NULL),
(1993,0,3,2021,58,0,51,47,4,NULL,NULL,NULL),
(1994,0,23,2021,58,0,92,90,2,NULL,NULL,NULL),
(1995,0,38,2021,58,0,1,1,0,NULL,NULL,NULL),
(1996,0,24,2021,58,0,86,82,4,NULL,NULL,NULL),
(1997,0,4,2021,58,0,196,188,8,NULL,NULL,NULL),
(1998,0,25,2021,58,0,104,96,8,NULL,NULL,NULL),
(1999,0,5,2021,58,0,93,88,5,NULL,NULL,NULL),
(2000,0,6,2021,58,0,314,295,19,NULL,NULL,NULL),
(2001,0,7,2021,58,0,23,21,2,NULL,NULL,NULL),
(2002,0,8,2021,58,0,59,54,5,NULL,NULL,NULL),
(2003,0,26,2021,58,0,54,51,3,NULL,NULL,NULL),
(2004,0,9,2021,58,0,561,531,30,NULL,NULL,NULL),
(2005,0,10,2021,58,0,190,169,21,NULL,NULL,NULL),
(2006,0,27,2021,58,0,16,14,2,NULL,NULL,NULL),
(2007,0,28,2021,58,0,43,37,6,NULL,NULL,NULL),
(2008,0,11,2021,58,0,128,121,7,NULL,NULL,NULL),
(2009,0,40,2021,58,0,8,7,1,NULL,NULL,NULL),
(2010,0,12,2021,58,0,111,103,8,NULL,NULL,NULL),
(2011,0,29,2021,58,0,76,73,3,NULL,NULL,NULL),
(2012,0,13,2021,58,0,50,45,5,NULL,NULL,NULL),
(2013,0,14,2021,58,0,49,47,2,NULL,NULL,NULL),
(2014,0,15,2021,58,0,217,212,5,NULL,NULL,NULL),
(2015,0,16,2021,58,0,56,52,4,NULL,NULL,NULL),
(2016,0,17,2021,58,0,203,194,9,NULL,NULL,NULL),
(2017,0,43,2021,58,0,1,1,0,NULL,NULL,NULL),
(2018,0,30,2021,58,0,220,199,21,NULL,NULL,NULL),
(2019,0,18,2021,58,0,88,83,5,NULL,NULL,NULL),
(2020,0,35,2021,58,0,2,1,1,NULL,NULL,NULL),
(2021,0,31,2021,58,0,188,184,4,NULL,NULL,NULL),
(2022,0,19,2021,58,0,74,69,5,NULL,NULL,NULL),
(2023,0,20,2021,58,0,123,114,9,NULL,NULL,NULL),
(2024,0,32,2021,58,0,36,36,0,NULL,NULL,NULL),
(2025,0,33,2021,59,0,33,31,2,NULL,NULL,NULL),
(2026,0,1,2021,59,0,271,261,10,NULL,NULL,NULL),
(2027,0,21,2021,59,0,39,37,2,NULL,NULL,NULL),
(2028,0,34,2021,59,0,83,75,8,NULL,NULL,NULL),
(2029,0,52,2021,59,0,4,3,1,NULL,NULL,NULL),
(2030,0,22,2021,59,0,35,29,6,NULL,NULL,NULL),
(2031,0,36,2021,59,0,103,88,15,NULL,NULL,NULL),
(2032,0,2,2021,59,0,122,112,10,NULL,NULL,NULL),
(2033,0,53,2021,59,0,1,1,0,NULL,NULL,NULL),
(2034,0,3,2021,59,0,48,43,5,NULL,NULL,NULL),
(2035,0,23,2021,59,0,106,101,5,NULL,NULL,NULL),
(2036,0,24,2021,59,0,22,21,1,NULL,NULL,NULL),
(2037,0,4,2021,59,0,152,143,9,NULL,NULL,NULL),
(2038,0,25,2021,59,0,150,144,6,NULL,NULL,NULL),
(2039,0,5,2021,59,0,131,125,6,NULL,NULL,NULL),
(2040,0,6,2021,59,0,118,106,12,NULL,NULL,NULL),
(2041,0,54,2021,59,0,1,1,0,NULL,NULL,NULL),
(2042,0,7,2021,59,0,6,6,0,NULL,NULL,NULL),
(2043,0,8,2021,59,0,54,49,5,NULL,NULL,NULL),
(2044,0,26,2021,59,0,21,21,0,NULL,NULL,NULL),
(2045,0,9,2021,59,0,181,155,26,NULL,NULL,NULL),
(2046,0,10,2021,59,0,128,112,16,NULL,NULL,NULL),
(2047,0,27,2021,59,0,16,14,2,NULL,NULL,NULL),
(2048,0,28,2021,59,0,44,42,2,NULL,NULL,NULL),
(2049,0,50,2021,59,0,1,0,1,NULL,NULL,NULL),
(2050,0,55,2021,59,0,1,1,0,NULL,NULL,NULL),
(2051,0,11,2021,59,0,65,57,8,NULL,NULL,NULL),
(2052,0,40,2021,59,0,15,11,4,NULL,NULL,NULL),
(2053,0,39,2021,59,0,1,0,1,NULL,NULL,NULL),
(2054,0,12,2021,59,0,51,41,10,NULL,NULL,NULL),
(2055,0,29,2021,59,0,57,52,5,NULL,NULL,NULL),
(2056,0,13,2021,59,0,104,102,2,NULL,NULL,NULL),
(2057,0,46,2021,59,0,1,1,0,NULL,NULL,NULL),
(2058,0,14,2021,59,0,22,21,1,NULL,NULL,NULL),
(2059,0,15,2021,59,0,266,261,5,NULL,NULL,NULL),
(2060,0,16,2021,59,0,94,91,3,NULL,NULL,NULL),
(2061,0,17,2021,59,0,161,158,3,NULL,NULL,NULL),
(2062,0,43,2021,59,0,2,2,0,NULL,NULL,NULL),
(2063,0,30,2021,59,0,234,216,18,NULL,NULL,NULL),
(2064,0,56,2021,59,0,1,1,0,NULL,NULL,NULL),
(2065,0,18,2021,59,0,65,57,8,NULL,NULL,NULL),
(2066,0,31,2021,59,0,155,145,10,NULL,NULL,NULL),
(2067,0,19,2021,59,0,54,51,3,NULL,NULL,NULL),
(2068,0,20,2021,59,0,92,86,6,NULL,NULL,NULL),
(2069,0,32,2021,59,0,49,49,0,NULL,NULL,NULL),
(2070,0,33,2021,60,0,51,47,4,NULL,NULL,NULL),
(2071,0,1,2021,60,0,229,218,11,NULL,NULL,NULL),
(2072,0,21,2021,60,0,58,54,4,NULL,NULL,NULL),
(2073,0,34,2021,60,0,128,122,6,NULL,NULL,NULL),
(2074,0,52,2021,60,0,1,1,0,NULL,NULL,NULL),
(2075,0,22,2021,60,0,21,20,1,NULL,NULL,NULL),
(2076,0,36,2021,60,0,139,120,19,NULL,NULL,NULL),
(2077,0,2,2021,60,0,145,138,7,NULL,NULL,NULL),
(2078,0,3,2021,60,0,84,76,8,NULL,NULL,NULL),
(2079,0,23,2021,60,0,73,62,11,NULL,NULL,NULL),
(2080,0,38,2021,60,0,4,3,1,NULL,NULL,NULL),
(2081,0,57,2021,60,0,1,0,1,NULL,NULL,NULL),
(2082,0,24,2021,60,0,101,96,5,NULL,NULL,NULL),
(2083,0,4,2021,60,0,260,244,16,NULL,NULL,NULL),
(2084,0,25,2021,60,0,162,153,9,NULL,NULL,NULL),
(2085,0,5,2021,60,0,68,68,0,NULL,NULL,NULL),
(2086,0,6,2021,60,0,350,324,26,NULL,NULL,NULL),
(2087,0,7,2021,60,0,37,37,0,NULL,NULL,NULL),
(2088,0,8,2021,60,0,49,43,6,NULL,NULL,NULL),
(2089,0,26,2021,60,0,72,70,2,NULL,NULL,NULL),
(2090,0,9,2021,60,0,333,297,36,NULL,NULL,NULL),
(2091,0,10,2021,60,0,101,85,16,NULL,NULL,NULL),
(2092,0,27,2021,60,0,23,20,3,NULL,NULL,NULL),
(2093,0,42,2021,60,0,1,1,0,NULL,NULL,NULL),
(2094,0,28,2021,60,0,102,96,6,NULL,NULL,NULL),
(2095,0,55,2021,60,0,1,1,0,NULL,NULL,NULL),
(2096,0,58,2021,60,0,4,2,2,NULL,NULL,NULL),
(2097,0,11,2021,60,0,147,140,7,NULL,NULL,NULL),
(2098,0,45,2021,60,0,1,0,1,NULL,NULL,NULL),
(2099,0,40,2021,60,0,19,13,6,NULL,NULL,NULL),
(2100,0,39,2021,60,0,3,3,0,NULL,NULL,NULL),
(2101,0,12,2021,60,0,71,64,7,NULL,NULL,NULL),
(2102,0,29,2021,60,0,71,68,3,NULL,NULL,NULL),
(2103,0,13,2021,60,0,61,57,4,NULL,NULL,NULL),
(2104,0,14,2021,60,0,41,40,1,NULL,NULL,NULL),
(2105,0,15,2021,60,0,90,88,2,NULL,NULL,NULL),
(2106,0,16,2021,60,0,83,80,3,NULL,NULL,NULL),
(2107,0,17,2021,60,0,168,161,7,NULL,NULL,NULL),
(2108,0,43,2021,60,0,2,0,2,NULL,NULL,NULL),
(2109,0,30,2021,60,0,237,210,27,NULL,NULL,NULL),
(2110,0,18,2021,60,0,75,59,16,NULL,NULL,NULL),
(2111,0,31,2021,60,0,186,176,10,NULL,NULL,NULL),
(2112,0,19,2021,60,0,57,52,5,NULL,NULL,NULL),
(2113,0,20,2021,60,0,141,130,11,NULL,NULL,NULL),
(2114,0,32,2021,60,0,38,35,3,NULL,NULL,NULL),
(2115,0,33,2021,61,0,21,20,1,NULL,NULL,NULL),
(2116,0,1,2021,61,0,140,129,11,NULL,NULL,NULL),
(2117,0,21,2021,61,0,23,20,3,NULL,NULL,NULL),
(2118,0,34,2021,61,0,60,53,7,NULL,NULL,NULL),
(2119,0,52,2021,61,0,5,5,0,NULL,NULL,NULL),
(2120,0,22,2021,61,0,17,15,2,NULL,NULL,NULL),
(2121,0,36,2021,61,0,94,83,11,NULL,NULL,NULL),
(2122,0,2,2021,61,0,49,45,4,NULL,NULL,NULL),
(2123,0,3,2021,61,0,73,71,2,NULL,NULL,NULL),
(2124,0,23,2021,61,0,69,61,8,NULL,NULL,NULL),
(2125,0,38,2021,61,0,2,2,0,NULL,NULL,NULL),
(2126,0,24,2021,61,0,84,79,5,NULL,NULL,NULL),
(2127,0,4,2021,61,0,94,86,8,NULL,NULL,NULL),
(2128,0,25,2021,61,0,94,86,8,NULL,NULL,NULL),
(2129,0,5,2021,61,0,61,55,6,NULL,NULL,NULL),
(2130,0,6,2021,61,0,142,125,17,NULL,NULL,NULL),
(2131,0,47,2021,61,0,1,1,0,NULL,NULL,NULL),
(2132,0,7,2021,61,0,18,17,1,NULL,NULL,NULL),
(2133,0,8,2021,61,0,33,29,4,NULL,NULL,NULL),
(2134,0,26,2021,61,0,19,18,1,NULL,NULL,NULL),
(2135,0,9,2021,61,0,246,217,29,NULL,NULL,NULL),
(2136,0,10,2021,61,0,96,77,19,NULL,NULL,NULL),
(2137,0,27,2021,61,0,13,11,2,NULL,NULL,NULL),
(2138,0,42,2021,61,0,1,1,0,NULL,NULL,NULL),
(2139,0,28,2021,61,0,136,118,18,NULL,NULL,NULL),
(2140,0,58,2021,61,0,1,0,1,NULL,NULL,NULL),
(2141,0,11,2021,61,0,125,119,6,NULL,NULL,NULL),
(2142,0,40,2021,61,0,6,5,1,NULL,NULL,NULL),
(2143,0,39,2021,61,0,1,0,1,NULL,NULL,NULL),
(2144,0,12,2021,61,0,84,82,2,NULL,NULL,NULL),
(2145,0,29,2021,61,0,34,33,1,NULL,NULL,NULL),
(2146,0,13,2021,61,0,55,53,2,NULL,NULL,NULL),
(2147,0,46,2021,61,0,2,1,1,NULL,NULL,NULL),
(2148,0,14,2021,61,0,52,49,3,NULL,NULL,NULL),
(2149,0,15,2021,61,0,151,149,2,NULL,NULL,NULL),
(2150,0,16,2021,61,0,24,22,2,NULL,NULL,NULL),
(2151,0,17,2021,61,0,95,93,2,NULL,NULL,NULL),
(2152,0,43,2021,61,0,2,2,0,NULL,NULL,NULL),
(2153,0,30,2021,61,0,181,166,15,NULL,NULL,NULL),
(2154,0,18,2021,61,0,60,45,15,NULL,NULL,NULL),
(2155,0,31,2021,61,0,131,115,16,NULL,NULL,NULL),
(2156,0,19,2021,61,0,45,43,2,NULL,NULL,NULL),
(2157,0,20,2021,61,0,104,93,11,NULL,NULL,NULL),
(2158,0,32,2021,61,0,47,45,2,NULL,NULL,NULL),
(2159,0,33,2021,62,0,50,50,0,NULL,NULL,NULL),
(2160,0,41,2021,62,0,1,1,0,NULL,NULL,NULL),
(2161,0,1,2021,62,0,638,627,11,NULL,NULL,NULL),
(2162,0,21,2021,62,0,38,32,6,NULL,NULL,NULL),
(2163,0,34,2021,62,0,69,62,7,NULL,NULL,NULL),
(2164,0,52,2021,62,0,7,6,1,NULL,NULL,NULL),
(2165,0,22,2021,62,0,32,30,2,NULL,NULL,NULL),
(2166,0,36,2021,62,0,126,103,23,NULL,NULL,NULL),
(2167,0,2,2021,62,0,122,118,4,NULL,NULL,NULL),
(2168,0,3,2021,62,0,163,155,8,NULL,NULL,NULL),
(2169,0,23,2021,62,0,82,71,11,NULL,NULL,NULL),
(2170,0,38,2021,62,0,1,1,0,NULL,NULL,NULL),
(2171,0,24,2021,62,0,161,152,9,NULL,NULL,NULL),
(2172,0,4,2021,62,0,266,252,14,NULL,NULL,NULL),
(2173,0,25,2021,62,0,107,101,6,NULL,NULL,NULL),
(2174,0,5,2021,62,0,210,203,7,NULL,NULL,NULL),
(2175,0,6,2021,62,0,343,323,20,NULL,NULL,NULL),
(2176,0,7,2021,62,0,33,30,3,NULL,NULL,NULL),
(2177,0,8,2021,62,0,46,39,7,NULL,NULL,NULL),
(2178,0,26,2021,62,0,119,119,0,NULL,NULL,NULL),
(2179,0,9,2021,62,0,485,458,27,NULL,NULL,NULL),
(2180,0,10,2021,62,0,167,148,19,NULL,NULL,NULL),
(2181,0,27,2021,62,0,20,17,3,NULL,NULL,NULL),
(2182,0,42,2021,62,0,4,4,0,NULL,NULL,NULL),
(2183,0,28,2021,62,0,608,565,43,NULL,NULL,NULL),
(2184,0,11,2021,62,0,118,112,6,NULL,NULL,NULL),
(2185,0,45,2021,62,0,1,0,1,NULL,NULL,NULL),
(2186,0,40,2021,62,0,13,6,7,NULL,NULL,NULL),
(2187,0,39,2021,62,0,3,3,0,NULL,NULL,NULL),
(2188,0,12,2021,62,0,101,89,12,NULL,NULL,NULL),
(2189,0,29,2021,62,0,32,32,0,NULL,NULL,NULL),
(2190,0,13,2021,62,0,113,106,7,NULL,NULL,NULL),
(2191,0,14,2021,62,0,89,84,5,NULL,NULL,NULL),
(2192,0,15,2021,62,0,132,125,7,NULL,NULL,NULL),
(2193,0,16,2021,62,0,97,91,6,NULL,NULL,NULL),
(2194,0,17,2021,62,0,253,242,11,NULL,NULL,NULL),
(2195,0,43,2021,62,0,6,5,1,NULL,NULL,NULL),
(2196,0,30,2021,62,0,176,159,17,NULL,NULL,NULL),
(2197,0,18,2021,62,0,103,91,12,NULL,NULL,NULL),
(2198,0,31,2021,62,0,312,296,16,NULL,NULL,NULL),
(2199,0,19,2021,62,0,182,176,6,NULL,NULL,NULL),
(2200,0,20,2021,62,0,285,274,11,NULL,NULL,NULL),
(2201,0,32,2021,62,0,45,43,2,NULL,NULL,NULL),
(2202,0,33,2021,63,0,48,47,1,NULL,NULL,NULL),
(2203,0,41,2021,63,0,2,2,0,NULL,NULL,NULL),
(2204,0,1,2021,63,0,576,554,22,NULL,NULL,NULL),
(2205,0,21,2021,63,0,61,56,5,NULL,NULL,NULL),
(2206,0,34,2021,63,0,92,83,9,NULL,NULL,NULL),
(2207,0,52,2021,63,0,1,1,0,NULL,NULL,NULL),
(2208,0,22,2021,63,0,57,51,6,NULL,NULL,NULL),
(2209,0,36,2021,63,0,217,199,18,NULL,NULL,NULL),
(2210,0,2,2021,63,0,181,167,14,NULL,NULL,NULL),
(2211,0,53,2021,63,0,1,1,0,NULL,NULL,NULL),
(2212,0,3,2021,63,0,324,306,18,NULL,NULL,NULL),
(2213,0,23,2021,63,0,95,78,17,NULL,NULL,NULL),
(2214,0,38,2021,63,0,1,1,0,NULL,NULL,NULL),
(2215,0,24,2021,63,0,436,417,19,NULL,NULL,NULL),
(2216,0,4,2021,63,0,143,128,15,NULL,NULL,NULL),
(2217,0,25,2021,63,0,175,169,6,NULL,NULL,NULL),
(2218,0,5,2021,63,0,277,270,7,NULL,NULL,NULL),
(2219,0,6,2021,63,0,383,366,17,NULL,NULL,NULL),
(2220,0,54,2021,63,0,1,1,0,NULL,NULL,NULL),
(2221,0,7,2021,63,0,37,32,5,NULL,NULL,NULL),
(2222,0,8,2021,63,0,57,50,7,NULL,NULL,NULL),
(2223,0,26,2021,63,0,83,81,2,NULL,NULL,NULL),
(2224,0,9,2021,63,0,400,348,52,NULL,NULL,NULL),
(2225,0,10,2021,63,0,141,125,16,NULL,NULL,NULL),
(2226,0,27,2021,63,0,22,13,9,NULL,NULL,NULL),
(2227,0,42,2021,63,0,1,1,0,NULL,NULL,NULL),
(2228,0,28,2021,63,0,1220,1128,92,NULL,NULL,NULL),
(2229,0,50,2021,63,0,1,1,0,NULL,NULL,NULL),
(2230,0,58,2021,63,0,1,1,0,NULL,NULL,NULL),
(2231,0,11,2021,63,0,145,139,6,NULL,NULL,NULL),
(2232,0,40,2021,63,0,16,11,5,NULL,NULL,NULL),
(2233,0,39,2021,63,0,2,2,0,NULL,NULL,NULL),
(2234,0,12,2021,63,0,196,172,24,NULL,NULL,NULL),
(2235,0,29,2021,63,0,35,31,4,NULL,NULL,NULL),
(2236,0,13,2021,63,0,120,115,5,NULL,NULL,NULL),
(2237,0,46,2021,63,0,1,1,0,NULL,NULL,NULL),
(2238,0,14,2021,63,0,69,63,6,NULL,NULL,NULL),
(2239,0,15,2021,63,0,200,192,8,NULL,NULL,NULL),
(2240,0,16,2021,63,0,102,96,6,NULL,NULL,NULL),
(2241,0,17,2021,63,0,237,224,13,NULL,NULL,NULL),
(2242,0,43,2021,63,0,3,3,0,NULL,NULL,NULL),
(2243,0,30,2021,63,0,306,281,25,NULL,NULL,NULL),
(2244,0,18,2021,63,0,115,92,23,NULL,NULL,NULL),
(2245,0,31,2021,63,0,548,519,29,NULL,NULL,NULL),
(2246,0,19,2021,63,0,90,89,1,NULL,NULL,NULL),
(2247,0,20,2021,63,0,179,172,7,NULL,NULL,NULL),
(2248,0,32,2021,63,0,94,89,5,NULL,NULL,NULL),
(2249,0,33,2021,64,0,99,94,5,NULL,NULL,NULL),
(2250,0,41,2021,64,0,1,1,0,NULL,NULL,NULL),
(2251,0,1,2021,64,0,607,589,18,NULL,NULL,NULL),
(2252,0,21,2021,64,0,60,59,1,NULL,NULL,NULL),
(2253,0,59,2021,64,0,1,0,1,NULL,NULL,NULL),
(2254,0,34,2021,64,0,154,137,17,NULL,NULL,NULL),
(2255,0,52,2021,64,0,9,8,1,NULL,NULL,NULL),
(2256,0,22,2021,64,0,219,216,3,NULL,NULL,NULL),
(2257,0,36,2021,64,0,201,178,23,NULL,NULL,NULL),
(2258,0,2,2021,64,0,249,235,14,NULL,NULL,NULL),
(2259,0,53,2021,64,0,3,3,0,NULL,NULL,NULL),
(2260,0,3,2021,64,0,501,459,42,NULL,NULL,NULL),
(2261,0,23,2021,64,0,166,145,21,NULL,NULL,NULL),
(2262,0,38,2021,64,0,4,2,2,NULL,NULL,NULL),
(2263,0,24,2021,64,0,759,725,34,NULL,NULL,NULL),
(2264,0,4,2021,64,0,184,170,14,NULL,NULL,NULL),
(2265,0,25,2021,64,0,185,178,7,NULL,NULL,NULL),
(2266,0,5,2021,64,0,250,238,12,NULL,NULL,NULL),
(2267,0,6,2021,64,0,341,318,23,NULL,NULL,NULL),
(2268,0,47,2021,64,0,1,1,0,NULL,NULL,NULL),
(2269,0,7,2021,64,0,46,43,3,NULL,NULL,NULL),
(2270,0,8,2021,64,0,85,80,5,NULL,NULL,NULL),
(2271,0,26,2021,64,0,120,118,2,NULL,NULL,NULL),
(2272,0,9,2021,64,0,546,438,108,NULL,NULL,NULL),
(2273,0,60,2021,64,0,1,1,0,NULL,NULL,NULL),
(2274,0,10,2021,64,0,156,146,10,NULL,NULL,NULL),
(2275,0,27,2021,64,0,42,32,10,NULL,NULL,NULL),
(2276,0,42,2021,64,0,2,2,0,NULL,NULL,NULL),
(2277,0,28,2021,64,0,1345,1176,169,NULL,NULL,NULL),
(2278,0,50,2021,64,0,2,2,0,NULL,NULL,NULL),
(2279,0,11,2021,64,0,209,201,8,NULL,NULL,NULL),
(2280,0,45,2021,64,0,2,2,0,NULL,NULL,NULL),
(2281,0,37,2021,64,0,1,1,0,NULL,NULL,NULL),
(2282,0,40,2021,64,0,8,5,3,NULL,NULL,NULL),
(2283,0,39,2021,64,0,4,4,0,NULL,NULL,NULL),
(2284,0,12,2021,64,0,271,227,44,NULL,NULL,NULL),
(2285,0,29,2021,64,0,87,80,7,NULL,NULL,NULL),
(2286,0,13,2021,64,0,156,143,13,NULL,NULL,NULL),
(2287,0,14,2021,64,0,56,53,3,NULL,NULL,NULL),
(2288,0,15,2021,64,0,166,155,11,NULL,NULL,NULL),
(2289,0,16,2021,64,0,178,168,10,NULL,NULL,NULL),
(2290,0,17,2021,64,0,399,384,15,NULL,NULL,NULL),
(2291,0,43,2021,64,0,4,4,0,NULL,NULL,NULL),
(2292,0,30,2021,64,0,302,283,19,NULL,NULL,NULL),
(2293,0,56,2021,64,0,2,2,0,NULL,NULL,NULL),
(2294,0,18,2021,64,0,106,90,16,NULL,NULL,NULL),
(2295,0,31,2021,64,0,473,436,37,NULL,NULL,NULL),
(2296,0,19,2021,64,0,82,82,0,NULL,NULL,NULL),
(2297,0,20,2021,64,0,225,208,17,NULL,NULL,NULL),
(2298,0,32,2021,64,0,94,90,4,NULL,NULL,NULL),
(2299,0,33,2021,65,0,216,205,11,NULL,NULL,NULL),
(2300,0,41,2021,65,0,2,2,0,NULL,NULL,NULL),
(2301,0,1,2021,65,0,327,307,20,NULL,NULL,NULL),
(2302,0,21,2021,65,0,109,102,7,NULL,NULL,NULL),
(2303,0,34,2021,65,0,264,238,26,NULL,NULL,NULL),
(2304,0,52,2021,65,0,11,8,3,NULL,NULL,NULL),
(2305,0,22,2021,65,0,106,99,7,NULL,NULL,NULL),
(2306,0,36,2021,65,0,193,165,28,NULL,NULL,NULL),
(2307,0,2,2021,65,0,275,258,17,NULL,NULL,NULL),
(2308,0,53,2021,65,0,5,5,0,NULL,NULL,NULL),
(2309,0,3,2021,65,0,655,609,46,NULL,NULL,NULL),
(2310,0,23,2021,65,0,227,190,37,NULL,NULL,NULL),
(2311,0,24,2021,65,0,1354,1286,68,NULL,NULL,NULL),
(2312,0,4,2021,65,0,332,316,16,NULL,NULL,NULL),
(2313,0,25,2021,65,0,281,259,22,NULL,NULL,NULL),
(2314,0,5,2021,65,0,484,474,10,NULL,NULL,NULL),
(2315,0,6,2021,65,0,612,588,24,NULL,NULL,NULL),
(2316,0,47,2021,65,0,1,1,0,NULL,NULL,NULL),
(2317,0,54,2021,65,0,1,1,0,NULL,NULL,NULL),
(2318,0,7,2021,65,0,71,69,2,NULL,NULL,NULL),
(2319,0,8,2021,65,0,163,151,12,NULL,NULL,NULL),
(2320,0,26,2021,65,0,107,102,5,NULL,NULL,NULL),
(2321,0,9,2021,65,0,958,796,162,NULL,NULL,NULL),
(2322,0,10,2021,65,0,193,171,22,NULL,NULL,NULL),
(2323,0,27,2021,65,0,38,35,3,NULL,NULL,NULL),
(2324,0,42,2021,65,0,5,5,0,NULL,NULL,NULL),
(2325,0,28,2021,65,0,1679,1514,165,NULL,NULL,NULL),
(2326,0,50,2021,65,0,1,1,0,NULL,NULL,NULL),
(2327,0,55,2021,65,0,2,2,0,NULL,NULL,NULL),
(2328,0,11,2021,65,0,288,271,17,NULL,NULL,NULL),
(2329,0,40,2021,65,0,10,7,3,NULL,NULL,NULL),
(2330,0,39,2021,65,0,6,6,0,NULL,NULL,NULL),
(2331,0,12,2021,65,0,386,299,87,NULL,NULL,NULL),
(2332,0,29,2021,65,0,210,198,12,NULL,NULL,NULL),
(2333,0,13,2021,65,0,248,224,24,NULL,NULL,NULL),
(2334,0,46,2021,65,0,3,3,0,NULL,NULL,NULL),
(2335,0,14,2021,65,0,59,55,4,NULL,NULL,NULL),
(2336,0,15,2021,65,0,302,298,4,NULL,NULL,NULL),
(2337,0,16,2021,65,0,375,349,26,NULL,NULL,NULL),
(2338,0,17,2021,65,0,701,674,27,NULL,NULL,NULL),
(2339,0,43,2021,65,0,6,6,0,NULL,NULL,NULL),
(2340,0,30,2021,65,0,436,410,26,NULL,NULL,NULL),
(2341,0,18,2021,65,0,114,93,21,NULL,NULL,NULL),
(2342,0,31,2021,65,0,555,518,37,NULL,NULL,NULL),
(2343,0,19,2021,65,0,302,294,8,NULL,NULL,NULL),
(2344,0,61,2021,65,0,1,1,0,NULL,NULL,NULL),
(2345,0,20,2021,65,0,271,240,31,NULL,NULL,NULL),
(2346,0,32,2021,65,0,128,124,4,NULL,NULL,NULL),
(2347,0,33,2021,66,0,365,343,22,NULL,NULL,NULL),
(2348,0,41,2021,66,0,6,4,2,NULL,NULL,NULL),
(2349,0,1,2021,66,0,918,878,40,NULL,NULL,NULL),
(2350,0,21,2021,66,0,167,158,9,NULL,NULL,NULL),
(2351,0,34,2021,66,0,510,434,76,NULL,NULL,NULL),
(2352,0,52,2021,66,0,5,5,0,NULL,NULL,NULL),
(2353,0,22,2021,66,0,97,90,7,NULL,NULL,NULL),
(2354,0,36,2021,66,0,240,208,32,NULL,NULL,NULL),
(2355,0,2,2021,66,0,393,353,40,NULL,NULL,NULL),
(2356,0,3,2021,66,0,666,575,91,NULL,NULL,NULL),
(2357,0,23,2021,66,0,592,546,46,NULL,NULL,NULL),
(2358,0,38,2021,66,0,11,9,2,NULL,NULL,NULL),
(2359,0,24,2021,66,0,1423,1340,83,NULL,NULL,NULL),
(2360,0,4,2021,66,0,518,486,32,NULL,NULL,NULL),
(2361,0,25,2021,66,0,557,519,38,NULL,NULL,NULL),
(2362,0,5,2021,66,0,1092,1063,29,NULL,NULL,NULL),
(2363,0,6,2021,66,0,1192,1133,59,NULL,NULL,NULL),
(2364,0,47,2021,66,0,2,2,0,NULL,NULL,NULL),
(2365,0,54,2021,66,0,1,1,0,NULL,NULL,NULL),
(2366,0,7,2021,66,0,95,91,4,NULL,NULL,NULL),
(2367,0,8,2021,66,0,240,222,18,NULL,NULL,NULL),
(2368,0,26,2021,66,0,127,126,1,NULL,NULL,NULL),
(2369,0,9,2021,66,0,1452,1183,269,NULL,NULL,NULL),
(2370,0,10,2021,66,0,292,264,28,NULL,NULL,NULL),
(2371,0,27,2021,66,0,93,86,7,NULL,NULL,NULL),
(2372,0,42,2021,66,0,7,7,0,NULL,NULL,NULL),
(2373,0,28,2021,66,0,1505,1373,132,NULL,NULL,NULL),
(2374,0,50,2021,66,0,6,6,0,NULL,NULL,NULL),
(2375,0,58,2021,66,0,3,3,0,NULL,NULL,NULL),
(2376,0,11,2021,66,0,604,581,23,NULL,NULL,NULL),
(2377,0,45,2021,66,0,4,3,1,NULL,NULL,NULL),
(2378,0,40,2021,66,0,5,4,1,NULL,NULL,NULL),
(2379,0,39,2021,66,0,3,3,0,NULL,NULL,NULL),
(2380,0,12,2021,66,0,423,314,109,NULL,NULL,NULL),
(2381,0,29,2021,66,0,286,265,21,NULL,NULL,NULL),
(2382,0,13,2021,66,0,427,398,29,NULL,NULL,NULL),
(2383,0,14,2021,66,0,149,141,8,NULL,NULL,NULL),
(2384,0,49,2021,66,0,2,2,0,NULL,NULL,NULL),
(2385,0,15,2021,66,0,387,362,25,NULL,NULL,NULL),
(2386,0,16,2021,66,0,472,417,55,NULL,NULL,NULL),
(2387,0,17,2021,66,0,743,714,29,NULL,NULL,NULL),
(2388,0,43,2021,66,0,5,5,0,NULL,NULL,NULL),
(2389,0,30,2021,66,0,574,534,40,NULL,NULL,NULL),
(2390,0,56,2021,66,0,1,1,0,NULL,NULL,NULL),
(2391,0,51,2021,66,0,2,1,1,NULL,NULL,NULL),
(2392,0,18,2021,66,0,224,188,36,NULL,NULL,NULL),
(2393,0,31,2021,66,0,507,468,39,NULL,NULL,NULL),
(2394,0,62,2021,66,0,1,1,0,NULL,NULL,NULL),
(2395,0,19,2021,66,0,421,410,11,NULL,NULL,NULL),
(2396,0,20,2021,66,0,417,370,47,NULL,NULL,NULL),
(2397,0,32,2021,66,0,245,229,16,NULL,NULL,NULL),
(2398,0,33,2021,67,0,566,533,33,NULL,NULL,NULL),
(2399,0,41,2021,67,0,3,1,2,NULL,NULL,NULL),
(2400,0,1,2021,67,0,1876,1796,80,NULL,NULL,NULL),
(2401,0,21,2021,67,0,308,284,24,NULL,NULL,NULL),
(2402,0,34,2021,67,0,585,527,58,NULL,NULL,NULL),
(2403,0,52,2021,67,0,8,4,4,NULL,NULL,NULL),
(2404,0,22,2021,67,0,138,119,19,NULL,NULL,NULL),
(2405,0,36,2021,67,0,342,287,55,NULL,NULL,NULL),
(2406,0,2,2021,67,0,465,429,36,NULL,NULL,NULL),
(2407,0,53,2021,67,0,3,2,1,NULL,NULL,NULL),
(2408,0,3,2021,67,0,622,540,82,NULL,NULL,NULL),
(2409,0,23,2021,67,0,378,339,39,NULL,NULL,NULL),
(2410,0,38,2021,67,0,9,8,1,NULL,NULL,NULL),
(2411,0,57,2021,67,0,2,2,0,NULL,NULL,NULL),
(2412,0,24,2021,67,0,872,817,55,NULL,NULL,NULL),
(2413,0,4,2021,67,0,785,735,50,NULL,NULL,NULL),
(2414,0,25,2021,67,0,791,743,48,NULL,NULL,NULL),
(2415,0,5,2021,67,0,1178,1127,51,NULL,NULL,NULL),
(2416,0,6,2021,67,0,1136,1023,113,NULL,NULL,NULL),
(2417,0,54,2021,67,0,1,1,0,NULL,NULL,NULL),
(2418,0,7,2021,67,0,196,185,11,NULL,NULL,NULL),
(2419,0,8,2021,67,0,343,324,19,NULL,NULL,NULL),
(2420,0,26,2021,67,0,49,43,6,NULL,NULL,NULL),
(2421,0,9,2021,67,0,1665,1342,323,NULL,NULL,NULL),
(2422,0,10,2021,67,0,378,332,46,NULL,NULL,NULL),
(2423,0,27,2021,67,0,103,96,7,NULL,NULL,NULL),
(2424,0,42,2021,67,0,4,4,0,NULL,NULL,NULL),
(2425,0,28,2021,67,0,1383,1287,96,NULL,NULL,NULL),
(2426,0,50,2021,67,0,12,9,3,NULL,NULL,NULL),
(2427,0,55,2021,67,0,1,0,1,NULL,NULL,NULL),
(2428,0,58,2021,67,0,1,1,0,NULL,NULL,NULL),
(2429,0,11,2021,67,0,474,446,28,NULL,NULL,NULL),
(2430,0,45,2021,67,0,2,2,0,NULL,NULL,NULL),
(2431,0,48,2021,67,0,1,1,0,NULL,NULL,NULL),
(2432,0,37,2021,67,0,1,1,0,NULL,NULL,NULL),
(2433,0,40,2021,67,0,19,18,1,NULL,NULL,NULL),
(2434,0,39,2021,67,0,9,6,3,NULL,NULL,NULL),
(2435,0,12,2021,67,0,406,304,102,NULL,NULL,NULL),
(2436,0,29,2021,67,0,304,276,28,NULL,NULL,NULL),
(2437,0,13,2021,67,0,726,658,68,NULL,NULL,NULL),
(2438,0,14,2021,67,0,129,113,16,NULL,NULL,NULL),
(2439,0,63,2021,67,0,1,1,0,NULL,NULL,NULL),
(2440,0,15,2021,67,0,766,728,38,NULL,NULL,NULL),
(2441,0,16,2021,67,0,645,583,62,NULL,NULL,NULL),
(2442,0,17,2021,67,0,642,587,55,NULL,NULL,NULL),
(2443,0,43,2021,67,0,19,15,4,NULL,NULL,NULL),
(2444,0,30,2021,67,0,751,692,59,NULL,NULL,NULL),
(2445,0,56,2021,67,0,1,1,0,NULL,NULL,NULL),
(2446,0,18,2021,67,0,506,460,46,NULL,NULL,NULL),
(2447,0,64,2021,67,0,1,1,0,NULL,NULL,NULL),
(2448,0,65,2021,67,0,2,1,1,NULL,NULL,NULL),
(2449,0,31,2021,67,0,640,608,32,NULL,NULL,NULL),
(2450,0,19,2021,67,0,486,466,20,NULL,NULL,NULL),
(2451,0,20,2021,67,0,359,291,68,NULL,NULL,NULL),
(2452,0,32,2021,67,0,351,324,27,NULL,NULL,NULL),
(2453,0,33,2021,68,0,879,824,55,NULL,NULL,NULL),
(2454,0,41,2021,68,0,5,5,0,NULL,NULL,NULL),
(2455,0,1,2021,68,0,2722,2613,109,NULL,NULL,NULL),
(2456,0,21,2021,68,0,388,364,24,NULL,NULL,NULL),
(2457,0,34,2021,68,0,190,158,32,NULL,NULL,NULL),
(2458,0,52,2021,68,0,5,4,1,NULL,NULL,NULL),
(2459,0,22,2021,68,0,110,92,18,NULL,NULL,NULL),
(2460,0,36,2021,68,0,289,228,61,NULL,NULL,NULL),
(2461,0,2,2021,68,0,504,458,46,NULL,NULL,NULL),
(2462,0,3,2021,68,0,479,401,78,NULL,NULL,NULL),
(2463,0,23,2021,68,0,301,275,26,NULL,NULL,NULL),
(2464,0,38,2021,68,0,7,6,1,NULL,NULL,NULL),
(2465,0,24,2021,68,0,468,400,68,NULL,NULL,NULL),
(2466,0,4,2021,68,0,926,871,55,NULL,NULL,NULL),
(2467,0,25,2021,68,0,987,925,62,NULL,NULL,NULL),
(2468,0,5,2021,68,0,924,860,64,NULL,NULL,NULL),
(2469,0,6,2021,68,0,1012,872,140,NULL,NULL,NULL),
(2470,0,7,2021,68,0,167,154,13,NULL,NULL,NULL),
(2471,0,8,2021,68,0,335,303,32,NULL,NULL,NULL),
(2472,0,26,2021,68,0,121,113,8,NULL,NULL,NULL),
(2473,0,9,2021,68,0,1763,1417,346,NULL,NULL,NULL),
(2474,0,60,2021,68,0,1,1,0,NULL,NULL,NULL),
(2475,0,10,2021,68,0,447,376,71,NULL,NULL,NULL),
(2476,0,27,2021,68,0,94,79,15,NULL,NULL,NULL),
(2477,0,42,2021,68,0,8,8,0,NULL,NULL,NULL),
(2478,0,28,2021,68,0,1339,1286,53,NULL,NULL,NULL),
(2479,0,50,2021,68,0,2,2,0,NULL,NULL,NULL),
(2480,0,11,2021,68,0,583,539,44,NULL,NULL,NULL),
(2481,0,45,2021,68,0,6,6,0,NULL,NULL,NULL),
(2482,0,37,2021,68,0,2,2,0,NULL,NULL,NULL),
(2483,0,40,2021,68,0,9,9,0,NULL,NULL,NULL),
(2484,0,39,2021,68,0,4,3,1,NULL,NULL,NULL),
(2485,0,12,2021,68,0,387,272,115,NULL,NULL,NULL),
(2486,0,29,2021,68,0,288,264,24,NULL,NULL,NULL),
(2487,0,13,2021,68,0,706,647,59,NULL,NULL,NULL),
(2488,0,46,2021,68,0,1,1,0,NULL,NULL,NULL),
(2489,0,14,2021,68,0,208,188,20,NULL,NULL,NULL),
(2490,0,15,2021,68,0,874,822,52,NULL,NULL,NULL),
(2491,0,16,2021,68,0,728,648,80,NULL,NULL,NULL),
(2492,0,17,2021,68,0,645,570,75,NULL,NULL,NULL),
(2493,0,43,2021,68,0,13,10,3,NULL,NULL,NULL),
(2494,0,30,2021,68,0,578,531,47,NULL,NULL,NULL),
(2495,0,51,2021,68,0,1,1,0,NULL,NULL,NULL),
(2496,0,18,2021,68,0,447,367,80,NULL,NULL,NULL),
(2497,0,31,2021,68,0,605,555,50,NULL,NULL,NULL),
(2498,0,19,2021,68,0,804,769,35,NULL,NULL,NULL),
(2499,0,61,2021,68,0,1,1,0,NULL,NULL,NULL),
(2500,0,20,2021,68,0,339,269,70,NULL,NULL,NULL),
(2501,0,32,2021,68,0,1048,1010,38,NULL,NULL,NULL),
(2502,0,33,2021,69,0,826,758,68,NULL,NULL,NULL),
(2503,0,41,2021,69,0,3,3,0,NULL,NULL,NULL),
(2504,0,1,2021,69,0,3192,3031,161,NULL,NULL,NULL),
(2505,0,21,2021,69,0,613,571,42,NULL,NULL,NULL),
(2506,0,34,2021,69,0,346,303,43,NULL,NULL,NULL),
(2507,0,52,2021,69,0,23,18,5,NULL,NULL,NULL),
(2508,0,22,2021,69,0,261,241,20,NULL,NULL,NULL),
(2509,0,36,2021,69,0,658,600,58,NULL,NULL,NULL),
(2510,0,2,2021,69,0,501,442,59,NULL,NULL,NULL),
(2511,0,3,2021,69,0,548,495,53,NULL,NULL,NULL),
(2512,0,23,2021,69,0,767,738,29,NULL,NULL,NULL),
(2513,0,38,2021,69,0,6,3,3,NULL,NULL,NULL),
(2514,0,57,2021,69,0,1,1,0,NULL,NULL,NULL),
(2515,0,24,2021,69,0,1529,1464,65,NULL,NULL,NULL),
(2516,0,4,2021,69,0,1183,1108,75,NULL,NULL,NULL),
(2517,0,25,2021,69,0,868,807,61,NULL,NULL,NULL),
(2518,0,5,2021,69,0,1270,1182,88,NULL,NULL,NULL),
(2519,0,6,2021,69,0,1524,1334,190,NULL,NULL,NULL),
(2520,0,47,2021,69,0,3,3,0,NULL,NULL,NULL),
(2521,0,54,2021,69,0,3,2,1,NULL,NULL,NULL),
(2522,0,7,2021,69,0,456,434,22,NULL,NULL,NULL),
(2523,0,8,2021,69,0,445,409,36,NULL,NULL,NULL),
(2524,0,26,2021,69,0,402,399,3,NULL,NULL,NULL),
(2525,0,9,2021,69,0,3111,2761,350,NULL,NULL,NULL),
(2526,0,10,2021,69,0,1199,1138,61,NULL,NULL,NULL),
(2527,0,27,2021,69,0,305,295,10,NULL,NULL,NULL),
(2528,0,42,2021,69,0,8,7,1,NULL,NULL,NULL),
(2529,0,28,2021,69,0,936,908,28,NULL,NULL,NULL),
(2530,0,50,2021,69,0,3,3,0,NULL,NULL,NULL),
(2531,0,11,2021,69,0,1491,1418,73,NULL,NULL,NULL),
(2532,0,45,2021,69,0,2,2,0,NULL,NULL,NULL),
(2533,0,48,2021,69,0,1,1,0,NULL,NULL,NULL),
(2534,0,37,2021,69,0,2,1,1,NULL,NULL,NULL),
(2535,0,40,2021,69,0,12,9,3,NULL,NULL,NULL),
(2536,0,39,2021,69,0,12,8,4,NULL,NULL,NULL),
(2537,0,66,2021,69,0,1,1,0,NULL,NULL,NULL),
(2538,0,12,2021,69,0,553,472,81,NULL,NULL,NULL),
(2539,0,29,2021,69,0,363,324,39,NULL,NULL,NULL),
(2540,0,13,2021,69,0,1083,998,85,NULL,NULL,NULL),
(2541,0,14,2021,69,0,400,377,23,NULL,NULL,NULL),
(2542,0,15,2021,69,0,940,894,46,NULL,NULL,NULL),
(2543,0,16,2021,69,0,493,436,57,NULL,NULL,NULL),
(2544,0,17,2021,69,0,1466,1406,60,NULL,NULL,NULL),
(2545,0,43,2021,69,0,25,23,2,NULL,NULL,NULL),
(2546,0,30,2021,69,0,879,805,74,NULL,NULL,NULL),
(2547,0,56,2021,69,0,1,1,0,NULL,NULL,NULL),
(2548,0,51,2021,69,0,1,1,0,NULL,NULL,NULL),
(2549,0,18,2021,69,0,724,629,95,NULL,NULL,NULL),
(2550,0,31,2021,69,0,693,648,45,NULL,NULL,NULL),
(2551,0,19,2021,69,0,857,804,53,NULL,NULL,NULL),
(2552,0,20,2021,69,0,666,599,67,NULL,NULL,NULL),
(2553,0,32,2021,69,0,657,615,42,NULL,NULL,NULL),
(2554,0,33,2021,70,0,770,724,46,NULL,NULL,NULL),
(2555,0,41,2021,70,0,7,6,1,NULL,NULL,NULL),
(2556,0,1,2021,70,0,2882,2770,112,NULL,NULL,NULL),
(2557,0,21,2021,70,0,473,416,57,NULL,NULL,NULL),
(2558,0,59,2021,70,0,1,0,1,NULL,NULL,NULL),
(2559,0,34,2021,70,0,248,201,47,NULL,NULL,NULL),
(2560,0,52,2021,70,0,7,5,2,NULL,NULL,NULL),
(2561,0,22,2021,70,0,1018,961,57,NULL,NULL,NULL),
(2562,0,36,2021,70,0,319,244,75,NULL,NULL,NULL),
(2563,0,2,2021,70,0,714,603,111,NULL,NULL,NULL),
(2564,0,53,2021,70,0,1,0,1,NULL,NULL,NULL),
(2565,0,3,2021,70,0,586,554,32,NULL,NULL,NULL),
(2566,0,67,2021,70,0,1,1,0,NULL,NULL,NULL),
(2567,0,23,2021,70,0,365,323,42,NULL,NULL,NULL),
(2568,0,38,2021,70,0,21,15,6,NULL,NULL,NULL),
(2569,0,24,2021,70,0,1735,1704,31,NULL,NULL,NULL),
(2570,0,4,2021,70,0,843,747,96,NULL,NULL,NULL),
(2571,0,25,2021,70,0,1473,1306,167,NULL,NULL,NULL),
(2572,0,5,2021,70,0,782,699,83,NULL,NULL,NULL),
(2573,0,6,2021,70,0,1669,1438,231,NULL,NULL,NULL),
(2574,0,47,2021,70,0,1,1,0,NULL,NULL,NULL),
(2575,0,54,2021,70,0,6,6,0,NULL,NULL,NULL),
(2576,0,7,2021,70,0,524,509,15,NULL,NULL,NULL),
(2577,0,8,2021,70,0,666,614,52,NULL,NULL,NULL),
(2578,0,26,2021,70,0,154,122,32,NULL,NULL,NULL),
(2579,0,9,2021,70,0,3106,2751,355,NULL,NULL,NULL),
(2580,0,10,2021,70,0,1771,1631,140,NULL,NULL,NULL),
(2581,0,27,2021,70,0,306,267,39,NULL,NULL,NULL),
(2582,0,42,2021,70,0,20,17,3,NULL,NULL,NULL),
(2583,0,28,2021,70,0,617,608,9,NULL,NULL,NULL),
(2584,0,50,2021,70,0,5,4,1,NULL,NULL,NULL),
(2585,0,55,2021,70,0,1,1,0,NULL,NULL,NULL),
(2586,0,58,2021,70,0,4,2,2,NULL,NULL,NULL),
(2587,0,11,2021,70,0,1474,1393,81,NULL,NULL,NULL),
(2588,0,45,2021,70,0,8,7,1,NULL,NULL,NULL),
(2589,0,48,2021,70,0,3,2,1,NULL,NULL,NULL),
(2590,0,37,2021,70,0,4,3,1,NULL,NULL,NULL),
(2591,0,40,2021,70,0,19,13,6,NULL,NULL,NULL),
(2592,0,39,2021,70,0,21,14,7,NULL,NULL,NULL),
(2593,0,12,2021,70,0,478,418,60,NULL,NULL,NULL),
(2594,0,29,2021,70,0,766,710,56,NULL,NULL,NULL),
(2595,0,13,2021,70,0,1189,1106,83,NULL,NULL,NULL),
(2596,0,46,2021,70,0,4,2,2,NULL,NULL,NULL),
(2597,0,14,2021,70,0,139,125,14,NULL,NULL,NULL),
(2598,0,49,2021,70,0,1,1,0,NULL,NULL,NULL),
(2599,0,15,2021,70,0,1619,1551,68,NULL,NULL,NULL),
(2600,0,16,2021,70,0,500,430,70,NULL,NULL,NULL),
(2601,0,17,2021,70,0,1013,895,118,NULL,NULL,NULL),
(2602,0,43,2021,70,0,40,34,6,NULL,NULL,NULL),
(2603,0,30,2021,70,0,1020,943,77,NULL,NULL,NULL),
(2604,0,51,2021,70,0,1,1,0,NULL,NULL,NULL),
(2605,0,18,2021,70,0,577,460,117,NULL,NULL,NULL),
(2606,0,64,2021,70,0,1,1,0,NULL,NULL,NULL),
(2607,0,31,2021,70,0,1210,1109,101,NULL,NULL,NULL),
(2608,0,19,2021,70,0,807,745,62,NULL,NULL,NULL),
(2609,0,61,2021,70,0,1,1,0,NULL,NULL,NULL),
(2610,0,20,2021,70,0,671,524,147,NULL,NULL,NULL),
(2611,0,32,2021,70,0,1244,1175,69,NULL,NULL,NULL),
(2612,0,33,2021,71,0,1423,1371,52,NULL,NULL,NULL),
(2613,0,41,2021,71,0,25,22,3,NULL,NULL,NULL),
(2614,0,1,2021,71,0,4327,4075,252,NULL,NULL,NULL),
(2615,0,21,2021,71,0,587,541,46,NULL,NULL,NULL),
(2616,0,34,2021,71,0,672,585,87,NULL,NULL,NULL),
(2617,0,52,2021,71,0,5,4,1,NULL,NULL,NULL),
(2618,0,22,2021,71,0,1607,1513,94,NULL,NULL,NULL),
(2619,0,36,2021,71,0,864,766,98,NULL,NULL,NULL),
(2620,0,2,2021,71,0,1972,1808,164,NULL,NULL,NULL),
(2621,0,53,2021,71,0,1,1,0,NULL,NULL,NULL),
(2622,0,3,2021,71,0,783,769,14,NULL,NULL,NULL),
(2623,0,68,2021,71,0,1,1,0,NULL,NULL,NULL),
(2624,0,23,2021,71,0,835,795,40,NULL,NULL,NULL),
(2625,0,38,2021,71,0,45,38,7,NULL,NULL,NULL),
(2626,0,24,2021,71,0,1181,1142,39,NULL,NULL,NULL),
(2627,0,4,2021,71,0,1563,1377,186,NULL,NULL,NULL),
(2628,0,25,2021,71,0,1418,1265,153,NULL,NULL,NULL),
(2629,0,5,2021,71,0,1122,1054,68,NULL,NULL,NULL),
(2630,0,6,2021,71,0,3651,3270,381,NULL,NULL,NULL),
(2631,0,47,2021,71,0,1,1,0,NULL,NULL,NULL),
(2632,0,54,2021,71,0,6,4,2,NULL,NULL,NULL),
(2633,0,7,2021,71,0,1310,1271,39,NULL,NULL,NULL),
(2634,0,8,2021,71,0,929,894,35,NULL,NULL,NULL),
(2635,0,26,2021,71,0,1273,1194,79,NULL,NULL,NULL),
(2636,0,9,2021,71,0,8996,8558,438,NULL,NULL,NULL),
(2637,0,60,2021,71,0,1,1,0,NULL,NULL,NULL),
(2638,0,10,2021,71,0,5288,5061,227,NULL,NULL,NULL),
(2639,0,27,2021,71,0,1463,1380,83,NULL,NULL,NULL),
(2640,0,42,2021,71,0,32,29,3,NULL,NULL,NULL),
(2641,0,28,2021,71,0,329,319,10,NULL,NULL,NULL),
(2642,0,50,2021,71,0,29,25,4,NULL,NULL,NULL),
(2643,0,55,2021,71,0,8,7,1,NULL,NULL,NULL),
(2644,0,58,2021,71,0,6,5,1,NULL,NULL,NULL),
(2645,0,11,2021,71,0,2708,2605,103,NULL,NULL,NULL),
(2646,0,45,2021,71,0,21,16,5,NULL,NULL,NULL),
(2647,0,48,2021,71,0,5,5,0,NULL,NULL,NULL),
(2648,0,37,2021,71,0,3,2,1,NULL,NULL,NULL),
(2649,0,40,2021,71,0,49,33,16,NULL,NULL,NULL),
(2650,0,39,2021,71,0,31,24,7,NULL,NULL,NULL),
(2651,0,12,2021,71,0,1777,1698,79,NULL,NULL,NULL),
(2652,0,29,2021,71,0,819,768,51,NULL,NULL,NULL),
(2653,0,13,2021,71,0,1017,923,94,NULL,NULL,NULL),
(2654,0,46,2021,71,0,20,19,1,NULL,NULL,NULL),
(2655,0,14,2021,71,0,977,934,43,NULL,NULL,NULL),
(2656,0,49,2021,71,0,11,11,0,NULL,NULL,NULL),
(2657,0,15,2021,71,0,1197,1130,67,NULL,NULL,NULL),
(2658,0,16,2021,71,0,515,473,42,NULL,NULL,NULL),
(2659,0,17,2021,71,0,1483,1319,164,NULL,NULL,NULL),
(2660,0,43,2021,71,0,73,62,11,NULL,NULL,NULL),
(2661,0,30,2021,71,0,1277,1071,206,NULL,NULL,NULL),
(2662,0,56,2021,71,0,1,1,0,NULL,NULL,NULL),
(2663,0,51,2021,71,0,2,1,1,NULL,NULL,NULL),
(2664,0,18,2021,71,0,1448,1249,199,NULL,NULL,NULL),
(2665,0,31,2021,71,0,1709,1593,116,NULL,NULL,NULL),
(2666,0,19,2021,71,0,1280,1194,86,NULL,NULL,NULL),
(2667,0,61,2021,71,0,1,1,0,NULL,NULL,NULL),
(2668,0,20,2021,71,0,931,741,190,NULL,NULL,NULL),
(2669,0,32,2021,71,0,1670,1621,49,NULL,NULL,NULL),
(2670,0,33,2021,72,0,786,719,67,NULL,NULL,NULL),
(2671,0,41,2021,72,0,13,11,2,NULL,NULL,NULL),
(2672,0,1,2021,72,0,2173,2018,155,NULL,NULL,NULL),
(2673,0,21,2021,72,0,222,206,16,NULL,NULL,NULL),
(2674,0,34,2021,72,0,326,300,26,NULL,NULL,NULL),
(2675,0,52,2021,72,0,6,5,1,NULL,NULL,NULL),
(2676,0,22,2021,72,0,550,514,36,NULL,NULL,NULL),
(2677,0,36,2021,72,0,477,404,73,NULL,NULL,NULL),
(2678,0,69,2021,72,0,1,1,0,NULL,NULL,NULL),
(2679,0,2,2021,72,0,1565,1410,155,NULL,NULL,NULL),
(2680,0,53,2021,72,0,1,1,0,NULL,NULL,NULL),
(2681,0,3,2021,72,0,294,285,9,NULL,NULL,NULL),
(2682,0,23,2021,72,0,185,165,20,NULL,NULL,NULL),
(2683,0,38,2021,72,0,13,10,3,NULL,NULL,NULL),
(2684,0,57,2021,72,0,1,1,0,NULL,NULL,NULL),
(2685,0,24,2021,72,0,370,365,5,NULL,NULL,NULL),
(2686,0,4,2021,72,0,781,702,79,NULL,NULL,NULL),
(2687,0,25,2021,72,0,809,729,80,NULL,NULL,NULL),
(2688,0,5,2021,72,0,409,368,41,NULL,NULL,NULL),
(2689,0,6,2021,72,0,2568,2362,206,NULL,NULL,NULL),
(2690,0,7,2021,72,0,501,481,20,NULL,NULL,NULL),
(2691,0,8,2021,72,0,293,273,20,NULL,NULL,NULL),
(2692,0,26,2021,72,0,286,270,16,NULL,NULL,NULL),
(2693,0,9,2021,72,0,1704,1599,105,NULL,NULL,NULL),
(2694,0,10,2021,72,0,1624,1532,92,NULL,NULL,NULL),
(2695,0,27,2021,72,0,452,434,18,NULL,NULL,NULL),
(2696,0,42,2021,72,0,6,5,1,NULL,NULL,NULL),
(2697,0,28,2021,72,0,111,108,3,NULL,NULL,NULL),
(2698,0,50,2021,72,0,12,9,3,NULL,NULL,NULL),
(2699,0,58,2021,72,0,3,1,2,NULL,NULL,NULL),
(2700,0,11,2021,72,0,713,632,81,NULL,NULL,NULL),
(2701,0,45,2021,72,0,6,2,4,NULL,NULL,NULL),
(2702,0,48,2021,72,0,1,1,0,NULL,NULL,NULL),
(2703,0,37,2021,72,0,1,1,0,NULL,NULL,NULL),
(2704,0,40,2021,72,0,31,20,11,NULL,NULL,NULL),
(2705,0,39,2021,72,0,10,5,5,NULL,NULL,NULL),
(2706,0,12,2021,72,0,279,261,18,NULL,NULL,NULL),
(2707,0,29,2021,72,0,443,412,31,NULL,NULL,NULL),
(2708,0,13,2021,72,0,686,628,58,NULL,NULL,NULL),
(2709,0,46,2021,72,0,10,3,7,NULL,NULL,NULL),
(2710,0,14,2021,72,0,502,462,40,NULL,NULL,NULL),
(2711,0,49,2021,72,0,14,14,0,NULL,NULL,NULL),
(2712,0,15,2021,72,0,951,896,55,NULL,NULL,NULL),
(2713,0,16,2021,72,0,161,139,22,NULL,NULL,NULL),
(2714,0,17,2021,72,0,496,426,70,NULL,NULL,NULL),
(2715,0,43,2021,72,0,28,26,2,NULL,NULL,NULL),
(2716,0,30,2021,72,0,723,640,83,NULL,NULL,NULL),
(2717,0,56,2021,72,0,3,3,0,NULL,NULL,NULL),
(2718,0,51,2021,72,0,1,1,0,NULL,NULL,NULL),
(2719,0,18,2021,72,0,719,624,95,NULL,NULL,NULL),
(2720,0,31,2021,72,0,903,842,61,NULL,NULL,NULL),
(2721,0,19,2021,72,0,509,472,37,NULL,NULL,NULL),
(2722,0,61,2021,72,0,1,0,1,NULL,NULL,NULL),
(2723,0,20,2021,72,0,689,576,113,NULL,NULL,NULL),
(2724,0,32,2021,72,0,859,815,44,NULL,NULL,NULL),
(2725,0,33,2021,73,0,606,569,37,NULL,NULL,NULL),
(2726,0,41,2021,73,0,4,4,0,NULL,NULL,NULL),
(2727,0,1,2021,73,0,1950,1791,159,NULL,NULL,NULL),
(2728,0,21,2021,73,0,130,114,16,NULL,NULL,NULL),
(2729,0,34,2021,73,0,192,164,28,NULL,NULL,NULL),
(2730,0,52,2021,73,0,11,9,2,NULL,NULL,NULL),
(2731,0,22,2021,73,0,659,625,34,NULL,NULL,NULL),
(2732,0,36,2021,73,0,473,417,56,NULL,NULL,NULL),
(2733,0,2,2021,73,0,1209,1098,111,NULL,NULL,NULL),
(2734,0,53,2021,73,0,2,2,0,NULL,NULL,NULL),
(2735,0,3,2021,73,0,115,110,5,NULL,NULL,NULL),
(2736,0,23,2021,73,0,117,107,10,NULL,NULL,NULL),
(2737,0,38,2021,73,0,15,11,4,NULL,NULL,NULL),
(2738,0,24,2021,73,0,169,165,4,NULL,NULL,NULL),
(2739,0,4,2021,73,0,634,573,61,NULL,NULL,NULL),
(2740,0,25,2021,73,0,938,856,82,NULL,NULL,NULL),
(2741,0,5,2021,73,0,348,329,19,NULL,NULL,NULL),
(2742,0,6,2021,73,0,1972,1782,190,NULL,NULL,NULL),
(2743,0,7,2021,73,0,302,288,14,NULL,NULL,NULL),
(2744,0,8,2021,73,0,140,129,11,NULL,NULL,NULL),
(2745,0,26,2021,73,0,136,122,14,NULL,NULL,NULL),
(2746,0,9,2021,73,0,1018,953,65,NULL,NULL,NULL),
(2747,0,10,2021,73,0,1821,1765,56,NULL,NULL,NULL),
(2748,0,27,2021,73,0,188,183,5,NULL,NULL,NULL),
(2749,0,42,2021,73,0,7,6,1,NULL,NULL,NULL),
(2750,0,28,2021,73,0,90,86,4,NULL,NULL,NULL),
(2751,0,50,2021,73,0,1,1,0,NULL,NULL,NULL),
(2752,0,55,2021,73,0,1,1,0,NULL,NULL,NULL),
(2753,0,58,2021,73,0,5,4,1,NULL,NULL,NULL),
(2754,0,11,2021,73,0,788,737,51,NULL,NULL,NULL),
(2755,0,45,2021,73,0,8,7,1,NULL,NULL,NULL),
(2756,0,48,2021,73,0,1,1,0,NULL,NULL,NULL),
(2757,0,40,2021,73,0,30,19,11,NULL,NULL,NULL),
(2758,0,39,2021,73,0,23,14,9,NULL,NULL,NULL),
(2759,0,12,2021,73,0,281,266,15,NULL,NULL,NULL),
(2760,0,29,2021,73,0,182,163,19,NULL,NULL,NULL),
(2761,0,13,2021,73,0,364,336,28,NULL,NULL,NULL),
(2762,0,46,2021,73,0,3,1,2,NULL,NULL,NULL),
(2763,0,14,2021,73,0,581,545,36,NULL,NULL,NULL),
(2764,0,49,2021,73,0,5,5,0,NULL,NULL,NULL),
(2765,0,70,2021,73,0,1,1,0,NULL,NULL,NULL),
(2766,0,15,2021,73,0,800,713,87,NULL,NULL,NULL),
(2767,0,16,2021,73,0,99,88,11,NULL,NULL,NULL),
(2768,0,17,2021,73,0,504,464,40,NULL,NULL,NULL),
(2769,0,43,2021,73,0,14,12,2,NULL,NULL,NULL),
(2770,0,30,2021,73,0,1073,1001,72,NULL,NULL,NULL),
(2771,0,56,2021,73,0,1,1,0,NULL,NULL,NULL),
(2772,0,18,2021,73,0,531,466,65,NULL,NULL,NULL),
(2773,0,71,2021,73,0,1,1,0,NULL,NULL,NULL),
(2774,0,65,2021,73,0,1,1,0,NULL,NULL,NULL),
(2775,0,31,2021,73,0,740,697,43,NULL,NULL,NULL),
(2776,0,19,2021,73,0,350,319,31,NULL,NULL,NULL),
(2777,0,20,2021,73,0,811,718,93,NULL,NULL,NULL),
(2778,0,32,2021,73,0,810,781,29,NULL,NULL,NULL),
(2779,0,33,2021,74,0,348,323,25,NULL,NULL,NULL),
(2780,0,41,2021,74,0,8,8,0,NULL,NULL,NULL),
(2781,0,1,2021,74,0,1303,1240,63,NULL,NULL,NULL),
(2782,0,21,2021,74,0,61,57,4,NULL,NULL,NULL),
(2783,0,34,2021,74,0,1220,1165,55,NULL,NULL,NULL),
(2784,0,52,2021,74,0,8,5,3,NULL,NULL,NULL),
(2785,0,22,2021,74,0,1222,1189,33,NULL,NULL,NULL),
(2786,0,36,2021,74,0,366,332,34,NULL,NULL,NULL),
(2787,0,2,2021,74,0,694,602,92,NULL,NULL,NULL),
(2788,0,53,2021,74,0,1,1,0,NULL,NULL,NULL),
(2789,0,3,2021,74,0,166,164,2,NULL,NULL,NULL),
(2790,0,23,2021,74,0,156,150,6,NULL,NULL,NULL),
(2791,0,38,2021,74,0,20,13,7,NULL,NULL,NULL),
(2792,0,57,2021,74,0,3,3,0,NULL,NULL,NULL),
(2793,0,24,2021,74,0,500,493,7,NULL,NULL,NULL),
(2794,0,4,2021,74,0,615,574,41,NULL,NULL,NULL),
(2795,0,25,2021,74,0,494,434,60,NULL,NULL,NULL),
(2796,0,5,2021,74,0,173,163,10,NULL,NULL,NULL),
(2797,0,6,2021,74,0,5330,5099,231,NULL,NULL,NULL),
(2798,0,7,2021,74,0,212,205,7,NULL,NULL,NULL),
(2799,0,8,2021,74,0,102,88,14,NULL,NULL,NULL),
(2800,0,26,2021,74,0,174,156,18,NULL,NULL,NULL),
(2801,0,9,2021,74,0,580,544,36,NULL,NULL,NULL),
(2802,0,10,2021,74,0,1142,1097,45,NULL,NULL,NULL),
(2803,0,27,2021,74,0,143,130,13,NULL,NULL,NULL),
(2804,0,42,2021,74,0,5,4,1,NULL,NULL,NULL),
(2805,0,28,2021,74,0,42,42,0,NULL,NULL,NULL),
(2806,0,50,2021,74,0,6,4,2,NULL,NULL,NULL),
(2807,0,58,2021,74,0,6,5,1,NULL,NULL,NULL),
(2808,0,11,2021,74,0,375,337,38,NULL,NULL,NULL),
(2809,0,45,2021,74,0,6,3,3,NULL,NULL,NULL),
(2810,0,48,2021,74,0,1,1,0,NULL,NULL,NULL),
(2811,0,37,2021,74,0,6,5,1,NULL,NULL,NULL),
(2812,0,40,2021,74,0,24,15,9,NULL,NULL,NULL),
(2813,0,39,2021,74,0,4,1,3,NULL,NULL,NULL),
(2814,0,12,2021,74,0,104,90,14,NULL,NULL,NULL),
(2815,0,29,2021,74,0,146,132,14,NULL,NULL,NULL),
(2816,0,13,2021,74,0,600,580,20,NULL,NULL,NULL),
(2817,0,46,2021,74,0,2,2,0,NULL,NULL,NULL),
(2818,0,14,2021,74,0,1181,1148,33,NULL,NULL,NULL),
(2819,0,49,2021,74,0,8,8,0,NULL,NULL,NULL),
(2820,0,15,2021,74,0,667,595,72,NULL,NULL,NULL),
(2821,0,16,2021,74,0,67,56,11,NULL,NULL,NULL),
(2822,0,17,2021,74,0,545,525,20,NULL,NULL,NULL),
(2823,0,43,2021,74,0,10,9,1,NULL,NULL,NULL),
(2824,0,30,2021,74,0,656,613,43,NULL,NULL,NULL),
(2825,0,56,2021,74,0,1,1,0,NULL,NULL,NULL),
(2826,0,18,2021,74,0,405,351,54,NULL,NULL,NULL),
(2827,0,31,2021,74,0,911,889,22,NULL,NULL,NULL),
(2828,0,19,2021,74,0,681,660,21,NULL,NULL,NULL),
(2829,0,20,2021,74,0,518,455,63,NULL,NULL,NULL),
(2830,0,32,2021,74,0,553,545,8,NULL,NULL,NULL),
(2831,0,33,2021,75,0,601,556,45,NULL,NULL,NULL),
(2832,0,41,2021,75,0,6,6,0,NULL,NULL,NULL),
(2833,0,1,2021,75,0,1344,1243,101,NULL,NULL,NULL),
(2834,0,21,2021,75,0,47,44,3,NULL,NULL,NULL),
(2835,0,34,2021,75,0,754,669,85,NULL,NULL,NULL),
(2836,0,52,2021,75,0,1,1,0,NULL,NULL,NULL),
(2837,0,22,2021,75,0,4183,4117,66,NULL,NULL,NULL),
(2838,0,36,2021,75,0,2579,2494,85,NULL,NULL,NULL),
(2839,0,2,2021,75,0,9149,8881,268,NULL,NULL,NULL),
(2840,0,53,2021,75,0,4,2,2,NULL,NULL,NULL),
(2841,0,3,2021,75,0,168,167,1,NULL,NULL,NULL),
(2842,0,23,2021,75,0,88,78,10,NULL,NULL,NULL),
(2843,0,38,2021,75,0,14,8,6,NULL,NULL,NULL),
(2844,0,57,2021,75,0,1,1,0,NULL,NULL,NULL),
(2845,0,24,2021,75,0,143,112,31,NULL,NULL,NULL),
(2846,0,4,2021,75,0,4895,4808,87,NULL,NULL,NULL),
(2847,0,25,2021,75,0,294,261,33,NULL,NULL,NULL),
(2848,0,72,2021,75,0,1,1,0,NULL,NULL,NULL),
(2849,0,5,2021,75,0,209,199,10,NULL,NULL,NULL),
(2850,0,6,2021,75,0,4972,4568,404,NULL,NULL,NULL),
(2851,0,7,2021,75,0,113,105,8,NULL,NULL,NULL),
(2852,0,8,2021,75,0,168,163,5,NULL,NULL,NULL),
(2853,0,26,2021,75,0,1519,1500,19,NULL,NULL,NULL),
(2854,0,9,2021,75,0,26765,26748,17,NULL,NULL,NULL),
(2855,0,10,2021,75,0,6824,6801,23,NULL,NULL,NULL),
(2856,0,27,2021,75,0,82,75,7,NULL,NULL,NULL),
(2857,0,42,2021,75,0,5,5,0,NULL,NULL,NULL),
(2858,0,28,2021,75,0,53,52,1,NULL,NULL,NULL),
(2859,0,50,2021,75,0,3,2,1,NULL,NULL,NULL),
(2860,0,58,2021,75,0,2,2,0,NULL,NULL,NULL),
(2861,0,11,2021,75,0,3826,3738,88,NULL,NULL,NULL),
(2862,0,45,2021,75,0,9,5,4,NULL,NULL,NULL),
(2863,0,37,2021,75,0,1,1,0,NULL,NULL,NULL),
(2864,0,40,2021,75,0,21,15,6,NULL,NULL,NULL),
(2865,0,39,2021,75,0,8,4,4,NULL,NULL,NULL),
(2866,0,12,2021,75,0,127,119,8,NULL,NULL,NULL),
(2867,0,29,2021,75,0,296,281,15,NULL,NULL,NULL),
(2868,0,13,2021,75,0,239,226,13,NULL,NULL,NULL),
(2869,0,46,2021,75,0,4,3,1,NULL,NULL,NULL),
(2870,0,14,2021,75,0,4816,4790,26,NULL,NULL,NULL),
(2871,0,49,2021,75,0,11,11,0,NULL,NULL,NULL),
(2872,0,15,2021,75,0,575,402,173,NULL,NULL,NULL),
(2873,0,16,2021,75,0,1073,1063,10,NULL,NULL,NULL),
(2874,0,17,2021,75,0,11235,11215,20,NULL,NULL,NULL),
(2875,0,43,2021,75,0,18,15,3,NULL,NULL,NULL),
(2876,0,30,2021,75,0,247,224,23,NULL,NULL,NULL),
(2877,0,51,2021,75,0,1,1,0,NULL,NULL,NULL),
(2878,0,18,2021,75,0,1311,1278,33,NULL,NULL,NULL),
(2879,0,31,2021,75,0,788,766,22,NULL,NULL,NULL),
(2880,0,19,2021,75,0,258,243,15,NULL,NULL,NULL),
(2881,0,20,2021,75,0,276,242,34,NULL,NULL,NULL),
(2882,0,32,2021,75,0,658,648,10,NULL,NULL,NULL),
(2883,0,33,2021,76,0,179,167,12,NULL,NULL,NULL),
(2884,0,41,2021,76,0,8,5,3,NULL,NULL,NULL),
(2885,0,1,2021,76,0,708,653,55,NULL,NULL,NULL),
(2886,0,21,2021,76,0,45,44,1,NULL,NULL,NULL),
(2887,0,34,2021,76,0,155,152,3,NULL,NULL,NULL),
(2888,0,22,2021,76,0,8362,8059,303,NULL,NULL,NULL),
(2889,0,36,2021,76,0,1004,896,108,NULL,NULL,NULL),
(2890,0,2,2021,76,0,1133,968,165,NULL,NULL,NULL),
(2891,0,53,2021,76,0,1,1,0,NULL,NULL,NULL),
(2892,0,3,2021,76,0,136,130,6,NULL,NULL,NULL),
(2893,0,23,2021,76,0,61,59,2,NULL,NULL,NULL),
(2894,0,38,2021,76,0,6,5,1,NULL,NULL,NULL),
(2895,0,24,2021,76,0,136,132,4,NULL,NULL,NULL),
(2896,0,4,2021,76,0,508,473,35,NULL,NULL,NULL),
(2897,0,25,2021,76,0,201,177,24,NULL,NULL,NULL),
(2898,0,5,2021,76,0,119,111,8,NULL,NULL,NULL),
(2899,0,6,2021,76,0,524,432,92,NULL,NULL,NULL),
(2900,0,7,2021,76,0,70,61,9,NULL,NULL,NULL),
(2901,0,8,2021,76,0,74,73,1,NULL,NULL,NULL),
(2902,0,26,2021,76,0,2503,2489,14,NULL,NULL,NULL),
(2903,0,9,2021,76,0,683,648,35,NULL,NULL,NULL),
(2904,0,10,2021,76,0,1048,1028,20,NULL,NULL,NULL),
(2905,0,27,2021,76,0,67,63,4,NULL,NULL,NULL),
(2906,0,42,2021,76,0,4,3,1,NULL,NULL,NULL),
(2907,0,28,2021,76,0,37,37,0,NULL,NULL,NULL),
(2908,0,50,2021,76,0,4,4,0,NULL,NULL,NULL),
(2909,0,55,2021,76,0,1,1,0,NULL,NULL,NULL),
(2910,0,58,2021,76,0,5,5,0,NULL,NULL,NULL),
(2911,0,11,2021,76,0,1164,1116,48,NULL,NULL,NULL),
(2912,0,45,2021,76,0,8,6,2,NULL,NULL,NULL),
(2913,0,40,2021,76,0,27,21,6,NULL,NULL,NULL),
(2914,0,39,2021,76,0,14,12,2,NULL,NULL,NULL),
(2915,0,12,2021,76,0,96,95,1,NULL,NULL,NULL),
(2916,0,29,2021,76,0,39,34,5,NULL,NULL,NULL),
(2917,0,13,2021,76,0,85,83,2,NULL,NULL,NULL),
(2918,0,46,2021,76,0,3,3,0,NULL,NULL,NULL),
(2919,0,14,2021,76,0,2086,2043,43,NULL,NULL,NULL),
(2920,0,15,2021,76,0,480,436,44,NULL,NULL,NULL),
(2921,0,16,2021,76,0,151,145,6,NULL,NULL,NULL),
(2922,0,17,2021,76,0,718,699,19,NULL,NULL,NULL),
(2923,0,73,2021,76,0,1,1,0,NULL,NULL,NULL),
(2924,0,43,2021,76,0,6,5,1,NULL,NULL,NULL),
(2925,0,30,2021,76,0,190,178,12,NULL,NULL,NULL),
(2926,0,18,2021,76,0,217,200,17,NULL,NULL,NULL),
(2927,0,31,2021,76,0,332,317,15,NULL,NULL,NULL),
(2928,0,19,2021,76,0,143,136,7,NULL,NULL,NULL),
(2929,0,61,2021,76,0,1,1,0,NULL,NULL,NULL),
(2930,0,20,2021,76,0,205,182,23,NULL,NULL,NULL),
(2931,0,32,2021,76,0,204,190,14,NULL,NULL,NULL),
(2932,0,33,2021,77,0,106,97,9,NULL,NULL,NULL),
(2933,0,41,2021,77,0,3,3,0,NULL,NULL,NULL),
(2934,0,1,2021,77,0,466,441,25,NULL,NULL,NULL),
(2935,0,21,2021,77,0,30,30,0,NULL,NULL,NULL),
(2936,0,34,2021,77,0,44,41,3,NULL,NULL,NULL),
(2937,0,52,2021,77,0,2,2,0,NULL,NULL,NULL),
(2938,0,22,2021,77,0,553,299,254,NULL,NULL,NULL),
(2939,0,36,2021,77,0,224,133,91,NULL,NULL,NULL),
(2940,0,2,2021,77,0,512,449,63,NULL,NULL,NULL),
(2941,0,53,2021,77,0,2,1,1,NULL,NULL,NULL),
(2942,0,3,2021,77,0,61,59,2,NULL,NULL,NULL),
(2943,0,23,2021,77,0,77,74,3,NULL,NULL,NULL),
(2944,0,38,2021,77,0,3,3,0,NULL,NULL,NULL),
(2945,0,57,2021,77,0,1,0,1,NULL,NULL,NULL),
(2946,0,24,2021,77,0,154,152,2,NULL,NULL,NULL),
(2947,0,4,2021,77,0,269,256,13,NULL,NULL,NULL),
(2948,0,25,2021,77,0,130,122,8,NULL,NULL,NULL),
(2949,0,5,2021,77,0,60,58,2,NULL,NULL,NULL),
(2950,0,6,2021,77,0,264,209,55,NULL,NULL,NULL),
(2951,0,47,2021,77,0,1,1,0,NULL,NULL,NULL),
(2952,0,7,2021,77,0,88,88,0,NULL,NULL,NULL),
(2953,0,8,2021,77,0,36,34,2,NULL,NULL,NULL),
(2954,0,26,2021,77,0,287,287,0,NULL,NULL,NULL),
(2955,0,9,2021,77,0,439,414,25,NULL,NULL,NULL),
(2956,0,10,2021,77,0,278,263,15,NULL,NULL,NULL),
(2957,0,27,2021,77,0,55,53,2,NULL,NULL,NULL),
(2958,0,42,2021,77,0,1,1,0,NULL,NULL,NULL),
(2959,0,28,2021,77,0,44,44,0,NULL,NULL,NULL),
(2960,0,50,2021,77,0,2,1,1,NULL,NULL,NULL),
(2961,0,58,2021,77,0,4,4,0,NULL,NULL,NULL),
(2962,0,11,2021,77,0,173,162,11,NULL,NULL,NULL),
(2963,0,45,2021,77,0,6,5,1,NULL,NULL,NULL),
(2964,0,40,2021,77,0,8,7,1,NULL,NULL,NULL),
(2965,0,39,2021,77,0,6,6,0,NULL,NULL,NULL),
(2966,0,12,2021,77,0,61,58,3,NULL,NULL,NULL),
(2967,0,29,2021,77,0,57,52,5,NULL,NULL,NULL),
(2968,0,13,2021,77,0,56,53,3,NULL,NULL,NULL),
(2969,0,46,2021,77,0,3,2,1,NULL,NULL,NULL),
(2970,0,14,2021,77,0,357,352,5,NULL,NULL,NULL),
(2971,0,15,2021,77,0,150,143,7,NULL,NULL,NULL),
(2972,0,16,2021,77,0,71,69,2,NULL,NULL,NULL),
(2973,0,17,2021,77,0,169,163,6,NULL,NULL,NULL),
(2974,0,43,2021,77,0,5,4,1,NULL,NULL,NULL),
(2975,0,30,2021,77,0,118,102,16,NULL,NULL,NULL),
(2976,0,18,2021,77,0,397,387,10,NULL,NULL,NULL),
(2977,0,31,2021,77,0,253,244,9,NULL,NULL,NULL),
(2978,0,19,2021,77,0,118,115,3,NULL,NULL,NULL),
(2979,0,20,2021,77,0,118,106,12,NULL,NULL,NULL),
(2980,0,32,2021,77,0,99,97,2,NULL,NULL,NULL),
(2981,0,33,2021,78,0,45,41,4,NULL,NULL,NULL),
(2982,0,1,2021,78,0,400,372,28,NULL,NULL,NULL),
(2983,0,21,2021,78,0,13,12,1,NULL,NULL,NULL),
(2984,0,34,2021,78,0,101,100,1,NULL,NULL,NULL),
(2985,0,52,2021,78,0,1,1,0,NULL,NULL,NULL),
(2986,0,22,2021,78,0,131,125,6,NULL,NULL,NULL),
(2987,0,36,2021,78,0,104,58,46,NULL,NULL,NULL),
(2988,0,2,2021,78,0,210,194,16,NULL,NULL,NULL),
(2989,0,3,2021,78,0,78,76,2,NULL,NULL,NULL),
(2990,0,23,2021,78,0,48,46,2,NULL,NULL,NULL),
(2991,0,38,2021,78,0,1,1,0,NULL,NULL,NULL),
(2992,0,57,2021,78,0,7,7,0,NULL,NULL,NULL),
(2993,0,24,2021,78,0,87,87,0,NULL,NULL,NULL),
(2994,0,4,2021,78,0,161,156,5,NULL,NULL,NULL),
(2995,0,25,2021,78,0,70,62,8,NULL,NULL,NULL),
(2996,0,5,2021,78,0,106,104,2,NULL,NULL,NULL),
(2997,0,6,2021,78,0,156,121,35,NULL,NULL,NULL),
(2998,0,7,2021,78,0,34,32,2,NULL,NULL,NULL),
(2999,0,8,2021,78,0,20,20,0,NULL,NULL,NULL),
(3000,0,26,2021,78,0,42,40,2,NULL,NULL,NULL),
(3001,0,9,2021,78,0,338,333,5,NULL,NULL,NULL),
(3002,0,10,2021,78,0,236,232,4,NULL,NULL,NULL),
(3003,0,27,2021,78,0,41,41,0,NULL,NULL,NULL),
(3004,0,42,2021,78,0,1,1,0,NULL,NULL,NULL),
(3005,0,28,2021,78,0,38,37,1,NULL,NULL,NULL),
(3006,0,50,2021,78,0,2,0,2,NULL,NULL,NULL),
(3007,0,58,2021,78,0,2,2,0,NULL,NULL,NULL),
(3008,0,11,2021,78,0,135,131,4,NULL,NULL,NULL),
(3009,0,45,2021,78,0,2,2,0,NULL,NULL,NULL),
(3010,0,37,2021,78,0,1,1,0,NULL,NULL,NULL),
(3011,0,40,2021,78,0,11,9,2,NULL,NULL,NULL),
(3012,0,39,2021,78,0,4,3,1,NULL,NULL,NULL),
(3013,0,12,2021,78,0,49,48,1,NULL,NULL,NULL),
(3014,0,29,2021,78,0,42,41,1,NULL,NULL,NULL),
(3015,0,13,2021,78,0,38,36,2,NULL,NULL,NULL),
(3016,0,46,2021,78,0,4,4,0,NULL,NULL,NULL),
(3017,0,14,2021,78,0,188,186,2,NULL,NULL,NULL),
(3018,0,15,2021,78,0,93,84,9,NULL,NULL,NULL),
(3019,0,16,2021,78,0,36,36,0,NULL,NULL,NULL),
(3020,0,17,2021,78,0,100,98,2,NULL,NULL,NULL),
(3021,0,43,2021,78,0,8,8,0,NULL,NULL,NULL),
(3022,0,30,2021,78,0,81,74,7,NULL,NULL,NULL),
(3023,0,18,2021,78,0,196,191,5,NULL,NULL,NULL),
(3024,0,31,2021,78,0,474,469,5,NULL,NULL,NULL),
(3025,0,19,2021,78,0,124,123,1,NULL,NULL,NULL),
(3026,0,20,2021,78,0,127,111,16,NULL,NULL,NULL),
(3027,0,32,2021,78,0,108,106,2,NULL,NULL,NULL),
(3028,0,33,2021,79,0,40,37,3,NULL,NULL,NULL),
(3029,0,41,2021,79,0,3,3,0,NULL,NULL,NULL),
(3030,0,1,2021,79,0,242,229,13,NULL,NULL,NULL),
(3031,0,21,2021,79,0,25,25,0,NULL,NULL,NULL),
(3032,0,34,2021,79,0,43,43,0,NULL,NULL,NULL),
(3033,0,22,2021,79,0,75,71,4,NULL,NULL,NULL),
(3034,0,36,2021,79,0,52,47,5,NULL,NULL,NULL),
(3035,0,2,2021,79,0,136,128,8,NULL,NULL,NULL),
(3036,0,3,2021,79,0,51,50,1,NULL,NULL,NULL),
(3037,0,23,2021,79,0,41,38,3,NULL,NULL,NULL),
(3038,0,24,2021,79,0,144,144,0,NULL,NULL,NULL),
(3039,0,4,2021,79,0,135,130,5,NULL,NULL,NULL),
(3040,0,25,2021,79,0,75,69,6,NULL,NULL,NULL),
(3041,0,5,2021,79,0,86,86,0,NULL,NULL,NULL),
(3042,0,6,2021,79,0,116,104,12,NULL,NULL,NULL),
(3043,0,54,2021,79,0,2,2,0,NULL,NULL,NULL),
(3044,0,7,2021,79,0,36,35,1,NULL,NULL,NULL),
(3045,0,8,2021,79,0,25,25,0,NULL,NULL,NULL),
(3046,0,26,2021,79,0,15,15,0,NULL,NULL,NULL),
(3047,0,9,2021,79,0,303,297,6,NULL,NULL,NULL),
(3048,0,10,2021,79,0,224,218,6,NULL,NULL,NULL),
(3049,0,27,2021,79,0,64,62,2,NULL,NULL,NULL),
(3050,0,42,2021,79,0,1,1,0,NULL,NULL,NULL),
(3051,0,28,2021,79,0,45,44,1,NULL,NULL,NULL),
(3052,0,50,2021,79,0,2,2,0,NULL,NULL,NULL),
(3053,0,58,2021,79,0,1,1,0,NULL,NULL,NULL),
(3054,0,11,2021,79,0,173,166,7,NULL,NULL,NULL),
(3055,0,45,2021,79,0,1,1,0,NULL,NULL,NULL),
(3056,0,40,2021,79,0,8,7,1,NULL,NULL,NULL),
(3057,0,39,2021,79,0,3,1,2,NULL,NULL,NULL),
(3058,0,12,2021,79,0,78,75,3,NULL,NULL,NULL),
(3059,0,29,2021,79,0,39,39,0,NULL,NULL,NULL),
(3060,0,13,2021,79,0,96,94,2,NULL,NULL,NULL),
(3061,0,46,2021,79,0,1,1,0,NULL,NULL,NULL),
(3062,0,14,2021,79,0,257,253,4,NULL,NULL,NULL),
(3063,0,15,2021,79,0,73,72,1,NULL,NULL,NULL),
(3064,0,16,2021,79,0,47,46,1,NULL,NULL,NULL),
(3065,0,17,2021,79,0,58,55,3,NULL,NULL,NULL),
(3066,0,43,2021,79,0,3,3,0,NULL,NULL,NULL),
(3067,0,30,2021,79,0,70,66,4,NULL,NULL,NULL),
(3068,0,18,2021,79,0,124,108,16,NULL,NULL,NULL),
(3069,0,65,2021,79,0,1,1,0,NULL,NULL,NULL),
(3070,0,31,2021,79,0,110,109,1,NULL,NULL,NULL),
(3071,0,19,2021,79,0,65,64,1,NULL,NULL,NULL),
(3072,0,61,2021,79,0,1,1,0,NULL,NULL,NULL),
(3073,0,20,2021,79,0,129,121,8,NULL,NULL,NULL),
(3074,0,32,2021,79,0,81,80,1,NULL,NULL,NULL),
(3075,0,33,2021,80,0,45,44,1,NULL,NULL,NULL),
(3076,0,1,2021,80,0,117,113,4,NULL,NULL,NULL),
(3077,0,21,2021,80,0,30,29,1,NULL,NULL,NULL),
(3078,0,34,2021,80,0,32,27,5,NULL,NULL,NULL),
(3079,0,22,2021,80,0,40,38,2,NULL,NULL,NULL),
(3080,0,36,2021,80,0,30,27,3,NULL,NULL,NULL),
(3081,0,2,2021,80,0,173,170,3,NULL,NULL,NULL),
(3082,0,3,2021,80,0,50,47,3,NULL,NULL,NULL),
(3083,0,23,2021,80,0,47,46,1,NULL,NULL,NULL),
(3084,0,38,2021,80,0,1,1,0,NULL,NULL,NULL),
(3085,0,24,2021,80,0,76,76,0,NULL,NULL,NULL),
(3086,0,4,2021,80,0,113,111,2,NULL,NULL,NULL),
(3087,0,25,2021,80,0,59,52,7,NULL,NULL,NULL),
(3088,0,5,2021,80,0,43,43,0,NULL,NULL,NULL),
(3089,0,6,2021,80,0,71,66,5,NULL,NULL,NULL),
(3090,0,7,2021,80,0,29,29,0,NULL,NULL,NULL),
(3091,0,8,2021,80,0,32,32,0,NULL,NULL,NULL),
(3092,0,26,2021,80,0,17,17,0,NULL,NULL,NULL),
(3093,0,9,2021,80,0,288,285,3,NULL,NULL,NULL),
(3094,0,10,2021,80,0,172,168,4,NULL,NULL,NULL),
(3095,0,27,2021,80,0,24,24,0,NULL,NULL,NULL),
(3096,0,42,2021,80,0,1,1,0,NULL,NULL,NULL),
(3097,0,28,2021,80,0,27,27,0,NULL,NULL,NULL),
(3098,0,58,2021,80,0,1,1,0,NULL,NULL,NULL),
(3099,0,11,2021,80,0,127,125,2,NULL,NULL,NULL),
(3100,0,45,2021,80,0,1,1,0,NULL,NULL,NULL),
(3101,0,37,2021,80,0,1,1,0,NULL,NULL,NULL),
(3102,0,40,2021,80,0,2,2,0,NULL,NULL,NULL),
(3103,0,39,2021,80,0,2,2,0,NULL,NULL,NULL),
(3104,0,12,2021,80,0,59,57,2,NULL,NULL,NULL),
(3105,0,29,2021,80,0,32,31,1,NULL,NULL,NULL),
(3106,0,13,2021,80,0,36,35,1,NULL,NULL,NULL),
(3107,0,14,2021,80,0,225,224,1,NULL,NULL,NULL),
(3108,0,15,2021,80,0,50,48,2,NULL,NULL,NULL),
(3109,0,16,2021,80,0,21,19,2,NULL,NULL,NULL),
(3110,0,17,2021,80,0,77,76,1,NULL,NULL,NULL),
(3111,0,43,2021,80,0,1,1,0,NULL,NULL,NULL),
(3112,0,30,2021,80,0,58,55,3,NULL,NULL,NULL),
(3113,0,56,2021,80,0,1,1,0,NULL,NULL,NULL),
(3114,0,18,2021,80,0,103,96,7,NULL,NULL,NULL),
(3115,0,65,2021,80,0,1,1,0,NULL,NULL,NULL),
(3116,0,31,2021,80,0,45,43,2,NULL,NULL,NULL),
(3117,0,19,2021,80,0,33,33,0,NULL,NULL,NULL),
(3118,0,20,2021,80,0,112,106,6,NULL,NULL,NULL),
(3119,0,32,2021,80,0,26,24,2,NULL,NULL,NULL),
(3120,0,33,2021,81,0,29,28,1,NULL,NULL,NULL),
(3121,0,41,2021,81,0,1,1,0,NULL,NULL,NULL),
(3122,0,1,2021,81,0,80,72,8,NULL,NULL,NULL),
(3123,0,21,2021,81,0,17,17,0,NULL,NULL,NULL),
(3124,0,34,2021,81,0,21,20,1,NULL,NULL,NULL),
(3125,0,52,2021,81,0,2,2,0,NULL,NULL,NULL),
(3126,0,22,2021,81,0,41,41,0,NULL,NULL,NULL),
(3127,0,36,2021,81,0,35,32,3,NULL,NULL,NULL),
(3128,0,2,2021,81,0,104,101,3,NULL,NULL,NULL),
(3129,0,3,2021,81,0,79,78,1,NULL,NULL,NULL),
(3130,0,23,2021,81,0,47,46,1,NULL,NULL,NULL),
(3131,0,24,2021,81,0,90,87,3,NULL,NULL,NULL),
(3132,0,4,2021,81,0,81,79,2,NULL,NULL,NULL),
(3133,0,25,2021,81,0,28,27,1,NULL,NULL,NULL),
(3134,0,5,2021,81,0,55,55,0,NULL,NULL,NULL),
(3135,0,6,2021,81,0,60,58,2,NULL,NULL,NULL),
(3136,0,7,2021,81,0,15,15,0,NULL,NULL,NULL),
(3137,0,8,2021,81,0,22,21,1,NULL,NULL,NULL),
(3138,0,26,2021,81,0,66,66,0,NULL,NULL,NULL),
(3139,0,9,2021,81,0,371,368,3,NULL,NULL,NULL),
(3140,0,10,2021,81,0,154,152,2,NULL,NULL,NULL),
(3141,0,27,2021,81,0,17,17,0,NULL,NULL,NULL),
(3142,0,42,2021,81,0,3,3,0,NULL,NULL,NULL),
(3143,0,28,2021,81,0,46,46,0,NULL,NULL,NULL),
(3144,0,50,2021,81,0,2,2,0,NULL,NULL,NULL),
(3145,0,11,2021,81,0,105,105,0,NULL,NULL,NULL),
(3146,0,45,2021,81,0,2,2,0,NULL,NULL,NULL),
(3147,0,48,2021,81,0,2,2,0,NULL,NULL,NULL),
(3148,0,40,2021,81,0,3,2,1,NULL,NULL,NULL),
(3149,0,39,2021,81,0,3,3,0,NULL,NULL,NULL),
(3150,0,12,2021,81,0,61,61,0,NULL,NULL,NULL),
(3151,0,29,2021,81,0,20,19,1,NULL,NULL,NULL),
(3152,0,13,2021,81,0,52,52,0,NULL,NULL,NULL),
(3153,0,46,2021,81,0,1,1,0,NULL,NULL,NULL),
(3154,0,14,2021,81,0,30,29,1,NULL,NULL,NULL),
(3155,0,15,2021,81,0,45,41,4,NULL,NULL,NULL),
(3156,0,16,2021,81,0,30,29,1,NULL,NULL,NULL),
(3157,0,17,2021,81,0,87,87,0,NULL,NULL,NULL),
(3158,0,30,2021,81,0,42,40,2,NULL,NULL,NULL),
(3159,0,56,2021,81,0,1,1,0,NULL,NULL,NULL),
(3160,0,18,2021,81,0,79,75,4,NULL,NULL,NULL),
(3161,0,31,2021,81,0,34,33,1,NULL,NULL,NULL),
(3162,0,19,2021,81,0,50,49,1,NULL,NULL,NULL),
(3163,0,20,2021,81,0,48,47,1,NULL,NULL,NULL),
(3164,0,32,2021,81,0,34,33,1,NULL,NULL,NULL),
(3165,0,33,2021,82,0,32,31,1,NULL,NULL,NULL),
(3166,0,41,2021,82,0,1,1,0,NULL,NULL,NULL),
(3167,0,1,2021,82,0,82,71,11,NULL,NULL,NULL),
(3168,0,21,2021,82,0,20,20,0,NULL,NULL,NULL),
(3169,0,74,2021,82,0,1,1,0,NULL,NULL,NULL),
(3170,0,34,2021,82,0,24,24,0,NULL,NULL,NULL),
(3171,0,22,2021,82,0,33,32,1,NULL,NULL,NULL),
(3172,0,36,2021,82,0,15,12,3,NULL,NULL,NULL),
(3173,0,2,2021,82,0,92,91,1,NULL,NULL,NULL),
(3174,0,53,2021,82,0,1,1,0,NULL,NULL,NULL),
(3175,0,3,2021,82,0,60,58,2,NULL,NULL,NULL),
(3176,0,23,2021,82,0,52,47,5,NULL,NULL,NULL),
(3177,0,24,2021,82,0,63,63,0,NULL,NULL,NULL),
(3178,0,4,2021,82,0,94,93,1,NULL,NULL,NULL),
(3179,0,25,2021,82,0,17,16,1,NULL,NULL,NULL),
(3180,0,5,2021,82,0,34,34,0,NULL,NULL,NULL),
(3181,0,6,2021,82,0,48,47,1,NULL,NULL,NULL),
(3182,0,7,2021,82,0,14,14,0,NULL,NULL,NULL),
(3183,0,8,2021,82,0,16,14,2,NULL,NULL,NULL),
(3184,0,26,2021,82,0,14,14,0,NULL,NULL,NULL),
(3185,0,9,2021,82,0,348,345,3,NULL,NULL,NULL),
(3186,0,10,2021,82,0,149,147,2,NULL,NULL,NULL),
(3187,0,27,2021,82,0,31,31,0,NULL,NULL,NULL),
(3188,0,42,2021,82,0,3,3,0,NULL,NULL,NULL),
(3189,0,28,2021,82,0,18,18,0,NULL,NULL,NULL),
(3190,0,11,2021,82,0,87,82,5,NULL,NULL,NULL),
(3191,0,40,2021,82,0,7,7,0,NULL,NULL,NULL),
(3192,0,39,2021,82,0,3,2,1,NULL,NULL,NULL),
(3193,0,12,2021,82,0,37,37,0,NULL,NULL,NULL),
(3194,0,29,2021,82,0,18,18,0,NULL,NULL,NULL),
(3195,0,13,2021,82,0,29,28,1,NULL,NULL,NULL),
(3196,0,14,2021,82,0,19,19,0,NULL,NULL,NULL),
(3197,0,15,2021,82,0,27,26,1,NULL,NULL,NULL),
(3198,0,16,2021,82,0,36,36,0,NULL,NULL,NULL),
(3199,0,17,2021,82,0,30,27,3,NULL,NULL,NULL),
(3200,0,43,2021,82,0,1,1,0,NULL,NULL,NULL),
(3201,0,30,2021,82,0,30,27,3,NULL,NULL,NULL),
(3202,0,18,2021,82,0,50,48,2,NULL,NULL,NULL),
(3203,0,31,2021,82,0,29,29,0,NULL,NULL,NULL),
(3204,0,19,2021,82,0,19,18,1,NULL,NULL,NULL),
(3205,0,20,2021,82,0,39,36,3,NULL,NULL,NULL),
(3206,0,32,2021,82,0,21,21,0,NULL,NULL,NULL),
(3207,0,33,2021,83,0,32,32,0,NULL,NULL,NULL),
(3208,0,1,2021,83,0,66,64,2,NULL,NULL,NULL),
(3209,0,21,2021,83,0,12,12,0,NULL,NULL,NULL),
(3210,0,34,2021,83,0,27,27,0,NULL,NULL,NULL),
(3211,0,22,2021,83,0,27,25,2,NULL,NULL,NULL),
(3212,0,36,2021,83,0,20,19,1,NULL,NULL,NULL),
(3213,0,2,2021,83,0,87,86,1,NULL,NULL,NULL),
(3214,0,3,2021,83,0,29,29,0,NULL,NULL,NULL),
(3215,0,23,2021,83,0,27,26,1,NULL,NULL,NULL),
(3216,0,24,2021,83,0,38,38,0,NULL,NULL,NULL),
(3217,0,4,2021,83,0,79,78,1,NULL,NULL,NULL),
(3218,0,25,2021,83,0,22,22,0,NULL,NULL,NULL),
(3219,0,5,2021,83,0,22,22,0,NULL,NULL,NULL),
(3220,0,6,2021,83,0,55,53,2,NULL,NULL,NULL),
(3221,0,7,2021,83,0,18,18,0,NULL,NULL,NULL),
(3222,0,8,2021,83,0,23,23,0,NULL,NULL,NULL),
(3223,0,26,2021,83,0,11,11,0,NULL,NULL,NULL),
(3224,0,9,2021,83,0,262,261,1,NULL,NULL,NULL),
(3225,0,10,2021,83,0,177,174,3,NULL,NULL,NULL),
(3226,0,27,2021,83,0,22,22,0,NULL,NULL,NULL),
(3227,0,28,2021,83,0,43,43,0,NULL,NULL,NULL),
(3228,0,11,2021,83,0,64,64,0,NULL,NULL,NULL),
(3229,0,40,2021,83,0,4,4,0,NULL,NULL,NULL),
(3230,0,39,2021,83,0,1,0,1,NULL,NULL,NULL),
(3231,0,12,2021,83,0,60,59,1,NULL,NULL,NULL),
(3232,0,29,2021,83,0,18,16,2,NULL,NULL,NULL),
(3233,0,13,2021,83,0,16,15,1,NULL,NULL,NULL),
(3234,0,14,2021,83,0,21,21,0,NULL,NULL,NULL),
(3235,0,15,2021,83,0,30,28,2,NULL,NULL,NULL),
(3236,0,16,2021,83,0,11,11,0,NULL,NULL,NULL),
(3237,0,17,2021,83,0,26,25,1,NULL,NULL,NULL),
(3238,0,43,2021,83,0,1,1,0,NULL,NULL,NULL),
(3239,0,30,2021,83,0,25,23,2,NULL,NULL,NULL),
(3240,0,56,2021,83,0,1,1,0,NULL,NULL,NULL),
(3241,0,18,2021,83,0,70,67,3,NULL,NULL,NULL),
(3242,0,31,2021,83,0,31,31,0,NULL,NULL,NULL),
(3243,0,19,2021,83,0,56,56,0,NULL,NULL,NULL),
(3244,0,20,2021,83,0,66,64,2,NULL,NULL,NULL),
(3245,0,32,2021,83,0,17,17,0,NULL,NULL,NULL),
(3246,0,33,2021,84,0,38,38,0,NULL,NULL,NULL),
(3247,0,41,2021,84,0,1,1,0,NULL,NULL,NULL),
(3248,0,1,2021,84,0,39,34,5,NULL,NULL,NULL),
(3249,0,21,2021,84,0,14,14,0,NULL,NULL,NULL),
(3250,0,34,2021,84,0,17,17,0,NULL,NULL,NULL),
(3251,0,22,2021,84,0,21,19,2,NULL,NULL,NULL),
(3252,0,36,2021,84,0,14,13,1,NULL,NULL,NULL),
(3253,0,2,2021,84,0,73,72,1,NULL,NULL,NULL),
(3254,0,3,2021,84,0,18,17,1,NULL,NULL,NULL),
(3255,0,23,2021,84,0,35,35,0,NULL,NULL,NULL),
(3256,0,24,2021,84,0,27,26,1,NULL,NULL,NULL),
(3257,0,4,2021,84,0,82,81,1,NULL,NULL,NULL),
(3258,0,25,2021,84,0,12,12,0,NULL,NULL,NULL),
(3259,0,5,2021,84,0,27,27,0,NULL,NULL,NULL),
(3260,0,6,2021,84,0,31,29,2,NULL,NULL,NULL),
(3261,0,7,2021,84,0,16,16,0,NULL,NULL,NULL),
(3262,0,8,2021,84,0,13,12,1,NULL,NULL,NULL),
(3263,0,26,2021,84,0,8,8,0,NULL,NULL,NULL),
(3264,0,9,2021,84,0,190,187,3,NULL,NULL,NULL),
(3265,0,10,2021,84,0,159,155,4,NULL,NULL,NULL),
(3266,0,27,2021,84,0,14,14,0,NULL,NULL,NULL),
(3267,0,42,2021,84,0,2,2,0,NULL,NULL,NULL),
(3268,0,28,2021,84,0,13,13,0,NULL,NULL,NULL),
(3269,0,50,2021,84,0,1,1,0,NULL,NULL,NULL),
(3270,0,58,2021,84,0,1,1,0,NULL,NULL,NULL),
(3271,0,11,2021,84,0,54,51,3,NULL,NULL,NULL),
(3272,0,39,2021,84,0,2,2,0,NULL,NULL,NULL),
(3273,0,12,2021,84,0,16,15,1,NULL,NULL,NULL),
(3274,0,29,2021,84,0,11,11,0,NULL,NULL,NULL),
(3275,0,13,2021,84,0,19,19,0,NULL,NULL,NULL),
(3276,0,14,2021,84,0,6,6,0,NULL,NULL,NULL),
(3277,0,15,2021,84,0,17,15,2,NULL,NULL,NULL),
(3278,0,16,2021,84,0,13,13,0,NULL,NULL,NULL),
(3279,0,17,2021,84,0,17,16,1,NULL,NULL,NULL),
(3280,0,43,2021,84,0,3,3,0,NULL,NULL,NULL),
(3281,0,30,2021,84,0,32,30,2,NULL,NULL,NULL),
(3282,0,18,2021,84,0,53,49,4,NULL,NULL,NULL),
(3283,0,31,2021,84,0,20,20,0,NULL,NULL,NULL),
(3284,0,19,2021,84,0,21,19,2,NULL,NULL,NULL),
(3285,0,20,2021,84,0,14,12,2,NULL,NULL,NULL),
(3286,0,32,2021,84,0,17,17,0,NULL,NULL,NULL),
(3287,0,33,2021,85,0,13,12,1,NULL,NULL,NULL),
(3288,0,1,2021,85,0,46,41,5,NULL,NULL,NULL),
(3289,0,21,2021,85,0,10,10,0,NULL,NULL,NULL),
(3290,0,34,2021,85,0,12,12,0,NULL,NULL,NULL),
(3291,0,22,2021,85,0,21,21,0,NULL,NULL,NULL),
(3292,0,36,2021,85,0,12,11,1,NULL,NULL,NULL),
(3293,0,2,2021,85,0,82,81,1,NULL,NULL,NULL),
(3294,0,3,2021,85,0,18,16,2,NULL,NULL,NULL),
(3295,0,23,2021,85,0,22,20,2,NULL,NULL,NULL),
(3296,0,38,2021,85,0,1,1,0,NULL,NULL,NULL),
(3297,0,24,2021,85,0,19,19,0,NULL,NULL,NULL),
(3298,0,4,2021,85,0,49,46,3,NULL,NULL,NULL),
(3299,0,25,2021,85,0,10,9,1,NULL,NULL,NULL),
(3300,0,5,2021,85,0,32,31,1,NULL,NULL,NULL),
(3301,0,6,2021,85,0,39,39,0,NULL,NULL,NULL),
(3302,0,7,2021,85,0,19,19,0,NULL,NULL,NULL),
(3303,0,8,2021,85,0,11,11,0,NULL,NULL,NULL),
(3304,0,26,2021,85,0,16,16,0,NULL,NULL,NULL),
(3305,0,9,2021,85,0,268,264,4,NULL,NULL,NULL),
(3306,0,60,2021,85,0,1,1,0,NULL,NULL,NULL),
(3307,0,10,2021,85,0,95,94,1,NULL,NULL,NULL),
(3308,0,27,2021,85,0,8,8,0,NULL,NULL,NULL),
(3309,0,42,2021,85,0,1,1,0,NULL,NULL,NULL),
(3310,0,28,2021,85,0,28,28,0,NULL,NULL,NULL),
(3311,0,11,2021,85,0,40,40,0,NULL,NULL,NULL),
(3312,0,45,2021,85,0,1,1,0,NULL,NULL,NULL),
(3313,0,40,2021,85,0,1,1,0,NULL,NULL,NULL),
(3314,0,39,2021,85,0,1,1,0,NULL,NULL,NULL),
(3315,0,12,2021,85,0,30,30,0,NULL,NULL,NULL),
(3316,0,29,2021,85,0,9,9,0,NULL,NULL,NULL),
(3317,0,13,2021,85,0,26,25,1,NULL,NULL,NULL),
(3318,0,46,2021,85,0,1,1,0,NULL,NULL,NULL),
(3319,0,14,2021,85,0,13,13,0,NULL,NULL,NULL),
(3320,0,15,2021,85,0,9,9,0,NULL,NULL,NULL),
(3321,0,16,2021,85,0,12,12,0,NULL,NULL,NULL),
(3322,0,17,2021,85,0,18,17,1,NULL,NULL,NULL),
(3323,0,30,2021,85,0,13,13,0,NULL,NULL,NULL),
(3324,0,18,2021,85,0,55,52,3,NULL,NULL,NULL),
(3325,0,31,2021,85,0,15,14,1,NULL,NULL,NULL),
(3326,0,19,2021,85,0,16,16,0,NULL,NULL,NULL),
(3327,0,20,2021,85,0,18,17,1,NULL,NULL,NULL),
(3328,0,32,2021,85,0,18,17,1,NULL,NULL,NULL),
(3329,0,33,2021,86,0,9,9,0,NULL,NULL,NULL),
(3330,0,1,2021,86,0,43,41,2,NULL,NULL,NULL),
(3331,0,21,2021,86,0,6,4,2,NULL,NULL,NULL),
(3332,0,34,2021,86,0,10,10,0,NULL,NULL,NULL),
(3333,0,22,2021,86,0,21,20,1,NULL,NULL,NULL),
(3334,0,36,2021,86,0,17,15,2,NULL,NULL,NULL),
(3335,0,2,2021,86,0,47,47,0,NULL,NULL,NULL),
(3336,0,3,2021,86,0,28,27,1,NULL,NULL,NULL),
(3337,0,23,2021,86,0,23,18,5,NULL,NULL,NULL),
(3338,0,38,2021,86,0,1,1,0,NULL,NULL,NULL),
(3339,0,24,2021,86,0,26,26,0,NULL,NULL,NULL),
(3340,0,4,2021,86,0,49,48,1,NULL,NULL,NULL),
(3341,0,25,2021,86,0,13,13,0,NULL,NULL,NULL),
(3342,0,5,2021,86,0,27,27,0,NULL,NULL,NULL),
(3343,0,6,2021,86,0,28,28,0,NULL,NULL,NULL),
(3344,0,7,2021,86,0,9,9,0,NULL,NULL,NULL),
(3345,0,8,2021,86,0,12,12,0,NULL,NULL,NULL),
(3346,0,26,2021,86,0,6,6,0,NULL,NULL,NULL),
(3347,0,9,2021,86,0,189,188,1,NULL,NULL,NULL),
(3348,0,10,2021,86,0,96,96,0,NULL,NULL,NULL),
(3349,0,27,2021,86,0,24,24,0,NULL,NULL,NULL),
(3350,0,28,2021,86,0,16,16,0,NULL,NULL,NULL),
(3351,0,55,2021,86,0,1,1,0,NULL,NULL,NULL),
(3352,0,11,2021,86,0,61,60,1,NULL,NULL,NULL),
(3353,0,45,2021,86,0,3,3,0,NULL,NULL,NULL),
(3354,0,40,2021,86,0,1,1,0,NULL,NULL,NULL),
(3355,0,12,2021,86,0,18,18,0,NULL,NULL,NULL),
(3356,0,29,2021,86,0,9,8,1,NULL,NULL,NULL),
(3357,0,13,2021,86,0,19,19,0,NULL,NULL,NULL),
(3358,0,46,2021,86,0,1,1,0,NULL,NULL,NULL),
(3359,0,14,2021,86,0,9,9,0,NULL,NULL,NULL),
(3360,0,15,2021,86,0,25,24,1,NULL,NULL,NULL),
(3361,0,16,2021,86,0,11,10,1,NULL,NULL,NULL),
(3362,0,17,2021,86,0,7,7,0,NULL,NULL,NULL),
(3363,0,30,2021,86,0,25,23,2,NULL,NULL,NULL),
(3364,0,18,2021,86,0,33,33,0,NULL,NULL,NULL),
(3365,0,31,2021,86,0,32,32,0,NULL,NULL,NULL),
(3366,0,19,2021,86,0,17,17,0,NULL,NULL,NULL),
(3367,0,20,2021,86,0,41,38,3,NULL,NULL,NULL),
(3368,0,32,2021,86,0,16,16,0,NULL,NULL,NULL),
(3369,0,33,2021,87,0,7,7,0,NULL,NULL,NULL),
(3370,0,1,2021,87,0,45,41,4,NULL,NULL,NULL),
(3371,0,21,2021,87,0,26,26,0,NULL,NULL,NULL),
(3372,0,34,2021,87,0,11,11,0,NULL,NULL,NULL),
(3373,0,22,2021,87,0,17,17,0,NULL,NULL,NULL),
(3374,0,36,2021,87,0,11,8,3,NULL,NULL,NULL),
(3375,0,2,2021,87,0,40,40,0,NULL,NULL,NULL),
(3376,0,3,2021,87,0,19,19,0,NULL,NULL,NULL),
(3377,0,23,2021,87,0,13,13,0,NULL,NULL,NULL),
(3378,0,24,2021,87,0,12,12,0,NULL,NULL,NULL),
(3379,0,4,2021,87,0,52,50,2,NULL,NULL,NULL),
(3380,0,25,2021,87,0,10,10,0,NULL,NULL,NULL),
(3381,0,5,2021,87,0,30,29,1,NULL,NULL,NULL),
(3382,0,6,2021,87,0,32,28,4,NULL,NULL,NULL),
(3383,0,7,2021,87,0,7,7,0,NULL,NULL,NULL),
(3384,0,8,2021,87,0,10,9,1,NULL,NULL,NULL),
(3385,0,26,2021,87,0,3,3,0,NULL,NULL,NULL),
(3386,0,9,2021,87,0,190,188,2,NULL,NULL,NULL),
(3387,0,10,2021,87,0,112,111,1,NULL,NULL,NULL),
(3388,0,27,2021,87,0,8,8,0,NULL,NULL,NULL),
(3389,0,42,2021,87,0,1,1,0,NULL,NULL,NULL),
(3390,0,28,2021,87,0,16,15,1,NULL,NULL,NULL),
(3391,0,58,2021,87,0,1,1,0,NULL,NULL,NULL),
(3392,0,11,2021,87,0,38,38,0,NULL,NULL,NULL),
(3393,0,45,2021,87,0,1,1,0,NULL,NULL,NULL),
(3394,0,40,2021,87,0,5,5,0,NULL,NULL,NULL),
(3395,0,39,2021,87,0,3,3,0,NULL,NULL,NULL),
(3396,0,12,2021,87,0,27,27,0,NULL,NULL,NULL),
(3397,0,29,2021,87,0,17,16,1,NULL,NULL,NULL),
(3398,0,13,2021,87,0,12,11,1,NULL,NULL,NULL),
(3399,0,14,2021,87,0,6,6,0,NULL,NULL,NULL),
(3400,0,15,2021,87,0,6,6,0,NULL,NULL,NULL),
(3401,0,16,2021,87,0,11,11,0,NULL,NULL,NULL),
(3402,0,17,2021,87,0,13,12,1,NULL,NULL,NULL),
(3403,0,43,2021,87,0,1,1,0,NULL,NULL,NULL),
(3404,0,30,2021,87,0,20,18,2,NULL,NULL,NULL),
(3405,0,18,2021,87,0,37,36,1,NULL,NULL,NULL),
(3406,0,31,2021,87,0,13,12,1,NULL,NULL,NULL),
(3407,0,19,2021,87,0,16,16,0,NULL,NULL,NULL),
(3408,0,20,2021,87,0,19,19,0,NULL,NULL,NULL),
(3409,0,32,2021,87,0,11,11,0,NULL,NULL,NULL),
(3410,0,33,2021,88,0,16,16,0,NULL,NULL,NULL),
(3411,0,1,2021,88,0,31,27,4,NULL,NULL,NULL),
(3412,0,21,2021,88,0,16,16,0,NULL,NULL,NULL),
(3413,0,34,2021,88,0,5,5,0,NULL,NULL,NULL),
(3414,0,22,2021,88,0,13,13,0,NULL,NULL,NULL),
(3415,0,36,2021,88,0,14,10,4,NULL,NULL,NULL),
(3416,0,2,2021,88,0,29,27,2,NULL,NULL,NULL),
(3417,0,3,2021,88,0,13,13,0,NULL,NULL,NULL),
(3418,0,23,2021,88,0,29,27,2,NULL,NULL,NULL),
(3419,0,24,2021,88,0,15,15,0,NULL,NULL,NULL),
(3420,0,4,2021,88,0,49,46,3,NULL,NULL,NULL),
(3421,0,25,2021,88,0,4,4,0,NULL,NULL,NULL),
(3422,0,5,2021,88,0,45,45,0,NULL,NULL,NULL),
(3423,0,6,2021,88,0,16,16,0,NULL,NULL,NULL),
(3424,0,7,2021,88,0,6,6,0,NULL,NULL,NULL),
(3425,0,8,2021,88,0,9,9,0,NULL,NULL,NULL),
(3426,0,9,2021,88,0,159,158,1,NULL,NULL,NULL),
(3427,0,10,2021,88,0,80,76,4,NULL,NULL,NULL),
(3428,0,27,2021,88,0,15,15,0,NULL,NULL,NULL),
(3429,0,28,2021,88,0,13,13,0,NULL,NULL,NULL),
(3430,0,58,2021,88,0,3,3,0,NULL,NULL,NULL),
(3431,0,11,2021,88,0,60,58,2,NULL,NULL,NULL),
(3432,0,48,2021,88,0,1,1,0,NULL,NULL,NULL),
(3433,0,37,2021,88,0,1,1,0,NULL,NULL,NULL),
(3434,0,40,2021,88,0,2,1,1,NULL,NULL,NULL),
(3435,0,39,2021,88,0,1,1,0,NULL,NULL,NULL),
(3436,0,12,2021,88,0,19,19,0,NULL,NULL,NULL),
(3437,0,29,2021,88,0,11,11,0,NULL,NULL,NULL),
(3438,0,13,2021,88,0,9,9,0,NULL,NULL,NULL),
(3439,0,46,2021,88,0,1,0,1,NULL,NULL,NULL),
(3440,0,14,2021,88,0,4,4,0,NULL,NULL,NULL),
(3441,0,15,2021,88,0,13,12,1,NULL,NULL,NULL),
(3442,0,16,2021,88,0,7,7,0,NULL,NULL,NULL),
(3443,0,17,2021,88,0,27,25,2,NULL,NULL,NULL),
(3444,0,43,2021,88,0,1,1,0,NULL,NULL,NULL),
(3445,0,30,2021,88,0,23,19,4,NULL,NULL,NULL),
(3446,0,18,2021,88,0,41,40,1,NULL,NULL,NULL),
(3447,0,31,2021,88,0,12,12,0,NULL,NULL,NULL),
(3448,0,19,2021,88,0,22,22,0,NULL,NULL,NULL),
(3449,0,20,2021,88,0,25,23,2,NULL,NULL,NULL),
(3450,0,32,2021,88,0,9,8,1,NULL,NULL,NULL),
(3451,0,33,2021,89,0,9,9,0,NULL,NULL,NULL),
(3452,0,41,2021,89,0,1,1,0,NULL,NULL,NULL),
(3453,0,1,2021,89,0,21,21,0,NULL,NULL,NULL),
(3454,0,21,2021,89,0,15,13,2,NULL,NULL,NULL),
(3455,0,34,2021,89,0,6,6,0,NULL,NULL,NULL),
(3456,0,22,2021,89,0,19,18,1,NULL,NULL,NULL),
(3457,0,36,2021,89,0,11,11,0,NULL,NULL,NULL),
(3458,0,2,2021,89,0,24,24,0,NULL,NULL,NULL),
(3459,0,3,2021,89,0,18,18,0,NULL,NULL,NULL),
(3460,0,23,2021,89,0,23,21,2,NULL,NULL,NULL),
(3461,0,24,2021,89,0,17,17,0,NULL,NULL,NULL),
(3462,0,4,2021,89,0,63,60,3,NULL,NULL,NULL),
(3463,0,25,2021,89,0,10,10,0,NULL,NULL,NULL),
(3464,0,5,2021,89,0,49,49,0,NULL,NULL,NULL),
(3465,0,6,2021,89,0,15,14,1,NULL,NULL,NULL),
(3466,0,7,2021,89,0,4,4,0,NULL,NULL,NULL),
(3467,0,8,2021,89,0,9,8,1,NULL,NULL,NULL),
(3468,0,26,2021,89,0,2,2,0,NULL,NULL,NULL),
(3469,0,9,2021,89,0,159,158,1,NULL,NULL,NULL),
(3470,0,75,2021,89,0,1,1,0,NULL,NULL,NULL),
(3471,0,60,2021,89,0,1,1,0,NULL,NULL,NULL),
(3472,0,10,2021,89,0,129,127,2,NULL,NULL,NULL),
(3473,0,27,2021,89,0,7,7,0,NULL,NULL,NULL),
(3474,0,42,2021,89,0,1,1,0,NULL,NULL,NULL),
(3475,0,28,2021,89,0,15,13,2,NULL,NULL,NULL),
(3476,0,50,2021,89,0,1,1,0,NULL,NULL,NULL),
(3477,0,58,2021,89,0,2,2,0,NULL,NULL,NULL),
(3478,0,11,2021,89,0,30,29,1,NULL,NULL,NULL),
(3479,0,45,2021,89,0,1,1,0,NULL,NULL,NULL),
(3480,0,40,2021,89,0,4,4,0,NULL,NULL,NULL),
(3481,0,39,2021,89,0,1,1,0,NULL,NULL,NULL),
(3482,0,12,2021,89,0,20,20,0,NULL,NULL,NULL),
(3483,0,29,2021,89,0,8,8,0,NULL,NULL,NULL),
(3484,0,13,2021,89,0,14,13,1,NULL,NULL,NULL),
(3485,0,46,2021,89,0,5,5,0,NULL,NULL,NULL),
(3486,0,14,2021,89,0,9,8,1,NULL,NULL,NULL),
(3487,0,76,2021,89,0,1,1,0,NULL,NULL,NULL),
(3488,0,15,2021,89,0,9,8,1,NULL,NULL,NULL),
(3489,0,16,2021,89,0,10,10,0,NULL,NULL,NULL),
(3490,0,17,2021,89,0,11,11,0,NULL,NULL,NULL),
(3491,0,43,2021,89,0,1,1,0,NULL,NULL,NULL),
(3492,0,30,2021,89,0,16,16,0,NULL,NULL,NULL),
(3493,0,18,2021,89,0,43,40,3,NULL,NULL,NULL),
(3494,0,31,2021,89,0,9,9,0,NULL,NULL,NULL),
(3495,0,19,2021,89,0,12,12,0,NULL,NULL,NULL),
(3496,0,20,2021,89,0,23,23,0,NULL,NULL,NULL),
(3497,0,32,2021,89,0,11,11,0,NULL,NULL,NULL),
(3498,0,33,2021,90,0,3,3,0,NULL,NULL,NULL),
(3499,0,41,2021,90,0,1,1,0,NULL,NULL,NULL),
(3500,0,1,2021,90,0,15,14,1,NULL,NULL,NULL),
(3501,0,21,2021,90,0,7,7,0,NULL,NULL,NULL),
(3502,0,34,2021,90,0,7,7,0,NULL,NULL,NULL),
(3503,0,22,2021,90,0,7,7,0,NULL,NULL,NULL),
(3504,0,36,2021,90,0,11,10,1,NULL,NULL,NULL),
(3505,0,2,2021,90,0,27,25,2,NULL,NULL,NULL),
(3506,0,3,2021,90,0,15,14,1,NULL,NULL,NULL),
(3507,0,23,2021,90,0,8,8,0,NULL,NULL,NULL),
(3508,0,24,2021,90,0,20,20,0,NULL,NULL,NULL),
(3509,0,4,2021,90,0,36,35,1,NULL,NULL,NULL),
(3510,0,25,2021,90,0,6,6,0,NULL,NULL,NULL),
(3511,0,5,2021,90,0,20,20,0,NULL,NULL,NULL),
(3512,0,6,2021,90,0,12,10,2,NULL,NULL,NULL),
(3513,0,7,2021,90,0,13,13,0,NULL,NULL,NULL),
(3514,0,8,2021,90,0,8,8,0,NULL,NULL,NULL),
(3515,0,26,2021,90,0,5,5,0,NULL,NULL,NULL),
(3516,0,9,2021,90,0,131,130,1,NULL,NULL,NULL),
(3517,0,10,2021,90,0,59,59,0,NULL,NULL,NULL),
(3518,0,27,2021,90,0,4,4,0,NULL,NULL,NULL),
(3519,0,42,2021,90,0,1,1,0,NULL,NULL,NULL),
(3520,0,28,2021,90,0,18,18,0,NULL,NULL,NULL),
(3521,0,58,2021,90,0,1,1,0,NULL,NULL,NULL),
(3522,0,11,2021,90,0,34,34,0,NULL,NULL,NULL),
(3523,0,40,2021,90,0,1,1,0,NULL,NULL,NULL),
(3524,0,39,2021,90,0,2,2,0,NULL,NULL,NULL),
(3525,0,12,2021,90,0,13,13,0,NULL,NULL,NULL),
(3526,0,29,2021,90,0,11,11,0,NULL,NULL,NULL),
(3527,0,13,2021,90,0,13,13,0,NULL,NULL,NULL),
(3528,0,14,2021,90,0,6,6,0,NULL,NULL,NULL),
(3529,0,16,2021,90,0,5,5,0,NULL,NULL,NULL),
(3530,0,17,2021,90,0,7,7,0,NULL,NULL,NULL),
(3531,0,43,2021,90,0,2,2,0,NULL,NULL,NULL),
(3532,0,30,2021,90,0,11,11,0,NULL,NULL,NULL),
(3533,0,18,2021,90,0,27,27,0,NULL,NULL,NULL),
(3534,0,31,2021,90,0,11,11,0,NULL,NULL,NULL),
(3535,0,19,2021,90,0,13,13,0,NULL,NULL,NULL),
(3536,0,20,2021,90,0,16,16,0,NULL,NULL,NULL),
(3537,0,32,2021,90,0,5,5,0,NULL,NULL,NULL),
(3538,0,33,2021,91,0,5,5,0,NULL,NULL,NULL),
(3539,0,1,2021,91,0,22,19,3,NULL,NULL,NULL),
(3540,0,21,2021,91,0,14,14,0,NULL,NULL,NULL),
(3541,0,34,2021,91,0,6,6,0,NULL,NULL,NULL),
(3542,0,22,2021,91,0,20,20,0,NULL,NULL,NULL),
(3543,0,36,2021,91,0,4,4,0,NULL,NULL,NULL),
(3544,0,2,2021,91,0,32,32,0,NULL,NULL,NULL),
(3545,0,3,2021,91,0,17,17,0,NULL,NULL,NULL),
(3546,0,23,2021,91,0,13,11,2,NULL,NULL,NULL),
(3547,0,24,2021,91,0,13,12,1,NULL,NULL,NULL),
(3548,0,4,2021,91,0,33,31,2,NULL,NULL,NULL),
(3549,0,25,2021,91,0,4,4,0,NULL,NULL,NULL),
(3550,0,5,2021,91,0,22,22,0,NULL,NULL,NULL),
(3551,0,6,2021,91,0,24,23,1,NULL,NULL,NULL),
(3552,0,7,2021,91,0,9,9,0,NULL,NULL,NULL),
(3553,0,8,2021,91,0,8,8,0,NULL,NULL,NULL),
(3554,0,9,2021,91,0,115,113,2,NULL,NULL,NULL),
(3555,0,10,2021,91,0,84,80,4,NULL,NULL,NULL),
(3556,0,27,2021,91,0,10,10,0,NULL,NULL,NULL),
(3557,0,28,2021,91,0,13,11,2,NULL,NULL,NULL),
(3558,0,11,2021,91,0,32,32,0,NULL,NULL,NULL),
(3559,0,45,2021,91,0,1,1,0,NULL,NULL,NULL),
(3560,0,48,2021,91,0,2,2,0,NULL,NULL,NULL),
(3561,0,40,2021,91,0,2,2,0,NULL,NULL,NULL),
(3562,0,12,2021,91,0,16,15,1,NULL,NULL,NULL),
(3563,0,29,2021,91,0,8,8,0,NULL,NULL,NULL),
(3564,0,13,2021,91,0,6,6,0,NULL,NULL,NULL),
(3565,0,14,2021,91,0,2,2,0,NULL,NULL,NULL),
(3566,0,15,2021,91,0,8,8,0,NULL,NULL,NULL),
(3567,0,16,2021,91,0,2,2,0,NULL,NULL,NULL),
(3568,0,17,2021,91,0,12,12,0,NULL,NULL,NULL),
(3569,0,43,2021,91,0,3,3,0,NULL,NULL,NULL),
(3570,0,30,2021,91,0,18,17,1,NULL,NULL,NULL),
(3571,0,18,2021,91,0,41,39,2,NULL,NULL,NULL),
(3572,0,31,2021,91,0,15,15,0,NULL,NULL,NULL),
(3573,0,19,2021,91,0,9,9,0,NULL,NULL,NULL),
(3574,0,20,2021,91,0,6,6,0,NULL,NULL,NULL),
(3575,0,32,2021,91,0,3,2,1,NULL,NULL,NULL),
(3576,0,33,2021,92,0,7,7,0,NULL,NULL,NULL),
(3577,0,41,2021,92,0,1,1,0,NULL,NULL,NULL),
(3578,0,1,2021,92,0,20,18,2,NULL,NULL,NULL),
(3579,0,21,2021,92,0,8,8,0,NULL,NULL,NULL),
(3580,0,34,2021,92,0,4,4,0,NULL,NULL,NULL),
(3581,0,22,2021,92,0,4,3,1,NULL,NULL,NULL),
(3582,0,36,2021,92,0,6,6,0,NULL,NULL,NULL),
(3583,0,2,2021,92,0,21,20,1,NULL,NULL,NULL),
(3584,0,3,2021,92,0,6,6,0,NULL,NULL,NULL),
(3585,0,23,2021,92,0,12,12,0,NULL,NULL,NULL),
(3586,0,24,2021,92,0,14,13,1,NULL,NULL,NULL),
(3587,0,4,2021,92,0,31,29,2,NULL,NULL,NULL),
(3588,0,5,2021,92,0,14,14,0,NULL,NULL,NULL),
(3589,0,6,2021,92,0,20,18,2,NULL,NULL,NULL),
(3590,0,7,2021,92,0,4,3,1,NULL,NULL,NULL),
(3591,0,8,2021,92,0,10,10,0,NULL,NULL,NULL),
(3592,0,26,2021,92,0,6,6,0,NULL,NULL,NULL),
(3593,0,9,2021,92,0,96,95,1,NULL,NULL,NULL),
(3594,0,10,2021,92,0,61,60,1,NULL,NULL,NULL),
(3595,0,27,2021,92,0,11,11,0,NULL,NULL,NULL),
(3596,0,28,2021,92,0,10,10,0,NULL,NULL,NULL),
(3597,0,11,2021,92,0,32,31,1,NULL,NULL,NULL),
(3598,0,45,2021,92,0,2,2,0,NULL,NULL,NULL),
(3599,0,40,2021,92,0,2,2,0,NULL,NULL,NULL),
(3600,0,12,2021,92,0,12,12,0,NULL,NULL,NULL),
(3601,0,29,2021,92,0,3,3,0,NULL,NULL,NULL),
(3602,0,13,2021,92,0,11,11,0,NULL,NULL,NULL),
(3603,0,46,2021,92,0,1,1,0,NULL,NULL,NULL),
(3604,0,14,2021,92,0,1,1,0,NULL,NULL,NULL),
(3605,0,15,2021,92,0,6,5,1,NULL,NULL,NULL),
(3606,0,16,2021,92,0,2,2,0,NULL,NULL,NULL),
(3607,0,17,2021,92,0,4,4,0,NULL,NULL,NULL),
(3608,0,30,2021,92,0,9,8,1,NULL,NULL,NULL),
(3609,0,18,2021,92,0,29,29,0,NULL,NULL,NULL),
(3610,0,31,2021,92,0,5,5,0,NULL,NULL,NULL),
(3611,0,19,2021,92,0,10,10,0,NULL,NULL,NULL),
(3612,0,20,2021,92,0,15,15,0,NULL,NULL,NULL),
(3613,0,32,2021,92,0,8,8,0,NULL,NULL,NULL),
(3614,0,33,2021,93,0,7,7,0,NULL,NULL,NULL),
(3615,0,1,2021,93,0,29,28,1,NULL,NULL,NULL),
(3616,0,21,2021,93,0,6,6,0,NULL,NULL,NULL),
(3617,0,34,2021,93,0,4,3,1,NULL,NULL,NULL),
(3618,0,22,2021,93,0,8,6,2,NULL,NULL,NULL),
(3619,0,36,2021,93,0,4,4,0,NULL,NULL,NULL),
(3620,0,2,2021,93,0,18,16,2,NULL,NULL,NULL),
(3621,0,3,2021,93,0,4,4,0,NULL,NULL,NULL),
(3622,0,23,2021,93,0,12,12,0,NULL,NULL,NULL),
(3623,0,24,2021,93,0,11,10,1,NULL,NULL,NULL),
(3624,0,4,2021,93,0,28,27,1,NULL,NULL,NULL),
(3625,0,25,2021,93,0,5,5,0,NULL,NULL,NULL),
(3626,0,5,2021,93,0,18,18,0,NULL,NULL,NULL),
(3627,0,6,2021,93,0,22,20,2,NULL,NULL,NULL),
(3628,0,7,2021,93,0,4,4,0,NULL,NULL,NULL),
(3629,0,8,2021,93,0,7,7,0,NULL,NULL,NULL),
(3630,0,26,2021,93,0,4,4,0,NULL,NULL,NULL),
(3631,0,9,2021,93,0,92,91,1,NULL,NULL,NULL),
(3632,0,10,2021,93,0,75,75,0,NULL,NULL,NULL),
(3633,0,27,2021,93,0,7,7,0,NULL,NULL,NULL),
(3634,0,28,2021,93,0,7,6,1,NULL,NULL,NULL),
(3635,0,58,2021,93,0,1,1,0,NULL,NULL,NULL),
(3636,0,11,2021,93,0,33,32,1,NULL,NULL,NULL),
(3637,0,40,2021,93,0,4,3,1,NULL,NULL,NULL),
(3638,0,39,2021,93,0,1,1,0,NULL,NULL,NULL),
(3639,0,12,2021,93,0,15,15,0,NULL,NULL,NULL),
(3640,0,29,2021,93,0,3,3,0,NULL,NULL,NULL),
(3641,0,13,2021,93,0,8,8,0,NULL,NULL,NULL),
(3642,0,46,2021,93,0,1,1,0,NULL,NULL,NULL),
(3643,0,14,2021,93,0,6,6,0,NULL,NULL,NULL),
(3644,0,15,2021,93,0,3,2,1,NULL,NULL,NULL),
(3645,0,16,2021,93,0,4,4,0,NULL,NULL,NULL),
(3646,0,17,2021,93,0,10,9,1,NULL,NULL,NULL),
(3647,0,43,2021,93,0,1,1,0,NULL,NULL,NULL),
(3648,0,30,2021,93,0,13,11,2,NULL,NULL,NULL),
(3649,0,18,2021,93,0,41,38,3,NULL,NULL,NULL),
(3650,0,31,2021,93,0,9,9,0,NULL,NULL,NULL),
(3651,0,19,2021,93,0,9,9,0,NULL,NULL,NULL),
(3652,0,20,2021,93,0,8,6,2,NULL,NULL,NULL),
(3653,0,32,2021,93,0,12,11,1,NULL,NULL,NULL),
(3654,0,33,2021,94,0,2,2,0,NULL,NULL,NULL),
(3655,0,1,2021,94,0,19,19,0,NULL,NULL,NULL),
(3656,0,21,2021,94,0,2,2,0,NULL,NULL,NULL),
(3657,0,34,2021,94,0,1,1,0,NULL,NULL,NULL),
(3658,0,22,2021,94,0,7,7,0,NULL,NULL,NULL),
(3659,0,36,2021,94,0,4,3,1,NULL,NULL,NULL),
(3660,0,2,2021,94,0,15,15,0,NULL,NULL,NULL),
(3661,0,3,2021,94,0,6,6,0,NULL,NULL,NULL),
(3662,0,23,2021,94,0,2,2,0,NULL,NULL,NULL),
(3663,0,38,2021,94,0,1,1,0,NULL,NULL,NULL),
(3664,0,24,2021,94,0,5,5,0,NULL,NULL,NULL),
(3665,0,4,2021,94,0,17,16,1,NULL,NULL,NULL),
(3666,0,25,2021,94,0,1,1,0,NULL,NULL,NULL),
(3667,0,5,2021,94,0,9,9,0,NULL,NULL,NULL),
(3668,0,6,2021,94,0,8,7,1,NULL,NULL,NULL),
(3669,0,54,2021,94,0,1,1,0,NULL,NULL,NULL),
(3670,0,8,2021,94,0,6,6,0,NULL,NULL,NULL),
(3671,0,26,2021,94,0,1,1,0,NULL,NULL,NULL),
(3672,0,9,2021,94,0,56,56,0,NULL,NULL,NULL),
(3673,0,10,2021,94,0,52,51,1,NULL,NULL,NULL),
(3674,0,27,2021,94,0,3,3,0,NULL,NULL,NULL),
(3675,0,28,2021,94,0,6,6,0,NULL,NULL,NULL),
(3676,0,11,2021,94,0,14,14,0,NULL,NULL,NULL),
(3677,0,12,2021,94,0,5,5,0,NULL,NULL,NULL),
(3678,0,29,2021,94,0,6,6,0,NULL,NULL,NULL),
(3679,0,13,2021,94,0,5,5,0,NULL,NULL,NULL),
(3680,0,14,2021,94,0,2,2,0,NULL,NULL,NULL),
(3681,0,15,2021,94,0,5,5,0,NULL,NULL,NULL),
(3682,0,17,2021,94,0,4,4,0,NULL,NULL,NULL),
(3683,0,30,2021,94,0,7,6,1,NULL,NULL,NULL),
(3684,0,18,2021,94,0,11,11,0,NULL,NULL,NULL),
(3685,0,31,2021,94,0,13,13,0,NULL,NULL,NULL),
(3686,0,19,2021,94,0,7,7,0,NULL,NULL,NULL),
(3687,0,20,2021,94,0,7,5,2,NULL,NULL,NULL),
(3688,0,32,2021,94,0,6,6,0,NULL,NULL,NULL),
(3689,0,1,2022,95,0,5,4,1,NULL,NULL,NULL),
(3690,0,22,2022,95,0,5,4,1,NULL,NULL,NULL),
(3691,0,36,2022,95,0,2,2,0,NULL,NULL,NULL),
(3692,0,2,2022,95,0,1,1,0,NULL,NULL,NULL),
(3693,0,3,2022,95,0,2,2,0,NULL,NULL,NULL),
(3694,0,23,2022,95,0,1,1,0,NULL,NULL,NULL),
(3695,0,24,2022,95,0,3,3,0,NULL,NULL,NULL),
(3696,0,4,2022,95,0,7,6,1,NULL,NULL,NULL),
(3697,0,5,2022,95,0,4,4,0,NULL,NULL,NULL),
(3698,0,6,2022,95,0,3,3,0,NULL,NULL,NULL),
(3699,0,8,2022,95,0,1,1,0,NULL,NULL,NULL),
(3700,0,9,2022,95,0,23,23,0,NULL,NULL,NULL),
(3701,0,10,2022,95,0,19,17,2,NULL,NULL,NULL),
(3702,0,27,2022,95,0,1,1,0,NULL,NULL,NULL),
(3703,0,11,2022,95,0,4,4,0,NULL,NULL,NULL),
(3704,0,12,2022,95,0,4,4,0,NULL,NULL,NULL),
(3705,0,29,2022,95,0,3,3,0,NULL,NULL,NULL),
(3706,0,13,2022,95,0,1,1,0,NULL,NULL,NULL),
(3707,0,15,2022,95,0,2,2,0,NULL,NULL,NULL),
(3708,0,18,2022,95,0,4,4,0,NULL,NULL,NULL),
(3709,0,19,2022,95,0,7,7,0,NULL,NULL,NULL),
(3710,0,20,2022,95,0,1,1,0,NULL,NULL,NULL),
(3711,0,33,2022,96,0,5,5,0,NULL,NULL,NULL),
(3712,0,1,2022,96,0,16,15,1,NULL,NULL,NULL),
(3713,0,21,2022,96,0,17,17,0,NULL,NULL,NULL),
(3714,0,34,2022,96,0,4,4,0,NULL,NULL,NULL),
(3715,0,22,2022,96,0,14,14,0,NULL,NULL,NULL),
(3716,0,36,2022,96,0,9,8,1,NULL,NULL,NULL),
(3717,0,2,2022,96,0,20,20,0,NULL,NULL,NULL),
(3718,0,3,2022,96,0,17,17,0,NULL,NULL,NULL),
(3719,0,23,2022,96,0,21,19,2,NULL,NULL,NULL),
(3720,0,24,2022,96,0,8,8,0,NULL,NULL,NULL),
(3721,0,4,2022,96,0,19,19,0,NULL,NULL,NULL),
(3722,0,25,2022,96,0,1,1,0,NULL,NULL,NULL),
(3723,0,5,2022,96,0,39,39,0,NULL,NULL,NULL),
(3724,0,6,2022,96,0,27,26,1,NULL,NULL,NULL),
(3725,0,7,2022,96,0,5,5,0,NULL,NULL,NULL),
(3726,0,8,2022,96,0,8,8,0,NULL,NULL,NULL),
(3727,0,26,2022,96,0,3,3,0,NULL,NULL,NULL),
(3728,0,9,2022,96,0,126,124,2,NULL,NULL,NULL),
(3729,0,10,2022,96,0,79,79,0,NULL,NULL,NULL),
(3730,0,27,2022,96,0,11,11,0,NULL,NULL,NULL),
(3731,0,28,2022,96,0,5,5,0,NULL,NULL,NULL),
(3732,0,11,2022,96,0,65,65,0,NULL,NULL,NULL),
(3733,0,39,2022,96,0,1,1,0,NULL,NULL,NULL),
(3734,0,12,2022,96,0,10,10,0,NULL,NULL,NULL),
(3735,0,29,2022,96,0,8,8,0,NULL,NULL,NULL),
(3736,0,13,2022,96,0,11,11,0,NULL,NULL,NULL),
(3737,0,14,2022,96,0,3,3,0,NULL,NULL,NULL),
(3738,0,15,2022,96,0,3,2,1,NULL,NULL,NULL),
(3739,0,17,2022,96,0,29,29,0,NULL,NULL,NULL),
(3740,0,43,2022,96,0,3,3,0,NULL,NULL,NULL),
(3741,0,30,2022,96,0,13,11,2,NULL,NULL,NULL),
(3742,0,18,2022,96,0,16,15,1,NULL,NULL,NULL),
(3743,0,31,2022,96,0,6,6,0,NULL,NULL,NULL),
(3744,0,19,2022,96,0,52,52,0,NULL,NULL,NULL),
(3745,0,20,2022,96,0,7,7,0,NULL,NULL,NULL),
(3746,0,32,2022,96,0,1,1,0,NULL,NULL,NULL),
(3747,0,33,2022,97,0,3,3,0,NULL,NULL,NULL),
(3748,0,1,2022,97,0,22,20,2,NULL,NULL,NULL),
(3749,0,21,2022,97,0,10,10,0,NULL,NULL,NULL),
(3750,0,34,2022,97,0,5,5,0,NULL,NULL,NULL),
(3751,0,22,2022,97,0,9,9,0,NULL,NULL,NULL),
(3752,0,36,2022,97,0,9,9,0,NULL,NULL,NULL),
(3753,0,2,2022,97,0,14,14,0,NULL,NULL,NULL),
(3754,0,3,2022,97,0,17,16,1,NULL,NULL,NULL),
(3755,0,23,2022,97,0,12,9,3,NULL,NULL,NULL),
(3756,0,24,2022,97,0,7,7,0,NULL,NULL,NULL),
(3757,0,4,2022,97,0,29,26,3,NULL,NULL,NULL),
(3758,0,25,2022,97,0,4,4,0,NULL,NULL,NULL),
(3759,0,5,2022,97,0,45,44,1,NULL,NULL,NULL),
(3760,0,6,2022,97,0,34,33,1,NULL,NULL,NULL),
(3761,0,7,2022,97,0,3,3,0,NULL,NULL,NULL),
(3762,0,8,2022,97,0,15,15,0,NULL,NULL,NULL),
(3763,0,26,2022,97,0,4,4,0,NULL,NULL,NULL),
(3764,0,9,2022,97,0,118,117,1,NULL,NULL,NULL),
(3765,0,10,2022,97,0,59,57,2,NULL,NULL,NULL),
(3766,0,27,2022,97,0,35,35,0,NULL,NULL,NULL),
(3767,0,42,2022,97,0,1,1,0,NULL,NULL,NULL),
(3768,0,28,2022,97,0,3,3,0,NULL,NULL,NULL),
(3769,0,11,2022,97,0,26,24,2,NULL,NULL,NULL),
(3770,0,45,2022,97,0,1,1,0,NULL,NULL,NULL),
(3771,0,37,2022,97,0,1,1,0,NULL,NULL,NULL),
(3772,0,12,2022,97,0,11,11,0,NULL,NULL,NULL),
(3773,0,29,2022,97,0,11,11,0,NULL,NULL,NULL),
(3774,0,13,2022,97,0,12,12,0,NULL,NULL,NULL),
(3775,0,14,2022,97,0,2,2,0,NULL,NULL,NULL),
(3776,0,15,2022,97,0,4,4,0,NULL,NULL,NULL),
(3777,0,16,2022,97,0,22,22,0,NULL,NULL,NULL),
(3778,0,17,2022,97,0,36,36,0,NULL,NULL,NULL),
(3779,0,43,2022,97,0,1,1,0,NULL,NULL,NULL),
(3780,0,30,2022,97,0,8,8,0,NULL,NULL,NULL),
(3781,0,18,2022,97,0,30,27,3,NULL,NULL,NULL),
(3782,0,31,2022,97,0,9,9,0,NULL,NULL,NULL),
(3783,0,19,2022,97,0,12,12,0,NULL,NULL,NULL),
(3784,0,20,2022,97,0,7,6,1,NULL,NULL,NULL),
(3785,0,32,2022,97,0,6,5,1,NULL,NULL,NULL),
(3786,0,33,2022,98,0,21,21,0,NULL,NULL,NULL),
(3787,0,41,2022,98,0,1,1,0,NULL,NULL,NULL),
(3788,0,1,2022,98,0,17,17,0,NULL,NULL,NULL),
(3789,0,21,2022,98,0,11,10,1,NULL,NULL,NULL),
(3790,0,34,2022,98,0,9,9,0,NULL,NULL,NULL),
(3791,0,22,2022,98,0,13,13,0,NULL,NULL,NULL),
(3792,0,36,2022,98,0,16,15,1,NULL,NULL,NULL),
(3793,0,2,2022,98,0,20,20,0,NULL,NULL,NULL),
(3794,0,3,2022,98,0,29,28,1,NULL,NULL,NULL),
(3795,0,23,2022,98,0,24,22,2,NULL,NULL,NULL),
(3796,0,38,2022,98,0,2,2,0,NULL,NULL,NULL),
(3797,0,24,2022,98,0,17,16,1,NULL,NULL,NULL),
(3798,0,4,2022,98,0,28,24,4,NULL,NULL,NULL),
(3799,0,25,2022,98,0,7,7,0,NULL,NULL,NULL),
(3800,0,5,2022,98,0,33,33,0,NULL,NULL,NULL),
(3801,0,6,2022,98,0,25,23,2,NULL,NULL,NULL),
(3802,0,47,2022,98,0,1,1,0,NULL,NULL,NULL),
(3803,0,7,2022,98,0,3,3,0,NULL,NULL,NULL),
(3804,0,8,2022,98,0,6,6,0,NULL,NULL,NULL),
(3805,0,26,2022,98,0,2,2,0,NULL,NULL,NULL),
(3806,0,9,2022,98,0,135,135,0,NULL,NULL,NULL),
(3807,0,10,2022,98,0,67,65,2,NULL,NULL,NULL),
(3808,0,27,2022,98,0,17,17,0,NULL,NULL,NULL),
(3809,0,28,2022,98,0,8,8,0,NULL,NULL,NULL),
(3810,0,58,2022,98,0,1,1,0,NULL,NULL,NULL),
(3811,0,11,2022,98,0,27,27,0,NULL,NULL,NULL),
(3812,0,45,2022,98,0,4,4,0,NULL,NULL,NULL),
(3813,0,40,2022,98,0,2,1,1,NULL,NULL,NULL),
(3814,0,12,2022,98,0,9,9,0,NULL,NULL,NULL),
(3815,0,29,2022,98,0,8,8,0,NULL,NULL,NULL),
(3816,0,13,2022,98,0,7,7,0,NULL,NULL,NULL),
(3817,0,46,2022,98,0,3,3,0,NULL,NULL,NULL),
(3818,0,14,2022,98,0,3,3,0,NULL,NULL,NULL),
(3819,0,15,2022,98,0,10,10,0,NULL,NULL,NULL),
(3820,0,16,2022,98,0,19,19,0,NULL,NULL,NULL),
(3821,0,17,2022,98,0,39,39,0,NULL,NULL,NULL),
(3822,0,30,2022,98,0,13,12,1,NULL,NULL,NULL),
(3823,0,18,2022,98,0,24,23,1,NULL,NULL,NULL),
(3824,0,31,2022,98,0,18,18,0,NULL,NULL,NULL),
(3825,0,19,2022,98,0,19,19,0,NULL,NULL,NULL),
(3826,0,20,2022,98,0,17,17,0,NULL,NULL,NULL),
(3827,0,32,2022,98,0,13,13,0,NULL,NULL,NULL),
(3828,0,33,2022,99,0,112,112,0,NULL,NULL,NULL),
(3829,0,41,2022,99,0,1,1,0,NULL,NULL,NULL),
(3830,0,1,2022,99,0,204,203,1,NULL,NULL,NULL),
(3831,0,21,2022,99,0,27,27,0,NULL,NULL,NULL),
(3832,0,34,2022,99,0,7,7,0,NULL,NULL,NULL),
(3833,0,52,2022,99,0,1,1,0,NULL,NULL,NULL),
(3834,0,22,2022,99,0,26,26,0,NULL,NULL,NULL),
(3835,0,36,2022,99,0,28,26,2,NULL,NULL,NULL),
(3836,0,2,2022,99,0,151,149,2,NULL,NULL,NULL),
(3837,0,3,2022,99,0,23,23,0,NULL,NULL,NULL),
(3838,0,23,2022,99,0,13,13,0,NULL,NULL,NULL),
(3839,0,38,2022,99,0,1,1,0,NULL,NULL,NULL),
(3840,0,24,2022,99,0,38,38,0,NULL,NULL,NULL),
(3841,0,4,2022,99,0,60,59,1,NULL,NULL,NULL),
(3842,0,25,2022,99,0,38,38,0,NULL,NULL,NULL),
(3843,0,5,2022,99,0,40,39,1,NULL,NULL,NULL),
(3844,0,6,2022,99,0,63,58,5,NULL,NULL,NULL),
(3845,0,7,2022,99,0,10,10,0,NULL,NULL,NULL),
(3846,0,8,2022,99,0,11,11,0,NULL,NULL,NULL),
(3847,0,26,2022,99,0,6,6,0,NULL,NULL,NULL),
(3848,0,9,2022,99,0,321,317,4,NULL,NULL,NULL),
(3849,0,10,2022,99,0,147,147,0,NULL,NULL,NULL),
(3850,0,27,2022,99,0,42,41,1,NULL,NULL,NULL),
(3851,0,42,2022,99,0,1,1,0,NULL,NULL,NULL),
(3852,0,28,2022,99,0,11,10,1,NULL,NULL,NULL),
(3853,0,58,2022,99,0,1,0,1,NULL,NULL,NULL),
(3854,0,11,2022,99,0,41,39,2,NULL,NULL,NULL),
(3855,0,48,2022,99,0,2,2,0,NULL,NULL,NULL),
(3856,0,40,2022,99,0,3,2,1,NULL,NULL,NULL),
(3857,0,12,2022,99,0,22,22,0,NULL,NULL,NULL),
(3858,0,29,2022,99,0,22,22,0,NULL,NULL,NULL),
(3859,0,13,2022,99,0,33,33,0,NULL,NULL,NULL),
(3860,0,14,2022,99,0,19,19,0,NULL,NULL,NULL),
(3861,0,15,2022,99,0,22,21,1,NULL,NULL,NULL),
(3862,0,16,2022,99,0,8,7,1,NULL,NULL,NULL),
(3863,0,17,2022,99,0,76,75,1,NULL,NULL,NULL),
(3864,0,43,2022,99,0,9,9,0,NULL,NULL,NULL),
(3865,0,30,2022,99,0,27,27,0,NULL,NULL,NULL),
(3866,0,18,2022,99,0,121,117,4,NULL,NULL,NULL),
(3867,0,31,2022,99,0,58,57,1,NULL,NULL,NULL),
(3868,0,19,2022,99,0,17,17,0,NULL,NULL,NULL),
(3869,0,20,2022,99,0,43,43,0,NULL,NULL,NULL),
(3870,0,32,2022,99,0,22,22,0,NULL,NULL,NULL),
(3871,0,33,2022,100,0,174,167,7,NULL,NULL,NULL),
(3872,0,1,2022,100,0,435,433,2,NULL,NULL,NULL),
(3873,0,21,2022,100,0,35,35,0,NULL,NULL,NULL),
(3874,0,34,2022,100,0,29,29,0,NULL,NULL,NULL),
(3875,0,52,2022,100,0,1,1,0,NULL,NULL,NULL),
(3876,0,22,2022,100,0,96,92,4,NULL,NULL,NULL),
(3877,0,36,2022,100,0,81,76,5,NULL,NULL,NULL),
(3878,0,2,2022,100,0,177,177,0,NULL,NULL,NULL),
(3879,0,3,2022,100,0,116,115,1,NULL,NULL,NULL),
(3880,0,23,2022,100,0,28,26,2,NULL,NULL,NULL),
(3881,0,38,2022,100,0,3,3,0,NULL,NULL,NULL),
(3882,0,57,2022,100,0,1,1,0,NULL,NULL,NULL),
(3883,0,24,2022,100,0,105,105,0,NULL,NULL,NULL),
(3884,0,4,2022,100,0,213,207,6,NULL,NULL,NULL),
(3885,0,25,2022,100,0,102,99,3,NULL,NULL,NULL),
(3886,0,5,2022,100,0,138,138,0,NULL,NULL,NULL),
(3887,0,6,2022,100,0,168,165,3,NULL,NULL,NULL),
(3888,0,47,2022,100,0,4,4,0,NULL,NULL,NULL),
(3889,0,7,2022,100,0,30,30,0,NULL,NULL,NULL),
(3890,0,8,2022,100,0,78,78,0,NULL,NULL,NULL),
(3891,0,26,2022,100,0,18,17,1,NULL,NULL,NULL),
(3892,0,9,2022,100,0,912,907,5,NULL,NULL,NULL),
(3893,0,60,2022,100,0,1,1,0,NULL,NULL,NULL),
(3894,0,10,2022,100,0,775,769,6,NULL,NULL,NULL),
(3895,0,27,2022,100,0,111,108,3,NULL,NULL,NULL),
(3896,0,42,2022,100,0,2,2,0,NULL,NULL,NULL),
(3897,0,28,2022,100,0,99,98,1,NULL,NULL,NULL),
(3898,0,55,2022,100,0,1,1,0,NULL,NULL,NULL),
(3899,0,58,2022,100,0,2,2,0,NULL,NULL,NULL),
(3900,0,11,2022,100,0,125,122,3,NULL,NULL,NULL),
(3901,0,45,2022,100,0,4,4,0,NULL,NULL,NULL),
(3902,0,48,2022,100,0,1,1,0,NULL,NULL,NULL),
(3903,0,40,2022,100,0,5,5,0,NULL,NULL,NULL),
(3904,0,39,2022,100,0,4,3,1,NULL,NULL,NULL),
(3905,0,12,2022,100,0,102,101,1,NULL,NULL,NULL),
(3906,0,29,2022,100,0,86,86,0,NULL,NULL,NULL),
(3907,0,13,2022,100,0,99,97,2,NULL,NULL,NULL),
(3908,0,46,2022,100,0,3,3,0,NULL,NULL,NULL),
(3909,0,14,2022,100,0,59,58,1,NULL,NULL,NULL),
(3910,0,15,2022,100,0,118,118,0,NULL,NULL,NULL),
(3911,0,16,2022,100,0,63,62,1,NULL,NULL,NULL),
(3912,0,17,2022,100,0,202,200,2,NULL,NULL,NULL),
(3913,0,43,2022,100,0,6,6,0,NULL,NULL,NULL),
(3914,0,30,2022,100,0,90,85,5,NULL,NULL,NULL),
(3915,0,18,2022,100,0,328,319,9,NULL,NULL,NULL),
(3916,0,31,2022,100,0,224,221,3,NULL,NULL,NULL),
(3917,0,19,2022,100,0,74,72,2,NULL,NULL,NULL),
(3918,0,20,2022,100,0,138,130,8,NULL,NULL,NULL),
(3919,0,32,2022,100,0,83,83,0,NULL,NULL,NULL),
(3920,0,33,2022,101,0,301,294,7,NULL,NULL,NULL),
(3921,0,41,2022,101,0,2,2,0,NULL,NULL,NULL),
(3922,0,1,2022,101,0,603,590,13,NULL,NULL,NULL),
(3923,0,21,2022,101,0,193,192,1,NULL,NULL,NULL),
(3924,0,59,2022,101,0,2,2,0,NULL,NULL,NULL),
(3925,0,34,2022,101,0,89,87,2,NULL,NULL,NULL),
(3926,0,52,2022,101,0,3,2,1,NULL,NULL,NULL),
(3927,0,22,2022,101,0,197,193,4,NULL,NULL,NULL),
(3928,0,36,2022,101,0,178,174,4,NULL,NULL,NULL),
(3929,0,2,2022,101,0,460,458,2,NULL,NULL,NULL),
(3930,0,53,2022,101,0,4,4,0,NULL,NULL,NULL),
(3931,0,3,2022,101,0,542,539,3,NULL,NULL,NULL),
(3932,0,23,2022,101,0,194,189,5,NULL,NULL,NULL),
(3933,0,38,2022,101,0,5,5,0,NULL,NULL,NULL),
(3934,0,24,2022,101,0,378,377,1,NULL,NULL,NULL),
(3935,0,4,2022,101,0,616,602,14,NULL,NULL,NULL),
(3936,0,25,2022,101,0,214,208,6,NULL,NULL,NULL),
(3937,0,5,2022,101,0,777,772,5,NULL,NULL,NULL),
(3938,0,6,2022,101,0,495,489,6,NULL,NULL,NULL),
(3939,0,47,2022,101,0,1,1,0,NULL,NULL,NULL),
(3940,0,54,2022,101,0,3,2,1,NULL,NULL,NULL),
(3941,0,7,2022,101,0,185,184,1,NULL,NULL,NULL),
(3942,0,8,2022,101,0,220,217,3,NULL,NULL,NULL),
(3943,0,26,2022,101,0,79,77,2,NULL,NULL,NULL),
(3944,0,9,2022,101,0,2201,2184,17,NULL,NULL,NULL),
(3945,0,10,2022,101,0,1330,1315,15,NULL,NULL,NULL),
(3946,0,27,2022,101,0,502,494,8,NULL,NULL,NULL),
(3947,0,42,2022,101,0,2,2,0,NULL,NULL,NULL),
(3948,0,28,2022,101,0,382,381,1,NULL,NULL,NULL),
(3949,0,50,2022,101,0,2,2,0,NULL,NULL,NULL),
(3950,0,58,2022,101,0,2,2,0,NULL,NULL,NULL),
(3951,0,11,2022,101,0,696,694,2,NULL,NULL,NULL),
(3952,0,45,2022,101,0,9,9,0,NULL,NULL,NULL),
(3953,0,48,2022,101,0,2,2,0,NULL,NULL,NULL),
(3954,0,37,2022,101,0,2,2,0,NULL,NULL,NULL),
(3955,0,40,2022,101,0,12,11,1,NULL,NULL,NULL),
(3956,0,39,2022,101,0,3,2,1,NULL,NULL,NULL),
(3957,0,12,2022,101,0,696,691,5,NULL,NULL,NULL),
(3958,0,29,2022,101,0,246,243,3,NULL,NULL,NULL),
(3959,0,13,2022,101,0,376,371,5,NULL,NULL,NULL),
(3960,0,46,2022,101,0,3,3,0,NULL,NULL,NULL),
(3961,0,14,2022,101,0,155,152,3,NULL,NULL,NULL),
(3962,0,15,2022,101,0,267,265,2,NULL,NULL,NULL),
(3963,0,16,2022,101,0,126,126,0,NULL,NULL,NULL),
(3964,0,17,2022,101,0,872,868,4,NULL,NULL,NULL),
(3965,0,43,2022,101,0,10,10,0,NULL,NULL,NULL),
(3966,0,30,2022,101,0,370,357,13,NULL,NULL,NULL),
(3967,0,56,2022,101,0,4,4,0,NULL,NULL,NULL),
(3968,0,51,2022,101,0,1,1,0,NULL,NULL,NULL),
(3969,0,18,2022,101,0,657,644,13,NULL,NULL,NULL),
(3970,0,65,2022,101,0,1,1,0,NULL,NULL,NULL),
(3971,0,31,2022,101,0,807,799,8,NULL,NULL,NULL),
(3972,0,19,2022,101,0,284,283,1,NULL,NULL,NULL),
(3973,0,61,2022,101,0,1,1,0,NULL,NULL,NULL),
(3974,0,20,2022,101,0,199,191,8,NULL,NULL,NULL),
(3975,0,32,2022,101,0,376,373,3,NULL,NULL,NULL),
(3976,0,33,2022,102,0,306,299,7,NULL,NULL,NULL),
(3977,0,41,2022,102,0,9,9,0,NULL,NULL,NULL),
(3978,0,1,2022,102,0,848,834,14,NULL,NULL,NULL),
(3979,0,21,2022,102,0,453,448,5,NULL,NULL,NULL),
(3980,0,34,2022,102,0,188,187,1,NULL,NULL,NULL),
(3981,0,52,2022,102,0,3,2,1,NULL,NULL,NULL),
(3982,0,22,2022,102,0,351,346,5,NULL,NULL,NULL),
(3983,0,36,2022,102,0,319,309,10,NULL,NULL,NULL),
(3984,0,2,2022,102,0,876,864,12,NULL,NULL,NULL),
(3985,0,53,2022,102,0,7,7,0,NULL,NULL,NULL),
(3986,0,3,2022,102,0,757,751,6,NULL,NULL,NULL),
(3987,0,23,2022,102,0,421,414,7,NULL,NULL,NULL),
(3988,0,38,2022,102,0,1,0,1,NULL,NULL,NULL),
(3989,0,24,2022,102,0,829,827,2,NULL,NULL,NULL),
(3990,0,4,2022,102,0,853,828,25,NULL,NULL,NULL),
(3991,0,25,2022,102,0,318,295,23,NULL,NULL,NULL),
(3992,0,5,2022,102,0,1285,1274,11,NULL,NULL,NULL),
(3993,0,6,2022,102,0,1208,1185,23,NULL,NULL,NULL),
(3994,0,47,2022,102,0,1,1,0,NULL,NULL,NULL),
(3995,0,54,2022,102,0,10,9,1,NULL,NULL,NULL),
(3996,0,7,2022,102,0,337,336,1,NULL,NULL,NULL),
(3997,0,8,2022,102,0,355,351,4,NULL,NULL,NULL),
(3998,0,26,2022,102,0,217,217,0,NULL,NULL,NULL),
(3999,0,9,2022,102,0,3457,3420,37,NULL,NULL,NULL),
(4000,0,60,2022,102,0,1,1,0,NULL,NULL,NULL),
(4001,0,10,2022,102,0,1930,1912,18,NULL,NULL,NULL),
(4002,0,27,2022,102,0,594,583,11,NULL,NULL,NULL),
(4003,0,42,2022,102,0,10,10,0,NULL,NULL,NULL),
(4004,0,28,2022,102,0,401,396,5,NULL,NULL,NULL),
(4005,0,50,2022,102,0,9,9,0,NULL,NULL,NULL),
(4006,0,58,2022,102,0,8,7,1,NULL,NULL,NULL),
(4007,0,11,2022,102,0,1662,1654,8,NULL,NULL,NULL),
(4008,0,45,2022,102,0,10,10,0,NULL,NULL,NULL),
(4009,0,48,2022,102,0,4,4,0,NULL,NULL,NULL),
(4010,0,37,2022,102,0,2,2,0,NULL,NULL,NULL),
(4011,0,40,2022,102,0,9,9,0,NULL,NULL,NULL),
(4012,0,39,2022,102,0,6,6,0,NULL,NULL,NULL),
(4013,0,12,2022,102,0,938,925,13,NULL,NULL,NULL),
(4014,0,29,2022,102,0,721,716,5,NULL,NULL,NULL),
(4015,0,13,2022,102,0,705,692,13,NULL,NULL,NULL),
(4016,0,46,2022,102,0,7,7,0,NULL,NULL,NULL),
(4017,0,14,2022,102,0,310,305,5,NULL,NULL,NULL),
(4018,0,15,2022,102,0,575,572,3,NULL,NULL,NULL),
(4019,0,16,2022,102,0,168,164,4,NULL,NULL,NULL),
(4020,0,17,2022,102,0,905,898,7,NULL,NULL,NULL),
(4021,0,43,2022,102,0,40,40,0,NULL,NULL,NULL),
(4022,0,30,2022,102,0,513,500,13,NULL,NULL,NULL),
(4023,0,56,2022,102,0,2,2,0,NULL,NULL,NULL),
(4024,0,51,2022,102,0,1,1,0,NULL,NULL,NULL),
(4025,0,18,2022,102,0,967,954,13,NULL,NULL,NULL),
(4026,0,65,2022,102,0,3,3,0,NULL,NULL,NULL),
(4027,0,31,2022,102,0,1179,1171,8,NULL,NULL,NULL),
(4028,0,19,2022,102,0,628,625,3,NULL,NULL,NULL),
(4029,0,61,2022,102,0,1,1,0,NULL,NULL,NULL),
(4030,0,20,2022,102,0,261,242,19,NULL,NULL,NULL),
(4031,0,32,2022,102,0,626,620,6,NULL,NULL,NULL),
(4032,0,33,2022,103,0,227,219,8,NULL,NULL,NULL),
(4033,0,41,2022,103,0,12,12,0,NULL,NULL,NULL),
(4034,0,1,2022,103,0,619,589,30,NULL,NULL,NULL),
(4035,0,21,2022,103,0,566,554,12,NULL,NULL,NULL),
(4036,0,34,2022,103,0,337,323,14,NULL,NULL,NULL),
(4037,0,52,2022,103,0,3,3,0,NULL,NULL,NULL),
(4038,0,22,2022,103,0,356,349,7,NULL,NULL,NULL),
(4039,0,36,2022,103,0,286,271,15,NULL,NULL,NULL),
(4040,0,2,2022,103,0,1067,1046,21,NULL,NULL,NULL),
(4041,0,3,2022,103,0,539,531,8,NULL,NULL,NULL),
(4042,0,23,2022,103,0,331,316,15,NULL,NULL,NULL),
(4043,0,38,2022,103,0,13,10,3,NULL,NULL,NULL),
(4044,0,24,2022,103,0,531,523,8,NULL,NULL,NULL),
(4045,0,4,2022,103,0,738,705,33,NULL,NULL,NULL),
(4046,0,25,2022,103,0,258,239,19,NULL,NULL,NULL),
(4047,0,5,2022,103,0,893,883,10,NULL,NULL,NULL),
(4048,0,6,2022,103,0,1291,1257,34,NULL,NULL,NULL),
(4049,0,47,2022,103,0,1,1,0,NULL,NULL,NULL),
(4050,0,54,2022,103,0,3,3,0,NULL,NULL,NULL),
(4051,0,7,2022,103,0,236,236,0,NULL,NULL,NULL),
(4052,0,8,2022,103,0,308,307,1,NULL,NULL,NULL),
(4053,0,26,2022,103,0,197,191,6,NULL,NULL,NULL),
(4054,0,9,2022,103,0,2951,2917,34,NULL,NULL,NULL),
(4055,0,60,2022,103,0,1,1,0,NULL,NULL,NULL),
(4056,0,10,2022,103,0,1544,1525,19,NULL,NULL,NULL),
(4057,0,27,2022,103,0,410,401,9,NULL,NULL,NULL),
(4058,0,42,2022,103,0,14,14,0,NULL,NULL,NULL),
(4059,0,28,2022,103,0,350,334,16,NULL,NULL,NULL),
(4060,0,50,2022,103,0,5,5,0,NULL,NULL,NULL),
(4061,0,58,2022,103,0,6,6,0,NULL,NULL,NULL),
(4062,0,11,2022,103,0,1400,1389,11,NULL,NULL,NULL),
(4063,0,45,2022,103,0,12,12,0,NULL,NULL,NULL),
(4064,0,48,2022,103,0,1,1,0,NULL,NULL,NULL),
(4065,0,37,2022,103,0,3,3,0,NULL,NULL,NULL),
(4066,0,40,2022,103,0,26,25,1,NULL,NULL,NULL),
(4067,0,39,2022,103,0,16,16,0,NULL,NULL,NULL),
(4068,0,12,2022,103,0,699,686,13,NULL,NULL,NULL),
(4069,0,29,2022,103,0,666,662,4,NULL,NULL,NULL),
(4070,0,13,2022,103,0,832,817,15,NULL,NULL,NULL),
(4071,0,46,2022,103,0,10,9,1,NULL,NULL,NULL),
(4072,0,14,2022,103,0,241,234,7,NULL,NULL,NULL),
(4073,0,15,2022,103,0,637,629,8,NULL,NULL,NULL),
(4074,0,16,2022,103,0,254,245,9,NULL,NULL,NULL),
(4075,0,17,2022,103,0,487,465,22,NULL,NULL,NULL),
(4076,0,43,2022,103,0,23,23,0,NULL,NULL,NULL),
(4077,0,30,2022,103,0,399,387,12,NULL,NULL,NULL),
(4078,0,51,2022,103,0,2,2,0,NULL,NULL,NULL),
(4079,0,18,2022,103,0,846,818,28,NULL,NULL,NULL),
(4080,0,71,2022,103,0,1,1,0,NULL,NULL,NULL),
(4081,0,35,2022,103,0,1,1,0,NULL,NULL,NULL),
(4082,0,64,2022,103,0,1,1,0,NULL,NULL,NULL),
(4083,0,65,2022,103,0,2,2,0,NULL,NULL,NULL),
(4084,0,31,2022,103,0,773,756,17,NULL,NULL,NULL),
(4085,0,19,2022,103,0,636,626,10,NULL,NULL,NULL),
(4086,0,61,2022,103,0,1,1,0,NULL,NULL,NULL),
(4087,0,20,2022,103,0,278,260,18,NULL,NULL,NULL),
(4088,0,32,2022,103,0,776,767,9,NULL,NULL,NULL),
(4089,0,33,2022,104,0,159,149,10,NULL,NULL,NULL),
(4090,0,41,2022,104,0,15,15,0,NULL,NULL,NULL),
(4091,0,1,2022,104,0,500,467,33,NULL,NULL,NULL),
(4092,0,21,2022,104,0,163,154,9,NULL,NULL,NULL),
(4093,0,34,2022,104,0,178,172,6,NULL,NULL,NULL),
(4094,0,52,2022,104,0,7,4,3,NULL,NULL,NULL),
(4095,0,22,2022,104,0,144,138,6,NULL,NULL,NULL),
(4096,0,36,2022,104,0,177,161,16,NULL,NULL,NULL),
(4097,0,69,2022,104,0,2,2,0,NULL,NULL,NULL),
(4098,0,2,2022,104,0,529,509,20,NULL,NULL,NULL),
(4099,0,53,2022,104,0,4,3,1,NULL,NULL,NULL),
(4100,0,3,2022,104,0,184,179,5,NULL,NULL,NULL),
(4101,0,23,2022,104,0,212,199,13,NULL,NULL,NULL),
(4102,0,38,2022,104,0,15,12,3,NULL,NULL,NULL),
(4103,0,24,2022,104,0,158,152,6,NULL,NULL,NULL),
(4104,0,4,2022,104,0,411,387,24,NULL,NULL,NULL),
(4105,0,25,2022,104,0,191,177,14,NULL,NULL,NULL),
(4106,0,5,2022,104,0,251,245,6,NULL,NULL,NULL),
(4107,0,6,2022,104,0,1158,1120,38,NULL,NULL,NULL),
(4108,0,54,2022,104,0,2,2,0,NULL,NULL,NULL),
(4109,0,7,2022,104,0,123,120,3,NULL,NULL,NULL),
(4110,0,8,2022,104,0,123,122,1,NULL,NULL,NULL),
(4111,0,26,2022,104,0,117,114,3,NULL,NULL,NULL),
(4112,0,9,2022,104,0,1338,1305,33,NULL,NULL,NULL),
(4113,0,10,2022,104,0,782,759,23,NULL,NULL,NULL),
(4114,0,27,2022,104,0,122,115,7,NULL,NULL,NULL),
(4115,0,42,2022,104,0,14,12,2,NULL,NULL,NULL),
(4116,0,28,2022,104,0,117,105,12,NULL,NULL,NULL),
(4117,0,50,2022,104,0,3,3,0,NULL,NULL,NULL),
(4118,0,55,2022,104,0,1,1,0,NULL,NULL,NULL),
(4119,0,58,2022,104,0,3,2,1,NULL,NULL,NULL),
(4120,0,11,2022,104,0,701,681,20,NULL,NULL,NULL),
(4121,0,45,2022,104,0,6,6,0,NULL,NULL,NULL),
(4122,0,48,2022,104,0,4,4,0,NULL,NULL,NULL),
(4123,0,37,2022,104,0,1,1,0,NULL,NULL,NULL),
(4124,0,40,2022,104,0,21,17,4,NULL,NULL,NULL),
(4125,0,39,2022,104,0,14,13,1,NULL,NULL,NULL),
(4126,0,12,2022,104,0,251,244,7,NULL,NULL,NULL),
(4127,0,29,2022,104,0,323,321,2,NULL,NULL,NULL),
(4128,0,13,2022,104,0,353,338,15,NULL,NULL,NULL),
(4129,0,46,2022,104,0,7,7,0,NULL,NULL,NULL),
(4130,0,14,2022,104,0,133,129,4,NULL,NULL,NULL),
(4131,0,15,2022,104,0,328,316,12,NULL,NULL,NULL),
(4132,0,16,2022,104,0,100,94,6,NULL,NULL,NULL),
(4133,0,17,2022,104,0,208,197,11,NULL,NULL,NULL),
(4134,0,43,2022,104,0,26,26,0,NULL,NULL,NULL),
(4135,0,30,2022,104,0,207,189,18,NULL,NULL,NULL),
(4136,0,18,2022,104,0,344,325,19,NULL,NULL,NULL),
(4137,0,71,2022,104,0,1,1,0,NULL,NULL,NULL),
(4138,0,65,2022,104,0,3,3,0,NULL,NULL,NULL),
(4139,0,31,2022,104,0,295,286,9,NULL,NULL,NULL),
(4140,0,19,2022,104,0,344,335,9,NULL,NULL,NULL),
(4141,0,61,2022,104,0,1,1,0,NULL,NULL,NULL),
(4142,0,20,2022,104,0,205,183,22,NULL,NULL,NULL),
(4143,0,32,2022,104,0,343,342,1,NULL,NULL,NULL),
(4144,0,33,2022,105,0,103,92,11,NULL,NULL,NULL),
(4145,0,41,2022,105,0,4,4,0,NULL,NULL,NULL),
(4146,0,1,2022,105,0,403,375,28,NULL,NULL,NULL),
(4147,0,21,2022,105,0,72,70,2,NULL,NULL,NULL),
(4148,0,59,2022,105,0,1,1,0,NULL,NULL,NULL),
(4149,0,34,2022,105,0,61,60,1,NULL,NULL,NULL),
(4150,0,52,2022,105,0,3,3,0,NULL,NULL,NULL),
(4151,0,22,2022,105,0,93,92,1,NULL,NULL,NULL),
(4152,0,36,2022,105,0,97,92,5,NULL,NULL,NULL),
(4153,0,69,2022,105,0,1,1,0,NULL,NULL,NULL),
(4154,0,2,2022,105,0,412,389,23,NULL,NULL,NULL),
(4155,0,53,2022,105,0,1,1,0,NULL,NULL,NULL),
(4156,0,3,2022,105,0,51,49,2,NULL,NULL,NULL),
(4157,0,23,2022,105,0,116,109,7,NULL,NULL,NULL),
(4158,0,38,2022,105,0,13,8,5,NULL,NULL,NULL),
(4159,0,24,2022,105,0,100,98,2,NULL,NULL,NULL),
(4160,0,4,2022,105,0,210,198,12,NULL,NULL,NULL),
(4161,0,25,2022,105,0,115,101,14,NULL,NULL,NULL),
(4162,0,5,2022,105,0,98,93,5,NULL,NULL,NULL),
(4163,0,6,2022,105,0,905,883,22,NULL,NULL,NULL),
(4164,0,7,2022,105,0,49,47,2,NULL,NULL,NULL),
(4165,0,8,2022,105,0,50,47,3,NULL,NULL,NULL),
(4166,0,26,2022,105,0,52,46,6,NULL,NULL,NULL),
(4167,0,9,2022,105,0,626,608,18,NULL,NULL,NULL),
(4168,0,10,2022,105,0,421,411,10,NULL,NULL,NULL),
(4169,0,27,2022,105,0,93,88,5,NULL,NULL,NULL),
(4170,0,42,2022,105,0,9,9,0,NULL,NULL,NULL),
(4171,0,28,2022,105,0,57,55,2,NULL,NULL,NULL),
(4172,0,50,2022,105,0,4,4,0,NULL,NULL,NULL),
(4173,0,58,2022,105,0,7,6,1,NULL,NULL,NULL),
(4174,0,11,2022,105,0,400,387,13,NULL,NULL,NULL),
(4175,0,45,2022,105,0,6,6,0,NULL,NULL,NULL),
(4176,0,40,2022,105,0,17,13,4,NULL,NULL,NULL),
(4177,0,39,2022,105,0,13,12,1,NULL,NULL,NULL),
(4178,0,12,2022,105,0,153,147,6,NULL,NULL,NULL),
(4179,0,29,2022,105,0,114,112,2,NULL,NULL,NULL),
(4180,0,13,2022,105,0,238,231,7,NULL,NULL,NULL),
(4181,0,46,2022,105,0,10,10,0,NULL,NULL,NULL),
(4182,0,14,2022,105,0,73,68,5,NULL,NULL,NULL),
(4183,0,15,2022,105,0,226,221,5,NULL,NULL,NULL),
(4184,0,16,2022,105,0,38,33,5,NULL,NULL,NULL),
(4185,0,17,2022,105,0,121,111,10,NULL,NULL,NULL),
(4186,0,43,2022,105,0,18,18,0,NULL,NULL,NULL),
(4187,0,30,2022,105,0,94,83,11,NULL,NULL,NULL),
(4188,0,56,2022,105,0,1,1,0,NULL,NULL,NULL),
(4189,0,51,2022,105,0,1,1,0,NULL,NULL,NULL),
(4190,0,18,2022,105,0,210,184,26,NULL,NULL,NULL),
(4191,0,65,2022,105,0,2,2,0,NULL,NULL,NULL),
(4192,0,31,2022,105,0,170,157,13,NULL,NULL,NULL),
(4193,0,19,2022,105,0,242,228,14,NULL,NULL,NULL),
(4194,0,61,2022,105,0,2,2,0,NULL,NULL,NULL),
(4195,0,20,2022,105,0,156,137,19,NULL,NULL,NULL),
(4196,0,32,2022,105,0,313,307,6,NULL,NULL,NULL),
(4197,0,33,2022,106,0,60,57,3,NULL,NULL,NULL),
(4198,0,1,2022,106,0,204,187,17,NULL,NULL,NULL),
(4199,0,21,2022,106,0,33,32,1,NULL,NULL,NULL),
(4200,0,34,2022,106,0,40,35,5,NULL,NULL,NULL),
(4201,0,52,2022,106,0,2,2,0,NULL,NULL,NULL),
(4202,0,22,2022,106,0,42,33,9,NULL,NULL,NULL),
(4203,0,36,2022,106,0,43,35,8,NULL,NULL,NULL),
(4204,0,69,2022,106,0,1,1,0,NULL,NULL,NULL),
(4205,0,2,2022,106,0,178,168,10,NULL,NULL,NULL),
(4206,0,3,2022,106,0,38,38,0,NULL,NULL,NULL),
(4207,0,23,2022,106,0,43,40,3,NULL,NULL,NULL),
(4208,0,38,2022,106,0,2,2,0,NULL,NULL,NULL),
(4209,0,24,2022,106,0,42,40,2,NULL,NULL,NULL),
(4210,0,4,2022,106,0,102,90,12,NULL,NULL,NULL),
(4211,0,25,2022,106,0,52,45,7,NULL,NULL,NULL),
(4212,0,5,2022,106,0,33,31,2,NULL,NULL,NULL),
(4213,0,6,2022,106,0,310,301,9,NULL,NULL,NULL),
(4214,0,7,2022,106,0,12,12,0,NULL,NULL,NULL),
(4215,0,8,2022,106,0,22,22,0,NULL,NULL,NULL),
(4216,0,26,2022,106,0,23,21,2,NULL,NULL,NULL),
(4217,0,9,2022,106,0,232,228,4,NULL,NULL,NULL),
(4218,0,10,2022,106,0,222,206,16,NULL,NULL,NULL),
(4219,0,27,2022,106,0,55,53,2,NULL,NULL,NULL),
(4220,0,42,2022,106,0,5,5,0,NULL,NULL,NULL),
(4221,0,28,2022,106,0,24,24,0,NULL,NULL,NULL),
(4222,0,50,2022,106,0,1,0,1,NULL,NULL,NULL),
(4223,0,55,2022,106,0,1,1,0,NULL,NULL,NULL),
(4224,0,58,2022,106,0,2,2,0,NULL,NULL,NULL),
(4225,0,11,2022,106,0,159,149,10,NULL,NULL,NULL),
(4226,0,45,2022,106,0,6,6,0,NULL,NULL,NULL),
(4227,0,40,2022,106,0,8,6,2,NULL,NULL,NULL),
(4228,0,39,2022,106,0,3,3,0,NULL,NULL,NULL),
(4229,0,12,2022,106,0,70,64,6,NULL,NULL,NULL),
(4230,0,29,2022,106,0,81,81,0,NULL,NULL,NULL),
(4231,0,13,2022,106,0,121,118,3,NULL,NULL,NULL),
(4232,0,46,2022,106,0,3,2,1,NULL,NULL,NULL),
(4233,0,14,2022,106,0,189,172,17,NULL,NULL,NULL),
(4234,0,15,2022,106,0,82,68,14,NULL,NULL,NULL),
(4235,0,16,2022,106,0,25,23,2,NULL,NULL,NULL),
(4236,0,17,2022,106,0,29,27,2,NULL,NULL,NULL),
(4237,0,43,2022,106,0,5,5,0,NULL,NULL,NULL),
(4238,0,30,2022,106,0,56,45,11,NULL,NULL,NULL),
(4239,0,56,2022,106,0,1,1,0,NULL,NULL,NULL),
(4240,0,18,2022,106,0,98,85,13,NULL,NULL,NULL),
(4241,0,65,2022,106,0,1,1,0,NULL,NULL,NULL),
(4242,0,31,2022,106,0,80,77,3,NULL,NULL,NULL),
(4243,0,19,2022,106,0,131,123,8,NULL,NULL,NULL),
(4244,0,20,2022,106,0,75,64,11,NULL,NULL,NULL),
(4245,0,32,2022,106,0,149,147,2,NULL,NULL,NULL),
(4246,0,33,2022,107,0,15,15,0,NULL,NULL,NULL),
(4247,0,1,2022,107,0,46,39,7,NULL,NULL,NULL),
(4248,0,21,2022,107,0,9,7,2,NULL,NULL,NULL),
(4249,0,34,2022,107,0,4,3,1,NULL,NULL,NULL),
(4250,0,22,2022,107,0,31,30,1,NULL,NULL,NULL),
(4251,0,36,2022,107,0,9,4,5,NULL,NULL,NULL),
(4252,0,2,2022,107,0,57,53,4,NULL,NULL,NULL),
(4253,0,3,2022,107,0,5,4,1,NULL,NULL,NULL),
(4254,0,23,2022,107,0,8,7,1,NULL,NULL,NULL),
(4255,0,24,2022,107,0,1,1,0,NULL,NULL,NULL),
(4256,0,4,2022,107,0,5,4,1,NULL,NULL,NULL),
(4257,0,25,2022,107,0,31,30,1,NULL,NULL,NULL),
(4258,0,6,2022,107,0,84,75,9,NULL,NULL,NULL),
(4259,0,7,2022,107,0,3,3,0,NULL,NULL,NULL),
(4260,0,8,2022,107,0,3,3,0,NULL,NULL,NULL),
(4261,0,26,2022,107,0,1,1,0,NULL,NULL,NULL),
(4262,0,9,2022,107,0,87,86,1,NULL,NULL,NULL),
(4263,0,10,2022,107,0,21,20,1,NULL,NULL,NULL),
(4264,0,27,2022,107,0,10,10,0,NULL,NULL,NULL),
(4265,0,42,2022,107,0,1,1,0,NULL,NULL,NULL),
(4266,0,28,2022,107,0,10,10,0,NULL,NULL,NULL),
(4267,0,11,2022,107,0,31,30,1,NULL,NULL,NULL),
(4268,0,40,2022,107,0,1,1,0,NULL,NULL,NULL),
(4269,0,39,2022,107,0,1,1,0,NULL,NULL,NULL),
(4270,0,12,2022,107,0,15,15,0,NULL,NULL,NULL),
(4271,0,29,2022,107,0,10,9,1,NULL,NULL,NULL),
(4272,0,13,2022,107,0,54,53,1,NULL,NULL,NULL),
(4273,0,46,2022,107,0,1,1,0,NULL,NULL,NULL),
(4274,0,14,2022,107,0,10,9,1,NULL,NULL,NULL),
(4275,0,15,2022,107,0,21,18,3,NULL,NULL,NULL),
(4276,0,16,2022,107,0,1,0,1,NULL,NULL,NULL),
(4277,0,17,2022,107,0,3,1,2,NULL,NULL,NULL),
(4278,0,43,2022,107,0,3,3,0,NULL,NULL,NULL),
(4279,0,30,2022,107,0,7,4,3,NULL,NULL,NULL),
(4280,0,18,2022,107,0,12,9,3,NULL,NULL,NULL),
(4281,0,31,2022,107,0,15,15,0,NULL,NULL,NULL),
(4282,0,19,2022,107,0,33,31,2,NULL,NULL,NULL),
(4283,0,20,2022,107,0,18,11,7,NULL,NULL,NULL),
(4284,0,32,2022,107,0,82,81,1,NULL,NULL,NULL),
(4285,0,1,2022,108,0,4,1,3,NULL,NULL,NULL),
(4286,0,22,2022,108,0,7,7,0,NULL,NULL,NULL),
(4287,0,36,2022,108,0,4,1,3,NULL,NULL,NULL),
(4288,0,2,2022,108,0,6,6,0,NULL,NULL,NULL),
(4289,0,23,2022,108,0,1,0,1,NULL,NULL,NULL),
(4290,0,25,2022,108,0,1,0,1,NULL,NULL,NULL),
(4291,0,6,2022,108,0,34,34,0,NULL,NULL,NULL),
(4292,0,28,2022,108,0,1,1,0,NULL,NULL,NULL),
(4293,0,11,2022,108,0,36,36,0,NULL,NULL,NULL),
(4294,0,39,2022,108,0,1,1,0,NULL,NULL,NULL),
(4295,0,13,2022,108,0,52,51,1,NULL,NULL,NULL),
(4296,0,15,2022,108,0,1,0,1,NULL,NULL,NULL),
(4297,0,17,2022,108,0,2,2,0,NULL,NULL,NULL),
(4298,0,18,2022,108,0,1,1,0,NULL,NULL,NULL),
(4299,0,19,2022,108,0,1,1,0,NULL,NULL,NULL),
(4300,0,20,2022,108,0,3,1,2,NULL,NULL,NULL),
(4301,0,22,2022,109,0,1,1,0,NULL,NULL,NULL),
(4302,0,6,2022,109,0,2,2,0,NULL,NULL,NULL),
(4303,0,9,2022,109,0,1,1,0,NULL,NULL,NULL),
(4304,0,10,2022,109,0,2,2,0,NULL,NULL,NULL),
(4305,0,15,2022,109,0,1,1,0,NULL,NULL,NULL),
(4306,0,30,2022,109,0,1,1,0,NULL,NULL,NULL),
(4307,0,18,2022,109,0,1,1,0,NULL,NULL,NULL),
(4308,0,33,2022,110,0,4,4,0,NULL,NULL,NULL),
(4309,0,1,2022,110,0,5,5,0,NULL,NULL,NULL),
(4310,0,21,2022,110,0,2,2,0,NULL,NULL,NULL),
(4311,0,34,2022,110,0,2,2,0,NULL,NULL,NULL),
(4312,0,22,2022,110,0,1,1,0,NULL,NULL,NULL),
(4313,0,36,2022,110,0,5,5,0,NULL,NULL,NULL),
(4314,0,2,2022,110,0,1,1,0,NULL,NULL,NULL),
(4315,0,3,2022,110,0,2,2,0,NULL,NULL,NULL),
(4316,0,23,2022,110,0,3,3,0,NULL,NULL,NULL),
(4317,0,24,2022,110,0,6,6,0,NULL,NULL,NULL),
(4318,0,4,2022,110,0,9,9,0,NULL,NULL,NULL),
(4319,0,5,2022,110,0,2,2,0,NULL,NULL,NULL),
(4320,0,6,2022,110,0,8,8,0,NULL,NULL,NULL),
(4321,0,26,2022,110,0,1,1,0,NULL,NULL,NULL),
(4322,0,9,2022,110,0,4,4,0,NULL,NULL,NULL),
(4323,0,10,2022,110,0,10,10,0,NULL,NULL,NULL),
(4324,0,27,2022,110,0,4,4,0,NULL,NULL,NULL),
(4325,0,28,2022,110,0,3,3,0,NULL,NULL,NULL),
(4326,0,58,2022,110,0,1,1,0,NULL,NULL,NULL),
(4327,0,11,2022,110,0,4,4,0,NULL,NULL,NULL),
(4328,0,45,2022,110,0,1,1,0,NULL,NULL,NULL),
(4329,0,40,2022,110,0,1,1,0,NULL,NULL,NULL),
(4330,0,12,2022,110,0,6,6,0,NULL,NULL,NULL),
(4331,0,29,2022,110,0,2,2,0,NULL,NULL,NULL),
(4332,0,13,2022,110,0,2,2,0,NULL,NULL,NULL),
(4333,0,46,2022,110,0,1,1,0,NULL,NULL,NULL),
(4334,0,14,2022,110,0,4,4,0,NULL,NULL,NULL),
(4335,0,15,2022,110,0,7,7,0,NULL,NULL,NULL),
(4336,0,16,2022,110,0,2,2,0,NULL,NULL,NULL),
(4337,0,17,2022,110,0,3,3,0,NULL,NULL,NULL),
(4338,0,30,2022,110,0,11,11,0,NULL,NULL,NULL),
(4339,0,18,2022,110,0,5,5,0,NULL,NULL,NULL),
(4340,0,31,2022,110,0,7,7,0,NULL,NULL,NULL),
(4341,0,19,2022,110,0,4,4,0,NULL,NULL,NULL),
(4342,0,20,2022,110,0,6,6,0,NULL,NULL,NULL),
(4343,0,32,2022,110,0,5,5,0,NULL,NULL,NULL),
(4344,0,1,2022,111,0,3,3,0,NULL,NULL,NULL),
(4345,0,22,2022,111,0,2,2,0,NULL,NULL,NULL),
(4346,0,36,2022,111,0,4,4,0,NULL,NULL,NULL),
(4347,0,2,2022,111,0,1,1,0,NULL,NULL,NULL),
(4348,0,3,2022,111,0,2,2,0,NULL,NULL,NULL),
(4349,0,23,2022,111,0,6,6,0,NULL,NULL,NULL),
(4350,0,24,2022,111,0,4,4,0,NULL,NULL,NULL),
(4351,0,4,2022,111,0,3,3,0,NULL,NULL,NULL),
(4352,0,25,2022,111,0,1,1,0,NULL,NULL,NULL),
(4353,0,6,2022,111,0,4,4,0,NULL,NULL,NULL),
(4354,0,10,2022,111,0,2,2,0,NULL,NULL,NULL),
(4355,0,27,2022,111,0,3,3,0,NULL,NULL,NULL),
(4356,0,11,2022,111,0,5,5,0,NULL,NULL,NULL),
(4357,0,14,2022,111,0,2,2,0,NULL,NULL,NULL),
(4358,0,15,2022,111,0,4,4,0,NULL,NULL,NULL),
(4359,0,16,2022,111,0,3,3,0,NULL,NULL,NULL),
(4360,0,17,2022,111,0,1,1,0,NULL,NULL,NULL),
(4361,0,30,2022,111,0,2,2,0,NULL,NULL,NULL),
(4362,0,19,2022,111,0,2,2,0,NULL,NULL,NULL),
(4363,0,20,2022,111,0,1,1,0,NULL,NULL,NULL),
(4383,6,9,2022,113,113,15,0,0,'2023-09-02 19:13:19','2023-09-02 19:13:19',NULL),
(4384,6,9,2022,114,114,10,15,3,'2023-09-02 19:18:52','2023-09-02 19:18:52',NULL),
(4386,7,9,2022,115,115,23,13,10,'2023-09-02 20:17:31','2023-09-06 13:59:33',NULL),
(4387,7,9,2022,116,116,22,3,3,'2023-09-02 22:19:21','2023-09-02 22:19:21',NULL),
(4388,6,9,2022,115,115,20,15,9,'2023-09-06 13:58:35','2023-09-06 14:03:45',NULL),
(4397,6,9,2023,117,0,3,4,4,'2023-10-22 17:34:24','2023-10-22 17:34:24',NULL);

/*Table structure for table `data_aktual_puskesmas` */

DROP TABLE IF EXISTS `data_aktual_puskesmas`;

CREATE TABLE `data_aktual_puskesmas` (
  `id` int(11) NOT NULL AUTO_INCREMENT,
  `id_puskesmas` int(11) NOT NULL,
  `id_kabupaten` int(100) NOT NULL,
  `tahun` int(11) NOT NULL,
  `minggudalamtahun` int(11) NOT NULL,
  `minggudalamtahunselanjutnya` int(11) NOT NULL,
  `positif` int(11) NOT NULL,
  `sembuh` int(11) NOT NULL,
  `meninggal` int(11) NOT NULL,
  `created_at` datetime DEFAULT NULL,
  `updated_at` datetime DEFAULT NULL,
  `deleted_at` datetime DEFAULT NULL,
  PRIMARY KEY (`id`),
  KEY `id_puskesmas` (`id_puskesmas`)
) ENGINE=InnoDB AUTO_INCREMENT=7 DEFAULT CHARSET=utf8mb4;

/*Data for the table `data_aktual_puskesmas` */

insert  into `data_aktual_puskesmas`(`id`,`id_puskesmas`,`id_kabupaten`,`tahun`,`minggudalamtahun`,`minggudalamtahunselanjutnya`,`positif`,`sembuh`,`meninggal`,`created_at`,`updated_at`,`deleted_at`) values 
(1,1,0,2023,21,21,222,222,222,'2023-06-29 15:06:52','2023-06-29 15:27:12',NULL),
(4,1,0,12,12,12,12,12,12,'2023-08-19 23:05:19','2023-08-19 23:05:19',NULL),
(5,1,0,2022,116,116,20,13,13,'2023-09-02 22:45:15','2023-09-02 22:45:15',NULL),
(6,1,1,2022,117,117,12,33,33,'2023-09-02 22:57:04','2023-09-02 22:57:04',NULL);

/*Table structure for table `kab_kota` */

DROP TABLE IF EXISTS `kab_kota`;

CREATE TABLE `kab_kota` (
  `id_kab_kota` int(10) unsigned NOT NULL AUTO_INCREMENT,
  `nama_kab_kota` varchar(255) NOT NULL,
  PRIMARY KEY (`id_kab_kota`)
) ENGINE=InnoDB AUTO_INCREMENT=77 DEFAULT CHARSET=utf8;

/*Data for the table `kab_kota` */

insert  into `kab_kota`(`id_kab_kota`,`nama_kab_kota`) values 
(1,'BANYUMAS'),
(2,'CILACAP'),
(3,'DEMAK'),
(4,'KARANGANYAR'),
(5,'KENDAL'),
(6,'KLATEN'),
(7,'KOTA MAGELANG'),
(8,'KOTA PEKALONGAN'),
(9,'KOTA SEMARANG'),
(10,'KOTA SURAKARTA'),
(11,'MAGELANG'),
(12,'PATI'),
(13,'PEMALANG'),
(14,'PURBALINGGA'),
(15,'PURWOREJO'),
(16,'REMBANG'),
(17,'SEMARANG'),
(18,'SUKOHARJO'),
(19,'TEMANGGUNG'),
(20,'WONOGIRI'),
(21,'BATANG'),
(22,'BOYOLALI'),
(23,'GROBOGAN'),
(24,'JEPARA'),
(25,'KEBUMEN'),
(26,'KOTA SALATIGA'),
(27,'KOTA TEGAL'),
(28,'KUDUS'),
(29,'PEKALONGAN'),
(30,'SRAGEN'),
(31,'TEGAL'),
(32,'WONOSOBO'),
(33,'BANJARNEGARA'),
(34,'BLORA'),
(35,'SURAKARTA'),
(36,'BREBES'),
(37,'NGANJUK'),
(38,'GUNUNG KIDUL'),
(39,'PACITAN'),
(40,'NGAWI'),
(41,'BANTUL'),
(42,'KOTA YOGYAKARTA'),
(43,'SLEMAN'),
(44,'SALATIGA'),
(45,'MAGETAN'),
(46,'PONOROGO'),
(47,'KOTA CIMAHI'),
(48,'MALANG'),
(49,'PURWOKERTO'),
(50,'KULON PROGO'),
(51,'SUKABUMI'),
(52,'BOJONEGORO'),
(53,'CIREBON'),
(54,'KOTA CIREBON'),
(55,'LAMONGAN'),
(56,'SUBANG'),
(57,'INDRAMAYU'),
(58,'MADIUN'),
(59,'BLITAR'),
(60,'KOTA SERANG'),
(61,'TULUNGAGUNG'),
(62,'TEGAL '),
(63,'PURWAKARTA'),
(64,'TANGERANG'),
(65,'TASIKMALAYA'),
(66,'PANDEGLANG'),
(67,'GOMBONG'),
(68,'GRESIK'),
(69,'CIAMIS'),
(70,'PURWOREJA'),
(71,'SUMEDANG'),
(72,'KEDIRI'),
(73,'SEMARANG'),
(74,'BAYOLALI'),
(75,'KOTA SEMARANG'),
(76,'PURWODADI');

/*Table structure for table `migrations` */

DROP TABLE IF EXISTS `migrations`;

CREATE TABLE `migrations` (
  `id` bigint(20) unsigned NOT NULL AUTO_INCREMENT,
  `version` varchar(255) NOT NULL,
  `class` varchar(255) NOT NULL,
  `group` varchar(255) NOT NULL,
  `namespace` varchar(255) NOT NULL,
  `time` int(11) NOT NULL,
  `batch` int(11) unsigned NOT NULL,
  PRIMARY KEY (`id`)
) ENGINE=InnoDB AUTO_INCREMENT=7 DEFAULT CHARSET=utf8;

/*Data for the table `migrations` */

insert  into `migrations`(`id`,`version`,`class`,`group`,`namespace`,`time`,`batch`) values 
(4,'2023-04-05-051436','App\\Database\\Migrations\\CreateKabupatenTable','default','App',1680675142,1),
(5,'2023-04-05-051437','App\\Database\\Migrations\\CreatePuskesmasTable','default','App',1680675142,1),
(6,'2023-04-05-051438','Myth\\Auth\\Database\\Migrations\\CreateAuthTables','default','Myth\\Auth',1680675142,1);

/*Table structure for table `puskesmas` */

DROP TABLE IF EXISTS `puskesmas`;

CREATE TABLE `puskesmas` (
  `id_puskesmas` int(10) unsigned NOT NULL AUTO_INCREMENT,
  `id_kab_kota` int(10) unsigned NOT NULL,
  `nama_puskesmas` varchar(255) NOT NULL,
  `alamat` varchar(255) NOT NULL,
  PRIMARY KEY (`id_puskesmas`),
  KEY `puskesmas_id_kab_kota_foreign` (`id_kab_kota`),
  CONSTRAINT `puskesmas_id_kab_kota_foreign` FOREIGN KEY (`id_kab_kota`) REFERENCES `kab_kota` (`id_kab_kota`) ON DELETE CASCADE
) ENGINE=InnoDB AUTO_INCREMENT=44 DEFAULT CHARSET=utf8;

/*Data for the table `puskesmas` */

insert  into `puskesmas`(`id_puskesmas`,`id_kab_kota`,`nama_puskesmas`,`alamat`) values 
(1,1,'Wlahar Wetan','Dusun II, Wlahar Wetan, Kec. Kalibagor, Kabupaten Banyumas, Jawa Tengah 53191, Indonesia'),
(2,2,'DAYEUH LUHUR I','Jl. Raya Reksagati No.16, Kec. Dayeuhluhur'),
(3,3,'MRANGGEN 1','Jl. Raya Mranggen 90, Kec. Mranggen'),
(4,4,'JATIPURO','Jl. Jatipuro - Jatiyoso Km.1 Ds. Jatipuro, Kec. Jatipuro'),
(5,5,'PLANTUNGAN','Jl. Raya No.21 Ds. Tirtomulyo , Kec. Platungan'),
(6,9,'MIJEN','RM. Hadi Soebeno, Kec. Mijen'),
(7,9,'KARANG MALANG','Jl. RM. Soebagiono, Kec. Mijen'),
(8,9,'GUNUNG PATI','Jl. Mr. Wuryanto No.38, Kec. Gunung Pati'),
(9,9,'SEKARAN','Jl. Raya Sekaran, Kec. Gunung Pati'),
(10,9,'SRONDOL','Jl. Setiabudi No.209, Ds. Srondol, Kec. Banyumanik'),
(11,9,'NGESREP','Jl. Teuku Umar 271, Ds. Ngesrep, Kec. Banyumanik'),
(12,9,'PADANG SARI','Jl. Meranti Raya 389, Ds. Padang Sari, Kec. Banyumanik'),
(13,9,'PUNDAKPAYUNG	','Jl. Payungmas Raya, Kec. Banyumanik'),
(14,9,'PEGANDAN','Jl. Kendeng Barat III/2, Kec. Gajah Mungkur'),
(15,9,'PANDANARAN','Jl. Pandanaran 79, Kec. Semarang Selatan'),
(18,17,'MIJEN','RM. Hadi Soebeno, Kec. Mijen'),
(19,17,'KARANG MALANG','Jl. RM. Soebagiono, Kec. Mijen'),
(20,17,'GUNUNG PATI','Jl. Mr. Wuryanto No.38, Kec. Gunung Pati'),
(21,17,'SEKARAN','Jl. Raya Sekaran, Kec. Gunung Pati'),
(22,17,'SRONDOL','Jl. Setiabudi No.209, Ds. Srondol, Kec. Banyumanik'),
(23,17,'NGESREP','Jl. Teuku Umar 271, Ds. Ngesrep, Kec. Banyumanik'),
(24,17,'PADANG SARI','Jl. Meranti Raya 389, Ds. Padang Sari, Kec. Banyumanik'),
(25,17,'PUNDAKPAYUNG','Jl. Payungmas Raya, Kec. Banyumanik'),
(26,17,'PEGANDAN','Jl. Kendeng Barat III/2, Kec. Gajah Mungkur'),
(27,17,'PANDANARAN','Jl. Pandanaran 79, Kec. Semarang Selatan'),
(28,73,'MIJEN','RM. Hadi Soebeno, Kec. Mijen'),
(29,73,'KARANG MALANG','Jl. RM. Soebagiono, Kec. Mijen'),
(30,73,'GUNUNG PATI','Jl. Mr. Wuryanto No.38, Kec. Gunung Pati'),
(31,73,'SEKARAN','Jl. Raya Sekaran, Kec. Gunung Pati'),
(32,73,'SRONDOL','Jl. Setiabudi No.209, Ds. Srondol, Kec. Banyumanik'),
(33,73,'NGESREP','Jl. Teuku Umar 271, Ds. Ngesrep, Kec. Banyumanik'),
(34,17,'PADANG SARI','Jl. Meranti Raya 389, Ds. Padang Sari, Kec. Banyumanik'),
(35,73,'PUNDAKPAYUNG','Jl. Payungmas Raya, Kec. Banyumanik'),
(36,73,'PEGANDAN','Jl. Kendeng Barat III/2, Kec. Gajah Mungkur'),
(37,73,'PANDANARAN','Jl. Pandanaran 79, Kec. Semarang Selatan'),
(38,1,'KEMRANJEN 1','Simpangwijahan, Karangjati, Kec. Kemranjen, Kabupaten Banyumas, Jawa Tengah 53194, Indonesia'),
(39,1,'KEMRANJEN II','Jl. Raya Perempatan, Buntu, Sidamulya, Kec. Kemranjen, Kabupaten Banyumas, Jawa Tengah 53194, Indonesia'),
(40,2,'GANDRUNG MANGU I ','Jl. Raya Gandrungmanis, Kec. Gandrungmangu '),
(41,3,'KARANG TENGAH','Ds. Karangsari, Kec.Karang Tengah'),
(42,4,'JUMANTONO','Ngadirejo, Ngunut, Kec. Jumantono'),
(43,5,'PATEAN','Jl. Sukorejo Parakan Km.4 Ds. Pagersari, Kec. Patean');

/*Table structure for table `users` */

DROP TABLE IF EXISTS `users`;

CREATE TABLE `users` (
  `id` int(11) unsigned NOT NULL AUTO_INCREMENT,
  `id_puskesmas` int(10) unsigned DEFAULT NULL,
  `id_kabupaten` int(10) DEFAULT NULL,
  `email` varchar(255) NOT NULL,
  `username` varchar(30) DEFAULT NULL,
  `nama_lengkap` varchar(255) DEFAULT NULL,
  `noHP` varchar(255) DEFAULT NULL,
  `profil_picture` varchar(255) NOT NULL DEFAULT 'profile-picture-3.jpg',
  `password_hash` varchar(255) NOT NULL,
  `reset_hash` varchar(255) DEFAULT NULL,
  `reset_at` datetime DEFAULT NULL,
  `reset_expires` datetime DEFAULT NULL,
  `activate_hash` varchar(255) DEFAULT NULL,
  `status` varchar(255) DEFAULT NULL,
  `status_message` varchar(255) DEFAULT NULL,
  `active` tinyint(1) NOT NULL DEFAULT 0,
  `force_pass_reset` tinyint(1) NOT NULL DEFAULT 0,
  `created_at` datetime DEFAULT NULL,
  `updated_at` datetime DEFAULT NULL,
  `deleted_at` datetime DEFAULT NULL,
  PRIMARY KEY (`id`),
  UNIQUE KEY `email` (`email`),
  UNIQUE KEY `username` (`username`),
  KEY `users_id_puskesmas_foreign` (`id_puskesmas`),
  KEY `id_kabupaten` (`id_kabupaten`),
  CONSTRAINT `users_id_puskesmas_foreign` FOREIGN KEY (`id_puskesmas`) REFERENCES `puskesmas` (`id_puskesmas`) ON DELETE CASCADE ON UPDATE CASCADE
) ENGINE=InnoDB AUTO_INCREMENT=26 DEFAULT CHARSET=utf8;

/*Data for the table `users` */

insert  into `users`(`id`,`id_puskesmas`,`id_kabupaten`,`email`,`username`,`nama_lengkap`,`noHP`,`profil_picture`,`password_hash`,`reset_hash`,`reset_at`,`reset_expires`,`activate_hash`,`status`,`status_message`,`active`,`force_pass_reset`,`created_at`,`updated_at`,`deleted_at`) values 
(1,2,NULL,'superadmin@gmail.com','superadmin','Farid Agushybana','081324456655','1682936026_7c7676d92feef59837bc.png','$argon2id$v=19$m=2048,t=4,p=4$T2lxeTdzWXU2UHo2dUZidQ$KgvWIvxefJJQPUcYKeChiBOnchMb731HEL5rGBlT6NE',NULL,NULL,NULL,NULL,NULL,NULL,1,0,'2023-04-04 02:11:19','2023-09-09 22:52:25',NULL),
(3,1,1,'fatmawati123@gmail.com','fatmawati123','Fatmawati Nugroho','081666444666','1681974172_1b4754bba0eb216b4d71.png','$argon2id$v=19$m=2048,t=4,p=4$TW9tbVlicmgudHQzQU85RQ$gLr+ghNTmGKSOqJNvGnBZmn8twdWC8RaRULYCC8YFmU',NULL,NULL,NULL,NULL,NULL,NULL,1,0,'2023-04-04 06:05:35','2023-09-04 14:45:21',NULL),
(14,3,3,'fatmawayi@gmail.com','fatmawayi','Fatmawati Widodo','081232444555','profile-picture-3.jpg','$argon2id$v=19$m=2048,t=4,p=4$enphYy9zOWlXc2JXcjFvYg$5+4n7syLeUsEI5z4I30eLHasbzZt4TY6QcfiGxZcBYM',NULL,NULL,NULL,NULL,NULL,NULL,1,0,'2023-04-05 12:52:37','2023-05-01 03:27:37',NULL),
(16,4,4,'Jokowichan@gmail.com','Jokowichan','Joko Widodo','08123454333','profile-picture-3.jpg','$argon2id$v=19$m=2048,t=4,p=4$dTJ5Vy94eXZ6WXdEbjJmMw$g+R6uUiHas2KHDptNzD4IDLfVsErQmyKr3zJmMZ9x0g',NULL,NULL,NULL,NULL,NULL,NULL,1,0,'2023-04-05 12:54:46','2023-09-09 23:03:55',NULL),
(18,4,4,'rickyrivaldo@gmail.com','rickyrivaldo','Ricky Rivaldo','081672344232','profile-picture-3.jpg','$argon2id$v=19$m=2048,t=4,p=4$MUJEbktQVERNNGRaTEtBag$l0dL6kUWhFa8AmugxVerno+tYyVJVC6hXxqp/tMlDnI',NULL,NULL,NULL,NULL,NULL,NULL,1,0,'2023-04-10 06:21:05','2023-06-10 19:53:07','2023-06-10 19:53:07'),
(24,6,9,'puskesmasmijen@gmail.com','puskesmasmijen','Puskesmas Mijen','081323744755','profile-picture-3.jpg','$argon2id$v=19$m=2048,t=4,p=4$S051Zi40ZDlWWU1ZVmgzZA$LQckP/jOEgAW9GfG5VzblpifadcpxJ4Sep+CiyJPOic',NULL,NULL,NULL,NULL,NULL,NULL,1,0,'2023-09-09 23:04:45','2023-10-20 04:16:57',NULL),
(25,NULL,9,'adminsemarang@gmail.com','adminsemarang','Admin Semarang','085677655444','profile-picture-3.jpg','$argon2id$v=19$m=2048,t=4,p=4$bWZMQm1RL2NucDFBcVhodw$6dqfghYx5XsbVsCuJ4CTY1PSfdzjoVQjcD/lT9aWqwc',NULL,NULL,NULL,NULL,NULL,NULL,1,0,'2023-09-09 23:05:21','2023-10-25 03:05:41',NULL);

/*!40101 SET SQL_MODE=@OLD_SQL_MODE */;
/*!40014 SET FOREIGN_KEY_CHECKS=@OLD_FOREIGN_KEY_CHECKS */;
/*!40014 SET UNIQUE_CHECKS=@OLD_UNIQUE_CHECKS */;
/*!40111 SET SQL_NOTES=@OLD_SQL_NOTES */;
