,minggu,kabupaten,PPKM,sembuh,meninggal,total_kasus
0,1,1,1,3,1,4
1,1,2,1,1,0,1
2,1,3,1,1,0,1
3,1,4,1,1,0,1
4,1,5,1,2,0,2
5,1,6,1,1,0,1
6,1,7,1,0,1,1
7,1,8,1,1,0,1
8,1,9,1,15,4,19
9,1,10,1,4,2,6
10,1,11,1,3,0,3
11,1,12,1,1,0,1
12,1,13,1,0,1,1
13,1,14,1,2,0,2
14,1,15,1,1,0,1
15,1,16,1,3,0,3
16,1,17,1,1,0,1
17,1,18,1,1,1,2
18,1,19,1,1,0,1
19,1,20,1,2,1,3
20,2,1,1,1,0,1
21,2,2,1,6,0,6
22,2,3,1,2,0,2
23,2,4,1,1,0,1
24,2,5,1,2,0,2
25,2,6,1,1,0,1
26,2,7,1,2,2,4
27,2,9,1,36,8,44
28,2,10,1,2,0,2
29,2,11,1,1,1,2
30,2,12,1,3,1,4
31,2,13,1,2,0,2
32,2,14,1,1,0,1
33,2,15,1,1,0,1
34,2,16,1,1,0,1
35,2,17,1,4,1,5
36,2,18,1,3,0,3
37,2,19,1,1,0,1
38,2,21,1,3,0,3
39,2,22,1,1,0,1
40,2,23,1,4,0,4
41,2,24,1,1,1,2
42,2,25,1,1,1,2
43,2,26,1,1,0,1
44,2,27,1,2,1,3
45,2,28,1,0,3,3
46,2,29,1,1,1,2
47,2,30,1,1,0,1
48,2,31,1,0,1,1
49,2,32,1,4,0,4
50,3,1,1,7,1,8
51,3,2,1,6,0,6
52,3,3,1,6,1,7
53,3,4,1,0,1,1
54,3,7,1,1,0,1
55,3,9,1,18,6,24
56,3,10,1,6,0,6
57,3,11,1,1,0,1
58,3,12,1,2,0,2
59,3,15,1,2,0,2
60,3,18,1,4,1,5
61,3,20,1,1,0,1
62,3,21,1,2,0,2
63,3,22,1,1,0,1
64,3,23,1,1,0,1
65,3,24,1,1,0,1
66,3,25,1,1,0,1
67,3,26,1,4,0,4
68,3,27,1,1,0,1
69,3,28,1,2,0,2
70,3,29,1,2,0,2
71,3,30,1,4,1,5
72,3,31,1,4,1,5
73,3,32,1,9,0,9
74,3,33,1,2,0,2
75,3,34,1,0,1,1
76,4,1,1,23,1,24
77,4,2,1,4,0,4
78,4,3,1,6,1,7
79,4,4,1,5,1,6
80,4,5,1,2,0,2
81,4,6,1,4,0,4
82,4,9,1,44,4,48
83,4,10,1,7,2,9
84,4,11,1,2,0,2
85,4,12,1,5,1,6
86,4,14,1,20,0,20
87,4,15,1,8,0,8
88,4,17,1,3,1,4
89,4,18,1,1,1,2
90,4,19,1,3,0,3
91,4,20,1,3,0,3
92,4,21,1,0,1,1
93,4,22,1,1,1,2
94,4,23,1,1,1,2
95,4,24,1,2,0,2
96,4,25,1,7,0,7
97,4,26,1,4,0,4
98,4,28,1,6,1,7
99,4,29,1,1,0,1
100,4,30,1,3,0,3
101,4,31,1,1,0,1
102,4,32,1,25,0,25
103,4,33,1,1,2,3
104,4,35,1,0,1,1
105,5,1,1,11,1,12
106,5,2,1,7,0,7
107,5,3,1,0,1,1
108,5,4,1,11,1,12
109,5,5,1,1,0,1
110,5,6,1,7,0,7
111,5,7,1,8,0,8
112,5,8,1,1,0,1
113,5,9,1,45,2,47
114,5,10,1,9,2,11
115,5,11,1,8,1,9
116,5,12,1,1,0,1
117,5,13,1,14,1,15
118,5,14,1,12,1,13
119,5,15,1,16,0,16
120,5,17,1,3,1,4
121,5,18,1,6,2,8
122,5,19,1,3,1,4
123,5,20,1,3,0,3
124,5,22,1,2,0,2
125,5,23,1,5,0,5
126,5,24,1,2,0,2
127,5,25,1,5,0,5
128,5,26,1,1,0,1
129,5,28,1,1,1,2
130,5,29,1,1,0,1
131,5,30,1,2,0,2
132,5,32,1,14,0,14
133,5,33,1,11,0,11
134,5,34,1,2,1,3
135,5,36,1,15,0,15
136,6,1,2,9,0,9
137,6,2,2,18,0,18
138,6,3,2,2,0,2
139,6,4,2,4,0,4
140,6,5,2,2,0,2
141,6,6,2,3,0,3
142,6,7,2,5,1,6
143,6,9,2,15,2,17
144,6,10,2,4,0,4
145,6,11,2,10,0,10
146,6,12,2,6,0,6
147,6,13,2,7,0,7
148,6,14,2,13,0,13
149,6,15,2,12,0,12
150,6,17,2,4,0,4
151,6,18,2,9,0,9
152,6,19,2,26,0,26
153,6,20,2,1,0,1
154,6,21,2,1,0,1
155,6,22,2,2,0,2
156,6,23,2,2,1,3
157,6,25,2,5,0,5
158,6,26,2,2,0,2
159,6,27,2,1,0,1
160,6,28,2,11,0,11
161,6,29,2,1,0,1
162,6,32,2,8,0,8
163,6,33,2,3,0,3
164,6,34,2,0,1,1
165,6,36,2,1,0,1
166,6,37,2,1,0,1
167,7,1,2,5,0,5
168,7,2,2,5,0,5
169,7,3,2,4,0,4
170,7,4,2,1,0,1
171,7,6,2,2,0,2
172,7,7,2,1,0,1
173,7,8,2,1,0,1
174,7,9,2,25,2,27
175,7,10,2,6,0,6
176,7,11,2,6,0,6
177,7,12,2,0,1,1
178,7,13,2,2,0,2
179,7,14,2,2,0,2
180,7,15,2,8,0,8
181,7,18,2,2,0,2
182,7,19,2,2,0,2
183,7,21,2,6,0,6
184,7,22,2,8,0,8
185,7,23,2,2,0,2
186,7,25,2,11,0,11
187,7,26,2,3,0,3
188,7,28,2,3,1,4
189,7,29,2,1,0,1
190,7,30,2,2,0,2
191,7,32,2,3,0,3
192,7,33,2,8,0,8
193,8,1,2,5,0,5
194,8,2,2,3,0,3
195,8,3,2,5,0,5
196,8,4,2,6,0,6
197,8,6,2,4,0,4
198,8,7,2,2,0,2
199,8,8,2,5,0,5
200,8,9,2,35,5,40
201,8,10,2,1,1,2
202,8,11,2,2,0,2
203,8,12,2,1,0,1
204,8,13,2,2,0,2
205,8,14,2,3,0,3
206,8,15,2,21,0,21
207,8,16,2,1,0,1
208,8,17,2,4,1,5
209,8,18,2,6,0,6
210,8,19,2,12,0,12
211,8,20,2,1,0,1
212,8,21,2,9,0,9
213,8,22,2,3,0,3
214,8,23,2,2,0,2
215,8,24,2,1,0,1
216,8,25,2,4,0,4
217,8,26,2,11,0,11
218,8,27,2,2,0,2
219,8,28,2,6,0,6
220,8,29,2,5,0,5
221,8,30,2,19,0,19
222,8,32,2,1,1,2
223,8,33,2,2,0,2
224,8,34,2,8,0,8
225,8,35,2,0,1,1
226,8,36,2,9,0,9
227,9,1,2,1,0,1
228,9,2,2,3,0,3
229,9,3,2,8,0,8
230,9,4,2,1,0,1
231,9,5,2,1,0,1
232,9,6,2,1,0,1
233,9,8,2,2,0,2
234,9,9,2,28,7,35
235,9,10,2,2,0,2
236,9,11,2,14,0,14
237,9,12,2,1,0,1
238,9,13,2,3,0,3
239,9,14,2,4,0,4
240,9,15,2,6,0,6
241,9,16,2,0,1,1
242,9,17,2,1,1,2
243,9,18,2,4,0,4
244,9,19,2,5,0,5
245,9,21,2,5,0,5
246,9,22,2,4,0,4
247,9,23,2,2,0,2
248,9,24,2,2,0,2
249,9,25,2,3,0,3
250,9,26,2,10,0,10
251,9,28,2,1,1,2
252,9,30,2,1,0,1
253,9,31,2,7,1,8
254,9,32,2,5,0,5
255,9,33,2,9,0,9
256,9,34,2,7,0,7
257,9,36,2,2,0,2
258,10,1,2,4,0,4
259,10,2,2,5,0,5
260,10,3,2,18,8,26
261,10,4,2,1,0,1
262,10,6,2,1,0,1
263,10,7,2,3,0,3
264,10,9,2,24,7,31
265,10,10,2,3,0,3
266,10,11,2,7,1,8
267,10,14,2,1,0,1
268,10,15,2,2,0,2
269,10,16,2,3,0,3
270,10,17,2,4,0,4
271,10,18,2,1,0,1
272,10,19,2,2,0,2
273,10,21,2,4,0,4
274,10,22,2,2,0,2
275,10,23,2,2,0,2
276,10,24,2,6,1,7
277,10,25,2,1,0,1
278,10,26,2,5,0,5
279,10,28,2,2,0,2
280,10,29,2,0,1,1
281,10,30,2,1,0,1
282,10,31,2,4,1,5
283,10,32,2,9,0,9
284,10,33,2,1,0,1
285,10,34,2,3,0,3
286,10,36,2,3,0,3
287,11,1,2,6,1,7
288,11,2,2,1,0,1
289,11,3,2,44,15,59
290,11,4,2,3,0,3
291,11,5,2,2,0,2
292,11,6,2,6,0,6
293,11,7,2,2,0,2
294,11,9,2,88,26,114
295,11,10,2,2,0,2
296,11,11,2,57,0,57
297,11,12,2,2,0,2
298,11,13,2,5,0,5
299,11,14,2,2,0,2
300,11,15,2,2,0,2
301,11,16,2,5,1,6
302,11,17,2,3,0,3
303,11,18,2,3,0,3
304,11,19,2,2,0,2
305,11,20,2,2,0,2
306,11,21,2,12,0,12
307,11,22,2,7,1,8
308,11,23,2,6,1,7
309,11,24,2,21,3,24
310,11,25,2,3,0,3
311,11,26,2,7,0,7
312,11,27,2,1,0,1
313,11,28,2,11,1,12
314,11,29,2,2,0,2
315,11,30,2,4,0,4
316,11,31,2,1,0,1
317,11,32,2,4,0,4
318,11,33,2,3,0,3
319,11,34,2,5,0,5
320,11,36,2,3,0,3
321,11,38,2,1,0,1
322,12,1,2,2,0,2
323,12,2,2,9,0,9
324,12,3,2,45,29,74
325,12,4,2,4,0,4
326,12,5,2,12,2,14
327,12,6,2,4,0,4
328,12,7,2,4,0,4
329,12,8,2,1,1,2
330,12,9,2,91,30,121
331,12,10,2,3,0,3
332,12,11,2,19,1,20
333,12,12,2,1,0,1
334,12,13,2,2,0,2
335,12,14,2,2,0,2
336,12,15,2,1,0,1
337,12,16,2,2,0,2
338,12,17,2,12,2,14
339,12,18,2,3,0,3
340,12,19,2,141,0,141
341,12,20,2,1,1,2
342,12,21,2,4,0,4
343,12,22,2,5,1,6
344,12,23,2,5,4,9
345,12,24,2,16,4,20
346,12,25,2,1,1,2
347,12,26,2,2,0,2
348,12,28,2,32,2,34
349,12,29,2,1,0,1
350,12,30,2,11,1,12
351,12,31,2,5,0,5
352,12,32,2,3,0,3
353,12,33,2,5,0,5
354,12,34,2,1,1,2
355,12,36,2,1,0,1
356,13,1,2,8,0,8
357,13,2,2,2,1,3
358,13,3,2,49,14,63
359,13,4,2,6,0,6
360,13,5,2,11,0,11
361,13,6,2,14,2,16
362,13,7,2,6,0,6
363,13,9,2,103,28,131
364,13,10,2,2,0,2
365,13,11,2,3,0,3
366,13,12,2,1,1,2
367,13,13,2,2,0,2
368,13,14,2,2,0,2
369,13,15,2,1,0,1
370,13,16,2,3,1,4
371,13,17,2,20,1,21
372,13,18,2,31,1,32
373,13,19,2,2,0,2
374,13,20,2,3,0,3
375,13,21,2,7,0,7
376,13,22,2,22,1,23
377,13,23,2,10,4,14
378,13,24,2,79,7,86
379,13,25,2,13,0,13
380,13,26,2,17,0,17
381,13,28,2,31,3,34
382,13,29,2,3,0,3
383,13,30,2,7,0,7
384,13,31,2,4,1,5
385,13,33,2,1,0,1
386,13,34,2,9,2,11
387,13,36,2,3,0,3
388,13,39,2,1,0,1
389,14,1,2,8,0,8
390,14,3,2,130,22,152
391,14,4,2,5,0,5
392,14,5,2,22,0,22
393,14,6,2,9,0,9
394,14,8,2,2,0,2
395,14,9,2,537,39,576
396,14,10,2,5,0,5
397,14,11,2,14,0,14
398,14,12,2,7,0,7
399,14,13,2,10,0,10
400,14,14,2,1,0,1
401,14,16,2,39,3,42
402,14,17,2,6,4,10
403,14,18,2,9,1,10
404,14,19,2,5,0,5
405,14,20,2,2,1,3
406,14,21,2,1,0,1
407,14,22,2,2,0,2
408,14,23,2,52,4,56
409,14,24,2,55,8,63
410,14,25,2,4,1,5
411,14,26,2,8,0,8
412,14,28,2,51,9,60
413,14,29,2,1,0,1
414,14,30,2,1,0,1
415,14,31,2,3,0,3
416,14,32,2,1,0,1
417,14,34,2,9,0,9
418,14,36,2,3,1,4
419,15,1,2,14,0,14
420,15,2,2,3,0,3
421,15,3,2,137,19,156
422,15,4,2,13,2,15
423,15,5,2,18,3,21
424,15,6,2,6,0,6
425,15,7,2,2,0,2
426,15,9,2,315,45,360
427,15,10,2,6,0,6
428,15,11,2,6,0,6
429,15,12,2,2,4,6
430,15,13,2,3,1,4
431,15,14,2,2,0,2
432,15,16,2,5,3,8
433,15,17,2,41,3,44
434,15,18,2,5,2,7
435,15,19,2,7,1,8
436,15,20,2,1,0,1
437,15,21,2,4,0,4
438,15,22,2,7,0,7
439,15,23,2,46,2,48
440,15,24,2,227,19,246
441,15,25,2,4,0,4
442,15,26,2,9,0,9
443,15,28,2,51,13,64
444,15,29,2,1,0,1
445,15,30,2,1,0,1
446,15,31,2,3,0,3
447,15,32,2,1,0,1
448,15,34,2,7,2,9
449,15,36,2,1,1,2
450,16,1,2,15,1,16
451,16,2,2,4,0,4
452,16,3,2,70,18,88
453,16,4,2,12,0,12
454,16,5,2,36,1,37
455,16,6,2,10,0,10
456,16,7,2,1,0,1
457,16,8,2,3,0,3
458,16,9,2,436,53,489
459,16,10,2,17,2,19
460,16,11,2,1,0,1
461,16,12,2,7,3,10
462,16,13,2,10,0,10
463,16,14,2,3,0,3
464,16,15,2,3,0,3
465,16,16,2,12,5,17
466,16,17,2,26,1,27
467,16,18,2,18,2,20
468,16,19,2,3,0,3
469,16,20,2,4,1,5
470,16,21,2,17,1,18
471,16,22,2,12,1,13
472,16,23,2,34,8,42
473,16,24,2,179,8,187
474,16,25,2,10,0,10
475,16,26,2,5,0,5
476,16,27,2,1,0,1
477,16,28,2,76,9,85
478,16,29,2,4,1,5
479,16,30,2,1,1,2
480,16,31,2,8,0,8
481,16,32,2,1,0,1
482,16,33,2,20,0,20
483,16,34,2,5,0,5
484,16,35,2,1,0,1
485,16,36,2,6,0,6
486,17,1,2,14,0,14
487,17,2,2,2,0,2
488,17,3,2,115,21,136
489,17,4,2,28,2,30
490,17,5,2,35,4,39
491,17,6,2,25,1,26
492,17,7,2,1,0,1
493,17,9,2,284,45,329
494,17,10,2,54,2,56
495,17,11,2,10,1,11
496,17,12,2,14,1,15
497,17,13,2,14,0,14
498,17,14,2,4,0,4
499,17,15,2,6,0,6
500,17,16,2,11,1,12
501,17,17,2,31,7,38
502,17,18,2,77,2,79
503,17,19,2,4,0,4
504,17,20,2,5,0,5
505,17,21,2,9,3,12
506,17,22,2,40,1,41
507,17,23,2,39,9,48
508,17,24,2,184,9,193
509,17,25,2,14,0,14
510,17,26,2,4,1,5
511,17,28,2,89,17,106
512,17,29,2,13,1,14
513,17,30,2,10,1,11
514,17,31,2,6,0,6
515,17,33,2,4,1,5
516,17,34,2,17,2,19
517,17,35,2,1,0,1
518,17,36,2,5,0,5
519,17,40,2,0,1,1
520,18,1,2,43,2,45
521,18,2,2,7,0,7
522,18,3,2,72,17,89
523,18,4,2,36,1,37
524,18,5,2,46,3,49
525,18,6,2,22,4,26
526,18,7,2,5,1,6
527,18,8,2,1,2,3
528,18,9,2,207,48,255
529,18,10,2,73,5,78
530,18,11,2,2,1,3
531,18,12,2,12,5,17
532,18,13,2,15,2,17
533,18,14,2,4,0,4
534,18,15,2,20,3,23
535,18,16,2,6,4,10
536,18,17,2,21,5,26
537,18,18,2,50,1,51
538,18,19,2,1,0,1
539,18,20,2,28,0,28
540,18,21,2,5,1,6
541,18,22,2,27,4,31
542,18,23,2,30,4,34
543,18,24,2,121,8,129
544,18,25,2,10,0,10
545,18,26,2,6,0,6
546,18,28,2,130,21,151
547,18,29,2,2,0,2
548,18,30,2,10,0,10
549,18,31,2,5,0,5
550,18,32,2,1,0,1
551,18,33,2,15,0,15
552,18,34,2,44,0,44
553,18,36,2,8,0,8
554,18,38,2,1,0,1
555,19,1,2,25,1,26
556,19,2,2,2,0,2
557,19,3,2,52,16,68
558,19,4,2,29,1,30
559,19,5,2,59,6,65
560,19,6,2,20,1,21
561,19,7,2,13,3,16
562,19,8,2,5,0,5
563,19,9,2,333,58,391
564,19,10,2,31,8,39
565,19,11,2,17,1,18
566,19,12,2,16,3,19
567,19,13,2,14,1,15
568,19,14,2,2,0,2
569,19,15,2,31,1,32
570,19,16,2,5,0,5
571,19,17,2,34,2,36
572,19,18,2,38,1,39
573,19,19,2,12,4,16
574,19,20,2,29,0,29
575,19,21,2,10,0,10
576,19,22,2,21,2,23
577,19,23,2,30,11,41
578,19,24,2,122,18,140
579,19,25,2,17,0,17
580,19,26,2,7,0,7
581,19,27,2,2,0,2
582,19,28,2,104,18,122
583,19,29,2,19,0,19
584,19,30,2,22,3,25
585,19,31,2,6,2,8
586,19,32,2,3,0,3
587,19,33,2,18,0,18
588,19,34,2,16,1,17
589,19,36,2,2,1,3
590,19,38,2,1,0,1
591,19,41,2,1,0,1
592,20,1,2,15,0,15
593,20,2,2,3,0,3
594,20,3,2,62,17,79
595,20,4,2,27,2,29
596,20,5,2,69,3,72
597,20,6,2,7,3,10
598,20,7,2,11,0,11
599,20,8,2,12,2,14
600,20,9,2,373,37,410
601,20,10,2,16,0,16
602,20,11,2,19,0,19
603,20,12,2,19,2,21
604,20,13,2,13,1,14
605,20,15,2,44,4,48
606,20,16,2,24,6,30
607,20,17,2,29,5,34
608,20,18,2,53,3,56
609,20,19,2,11,3,14
610,20,20,2,14,2,16
611,20,21,2,7,3,10
612,20,22,2,14,0,14
613,20,23,2,22,5,27
614,20,24,2,99,9,108
615,20,25,2,5,0,5
616,20,26,2,2,1,3
617,20,27,2,7,0,7
618,20,28,2,126,17,143
619,20,29,2,3,1,4
620,20,30,2,12,2,14
621,20,31,2,5,0,5
622,20,32,2,4,2,6
623,20,33,2,5,0,5
624,20,34,2,20,1,21
625,20,36,2,5,0,5
626,20,40,2,1,0,1
627,21,1,2,31,2,33
628,21,2,2,3,0,3
629,21,3,2,79,12,91
630,21,4,2,13,4,17
631,21,5,2,90,6,96
632,21,6,2,17,1,18
633,21,7,2,9,2,11
634,21,8,2,4,1,5
635,21,9,2,383,41,424
636,21,10,2,14,3,17
637,21,11,2,8,0,8
638,21,12,2,23,8,31
639,21,13,2,22,6,28
640,21,14,2,4,0,4
641,21,15,2,37,1,38
642,21,16,2,14,7,21
643,21,17,2,50,1,51
644,21,18,2,24,4,28
645,21,19,2,49,2,51
646,21,20,2,6,1,7
647,21,21,2,5,1,6
648,21,22,2,51,3,54
649,21,23,2,33,2,35
650,21,24,2,54,10,64
651,21,25,2,44,0,44
652,21,26,2,11,1,12
653,21,27,2,2,0,2
654,21,28,2,95,24,119
655,21,29,2,9,2,11
656,21,30,2,13,4,17
657,21,31,2,6,4,10
658,21,32,2,17,1,18
659,21,33,2,10,0,10
660,21,34,2,28,1,29
661,21,36,2,4,0,4
662,22,1,2,32,0,32
663,22,2,2,18,1,19
664,22,3,2,68,6,74
665,22,4,2,46,2,48
666,22,5,2,65,4,69
667,22,6,2,13,2,15
668,22,7,2,7,2,9
669,22,8,2,4,0,4
670,22,9,2,223,25,248
671,22,10,2,14,3,17
672,22,11,2,44,1,45
673,22,12,2,39,10,49
674,22,13,2,3,2,5
675,22,14,2,8,0,8
676,22,15,2,45,1,46
677,22,16,2,10,1,11
678,22,17,2,39,7,46
679,22,18,2,17,2,19
680,22,19,2,6,3,9
681,22,20,2,7,1,8
682,22,21,2,8,3,11
683,22,22,2,52,3,55
684,22,23,2,17,6,23
685,22,24,2,45,7,52
686,22,25,2,19,3,22
687,22,26,2,8,0,8
688,22,27,2,20,4,24
689,22,28,2,90,17,107
690,22,29,2,17,3,20
691,22,30,2,38,4,42
692,22,31,2,5,1,6
693,22,32,2,36,0,36
694,22,33,2,4,1,5
695,22,34,2,72,9,81
696,22,36,2,8,2,10
697,22,38,2,1,0,1
698,23,1,2,13,2,15
699,23,2,2,10,0,10
700,23,3,2,57,10,67
701,23,4,2,30,3,33
702,23,5,2,60,3,63
703,23,6,2,10,4,14
704,23,7,2,13,1,14
705,23,8,2,13,2,15
706,23,9,2,222,31,253
707,23,10,2,25,4,29
708,23,11,2,19,1,20
709,23,12,2,25,10,35
710,23,13,2,6,1,7
711,23,14,2,3,0,3
712,23,15,2,27,2,29
713,23,16,2,31,6,37
714,23,17,2,100,1,101
715,23,18,2,32,3,35
716,23,19,2,14,1,15
717,23,20,2,9,0,9
718,23,21,2,12,2,14
719,23,22,2,11,3,14
720,23,23,2,17,3,20
721,23,24,2,18,10,28
722,23,25,2,24,2,26
723,23,26,2,9,0,9
724,23,27,2,5,0,5
725,23,28,2,80,22,102
726,23,29,2,14,3,17
727,23,30,2,33,2,35
728,23,31,2,34,1,35
729,23,32,2,40,0,40
730,23,33,2,16,0,16
731,23,34,2,6,4,10
732,23,36,2,9,1,10
733,24,1,2,25,3,28
734,24,2,2,16,0,16
735,24,3,2,95,8,103
736,24,4,2,56,7,63
737,24,5,2,58,6,64
738,24,6,2,34,6,40
739,24,7,2,15,2,17
740,24,8,2,7,0,7
741,24,9,2,153,35,188
742,24,10,2,76,4,80
743,24,11,2,45,2,47
744,24,12,2,57,15,72
745,24,13,2,40,4,44
746,24,14,2,13,1,14
747,24,15,2,59,2,61
748,24,16,2,15,5,20
749,24,17,2,148,5,153
750,24,18,2,80,7,87
751,24,19,2,17,0,17
752,24,20,2,10,1,11
753,24,21,2,2,2,4
754,24,22,2,34,1,35
755,24,23,2,15,2,17
756,24,24,2,21,5,26
757,24,25,2,37,1,38
758,24,26,2,7,0,7
759,24,27,2,2,1,3
760,24,28,2,86,18,104
761,24,29,2,4,1,5
762,24,30,2,86,2,88
763,24,31,2,51,2,53
764,24,32,2,101,5,106
765,24,33,2,15,1,16
766,24,34,2,79,1,80
767,24,36,2,14,2,16
768,24,40,2,1,0,1
769,25,1,2,29,1,30
770,25,2,2,19,0,19
771,25,3,2,41,12,53
772,25,4,2,31,6,37
773,25,5,2,65,6,71
774,25,6,2,27,5,32
775,25,7,2,25,0,25
776,25,8,2,16,4,20
777,25,9,2,132,18,150
778,25,10,2,59,9,68
779,25,11,2,53,3,56
780,25,12,2,37,2,39
781,25,13,2,63,6,69
782,25,14,2,8,0,8
783,25,15,2,69,1,70
784,25,16,2,42,10,52
785,25,17,2,112,1,113
786,25,18,2,37,7,44
787,25,19,2,31,0,31
788,25,20,2,8,2,10
789,25,21,2,74,2,76
790,25,22,2,145,2,147
791,25,23,2,14,4,18
792,25,24,2,19,6,25
793,25,25,2,70,1,71
794,25,26,2,9,0,9
795,25,27,2,8,3,11
796,25,28,2,85,15,100
797,25,29,2,24,3,27
798,25,30,2,77,4,81
799,25,31,2,23,5,28
800,25,32,2,78,1,79
801,25,33,2,29,3,32
802,25,34,2,18,0,18
803,25,35,2,1,0,1
804,25,36,2,19,7,26
805,26,1,2,31,2,33
806,26,2,2,28,0,28
807,26,3,2,116,4,120
808,26,4,2,48,0,48
809,26,5,2,131,4,135
810,26,6,2,18,1,19
811,26,7,2,15,1,16
812,26,8,2,22,4,26
813,26,9,2,154,22,176
814,26,10,2,63,9,72
815,26,11,2,56,0,56
816,26,12,2,38,7,45
817,26,13,2,23,2,25
818,26,14,2,32,0,32
819,26,15,2,25,2,27
820,26,16,2,48,2,50
821,26,17,2,68,6,74
822,26,18,2,39,7,46
823,26,19,2,13,4,17
824,26,20,2,6,2,8
825,26,21,2,90,3,93
826,26,22,2,195,3,198
827,26,23,2,18,7,25
828,26,24,2,29,6,35
829,26,25,2,108,1,109
830,26,26,2,19,0,19
831,26,27,2,12,1,13
832,26,28,2,78,6,84
833,26,29,2,21,0,21
834,26,30,2,82,3,85
835,26,31,2,38,5,43
836,26,32,2,26,3,29
837,26,33,2,21,1,22
838,26,34,2,20,1,21
839,26,35,2,1,0,1
840,26,36,2,16,4,20
841,26,38,2,1,0,1
842,27,1,2,73,6,79
843,27,2,2,30,3,33
844,27,3,2,83,5,88
845,27,4,2,21,4,25
846,27,5,2,175,5,180
847,27,6,2,21,1,22
848,27,7,2,18,1,19
849,27,8,2,37,3,40
850,27,9,2,131,19,150
851,27,10,2,65,6,71
852,27,11,2,103,2,105
853,27,12,2,29,12,41
854,27,13,2,67,9,76
855,27,14,2,28,0,28
856,27,15,2,46,1,47
857,27,16,2,23,6,29
858,27,17,2,54,4,58
859,27,18,2,25,2,27
860,27,19,2,46,2,48
861,27,20,2,16,4,20
862,27,21,2,9,4,13
863,27,22,2,67,4,71
864,27,23,2,11,1,12
865,27,24,2,32,2,34
866,27,25,2,88,3,91
867,27,26,2,8,0,8
868,27,27,2,27,3,30
869,27,28,2,121,7,128
870,27,29,2,29,2,31
871,27,30,2,10,2,12
872,27,31,2,82,13,95
873,27,32,2,147,8,155
874,27,33,2,25,0,25
875,27,34,2,73,2,75
876,27,36,2,17,5,22
877,28,1,2,43,3,46
878,28,2,2,44,4,48
879,28,3,2,55,3,58
880,28,4,2,58,11,69
881,28,5,2,133,4,137
882,28,6,2,44,4,48
883,28,7,2,21,1,22
884,28,8,2,17,3,20
885,28,9,2,125,23,148
886,28,10,2,63,6,69
887,28,11,2,97,3,100
888,28,12,2,55,8,63
889,28,13,2,50,6,56
890,28,14,2,18,0,18
891,28,15,2,29,0,29
892,28,16,2,64,2,66
893,28,17,2,116,2,118
894,28,18,2,82,8,90
895,28,19,2,66,3,69
896,28,20,2,7,2,9
897,28,21,2,76,4,80
898,28,22,2,42,3,45
899,28,23,2,33,2,35
900,28,24,2,173,5,178
901,28,25,2,198,5,203
902,28,26,2,44,0,44
903,28,27,2,21,5,26
904,28,28,2,115,5,120
905,28,29,2,41,6,47
906,28,30,2,64,1,65
907,28,31,2,84,6,90
908,28,32,2,87,12,99
909,28,33,2,15,6,21
910,28,34,2,103,7,110
911,28,36,2,24,5,29
912,29,1,2,53,9,62
913,29,2,2,33,2,35
914,29,3,2,49,3,52
915,29,4,2,57,4,61
916,29,5,2,98,3,101
917,29,6,2,150,3,153
918,29,7,2,21,0,21
919,29,8,2,46,0,46
920,29,9,2,130,29,159
921,29,10,2,72,7,79
922,29,11,2,103,2,105
923,29,12,2,60,8,68
924,29,13,2,50,4,54
925,29,14,2,31,0,31
926,29,15,2,50,0,50
927,29,16,2,161,4,165
928,29,17,2,109,7,116
929,29,18,2,90,7,97
930,29,19,2,75,3,78
931,29,20,2,9,1,10
932,29,21,2,58,1,59
933,29,22,2,75,2,77
934,29,23,2,24,6,30
935,29,24,2,48,3,51
936,29,25,2,215,5,220
937,29,26,2,19,1,20
938,29,27,2,34,3,37
939,29,28,2,145,9,154
940,29,29,2,28,4,32
941,29,30,2,58,3,61
942,29,31,2,85,7,92
943,29,32,2,136,12,148
944,29,33,2,32,4,36
945,29,34,2,142,1,143
946,29,36,2,18,10,28
947,29,38,2,2,0,2
948,29,42,2,1,0,1
949,29,43,2,1,0,1
950,30,1,2,80,5,85
951,30,2,2,349,3,352
952,30,3,2,55,3,58
953,30,4,2,53,4,57
954,30,5,2,79,3,82
955,30,6,2,290,6,296
956,30,7,2,30,1,31
957,30,8,2,43,2,45
958,30,9,2,154,28,182
959,30,10,2,82,10,92
960,30,11,2,127,7,134
961,30,12,2,84,11,95
962,30,13,2,60,6,66
963,30,14,2,31,2,33
964,30,15,2,82,2,84
965,30,16,2,167,6,173
966,30,17,2,164,5,169
967,30,18,2,114,5,119
968,30,19,2,87,1,88
969,30,20,2,55,1,56
970,30,21,2,83,5,88
971,30,22,2,71,5,76
972,30,23,2,29,4,33
973,30,24,2,145,4,149
974,30,25,2,225,10,235
975,30,26,2,41,0,41
976,30,27,2,114,2,116
977,30,28,2,69,1,70
978,30,29,2,59,3,62
979,30,30,2,106,1,107
980,30,31,2,129,7,136
981,30,32,2,262,8,270
982,30,33,2,40,4,44
983,30,34,2,57,2,59
984,30,36,2,176,5,181
985,31,1,2,74,7,81
986,31,2,2,204,2,206
987,31,3,2,84,6,90
988,31,4,2,74,10,84
989,31,5,2,203,5,208
990,31,6,2,68,3,71
991,31,7,2,19,0,19
992,31,8,2,41,3,44
993,31,9,2,158,35,193
994,31,10,2,138,6,144
995,31,11,2,153,8,161
996,31,12,2,100,12,112
997,31,13,2,80,8,88
998,31,14,2,43,1,44
999,31,15,2,78,11,89
1000,31,16,2,42,3,45
1001,31,17,2,165,3,168
1002,31,18,2,106,6,112
1003,31,19,2,115,2,117
1004,31,20,2,90,1,91
1005,31,21,2,137,2,139
1006,31,22,2,38,0,38
1007,31,23,2,12,2,14
1008,31,24,2,96,7,103
1009,31,25,2,213,5,218
1010,31,26,2,27,0,27
1011,31,27,2,38,5,43
1012,31,28,2,112,12,124
1013,31,29,2,89,1,90
1014,31,30,2,46,6,52
1015,31,31,2,191,7,198
1016,31,32,2,259,23,282
1017,31,33,2,37,3,40
1018,31,34,2,81,4,85
1019,31,36,2,100,17,117
1020,32,1,2,74,3,77
1021,32,2,2,148,7,155
1022,32,3,2,70,3,73
1023,32,4,2,69,9,78
1024,32,5,2,133,3,136
1025,32,6,2,89,2,91
1026,32,7,2,23,0,23
1027,32,8,2,39,3,42
1028,32,9,2,153,31,184
1029,32,10,2,92,11,103
1030,32,11,2,106,7,113
1031,32,12,2,49,10,59
1032,32,13,2,92,7,99
1033,32,14,2,43,2,45
1034,32,15,2,30,3,33
1035,32,16,2,16,6,22
1036,32,17,2,122,6,128
1037,32,18,2,77,9,86
1038,32,19,2,88,8,96
1039,32,20,2,25,4,29
1040,32,21,2,64,5,69
1041,32,22,2,11,5,16
1042,32,23,2,25,9,34
1043,32,24,2,59,2,61
1044,32,25,2,94,4,98
1045,32,26,2,20,1,21
1046,32,27,2,49,5,54
1047,32,28,2,76,11,87
1048,32,29,2,48,0,48
1049,32,30,2,34,8,42
1050,32,31,2,134,7,141
1051,32,32,2,167,13,180
1052,32,33,2,53,9,62
1053,32,34,2,76,0,76
1054,32,36,2,51,7,58
1055,32,38,2,1,0,1
1056,32,44,2,1,0,1
1057,33,1,2,45,3,48
1058,33,2,2,62,6,68
1059,33,3,2,45,3,48
1060,33,4,2,68,10,78
1061,33,5,2,129,6,135
1062,33,6,2,90,7,97
1063,33,7,2,17,2,19
1064,33,8,2,33,5,38
1065,33,9,2,1495,35,1530
1066,33,10,2,99,20,119
1067,33,11,2,173,5,178
1068,33,12,2,64,12,76
1069,33,13,2,96,6,102
1070,33,14,2,48,2,50
1071,33,15,2,50,0,50
1072,33,16,2,38,10,48
1073,33,17,2,118,9,127
1074,33,18,2,71,7,78
1075,33,19,2,38,3,41
1076,33,20,2,39,5,44
1077,33,21,2,46,6,52
1078,33,22,2,73,9,82
1079,33,23,2,20,7,27
1080,33,24,2,78,5,83
1081,33,25,2,149,10,159
1082,33,26,2,18,1,19
1083,33,27,2,48,9,57
1084,33,28,2,134,10,144
1085,33,29,2,91,3,94
1086,33,30,2,70,10,80
1087,33,31,2,146,21,167
1088,33,32,2,195,11,206
1089,33,33,2,61,11,72
1090,33,34,2,75,2,77
1091,33,36,2,56,4,60
1092,33,38,2,1,0,1
1093,34,1,2,93,11,104
1094,34,2,2,52,1,53
1095,34,3,2,55,9,64
1096,34,4,2,86,13,99
1097,34,5,2,254,17,271
1098,34,6,2,104,6,110
1099,34,7,2,42,8,50
1100,34,8,2,39,8,47
1101,34,9,2,315,49,364
1102,34,10,2,123,16,139
1103,34,11,2,179,10,189
1104,34,12,2,93,18,111
1105,34,13,2,337,21,358
1106,34,14,2,43,4,47
1107,34,15,2,15,0,15
1108,34,16,2,61,13,74
1109,34,17,2,115,8,123
1110,34,18,2,134,9,143
1111,34,19,2,161,6,167
1112,34,20,2,76,4,80
1113,34,21,2,96,3,99
1114,34,22,2,129,5,134
1115,34,23,2,37,1,38
1116,34,24,2,138,11,149
1117,34,25,2,167,12,179
1118,34,26,2,26,1,27
1119,34,27,2,48,5,53
1120,34,28,2,124,16,140
1121,34,29,2,81,5,86
1122,34,30,2,129,7,136
1123,34,31,2,254,34,288
1124,34,32,2,232,13,245
1125,34,33,2,56,12,68
1126,34,34,2,74,5,79
1127,34,36,2,70,14,84
1128,34,38,2,1,0,1
1129,35,1,2,115,10,125
1130,35,2,2,88,7,95
1131,35,3,2,149,11,160
1132,35,4,2,86,8,94
1133,35,5,2,366,14,380
1134,35,6,2,91,15,106
1135,35,7,2,60,10,70
1136,35,8,2,76,14,90
1137,35,9,2,389,61,450
1138,35,10,2,135,17,152
1139,35,11,2,409,15,424
1140,35,12,2,80,22,102
1141,35,13,2,139,10,149
1142,35,14,2,75,8,83
1143,35,15,2,58,0,58
1144,35,16,2,68,12,80
1145,35,17,2,323,32,355
1146,35,18,2,137,9,146
1147,35,19,2,231,9,240
1148,35,20,2,114,1,115
1149,35,21,2,163,5,168
1150,35,22,2,25,4,29
1151,35,23,2,30,2,32
1152,35,24,2,179,14,193
1153,35,25,2,425,6,431
1154,35,26,2,37,0,37
1155,35,27,2,72,5,77
1156,35,28,2,161,15,176
1157,35,29,2,171,5,176
1158,35,30,2,122,15,137
1159,35,31,2,267,11,278
1160,35,32,2,85,30,115
1161,35,33,2,96,13,109
1162,35,34,2,175,11,186
1163,35,36,2,71,14,85
1164,36,1,2,518,27,545
1165,36,2,2,180,6,186
1166,36,3,2,107,18,125
1167,36,4,2,78,7,85
1168,36,5,2,305,8,313
1169,36,6,2,125,7,132
1170,36,7,2,134,8,142
1171,36,8,2,117,11,128
1172,36,9,2,1021,60,1081
1173,36,10,2,142,28,170
1174,36,11,2,536,19,555
1175,36,12,2,99,33,132
1176,36,13,2,201,23,224
1177,36,14,2,148,15,163
1178,36,15,2,133,4,137
1179,36,16,2,53,18,71
1180,36,17,2,179,23,202
1181,36,18,2,177,14,191
1182,36,19,2,331,15,346
1183,36,20,2,84,2,86
1184,36,21,2,206,12,218
1185,36,22,2,330,4,334
1186,36,23,2,37,10,47
1187,36,24,2,157,16,173
1188,36,25,2,357,2,359
1189,36,26,2,134,2,136
1190,36,27,2,240,4,244
1191,36,28,2,168,15,183
1192,36,29,2,96,4,100
1193,36,30,2,149,17,166
1194,36,31,2,282,12,294
1195,36,32,2,69,13,82
1196,36,33,2,119,7,126
1197,36,34,2,213,9,222
1198,36,36,2,181,10,191
1199,36,42,2,1,0,1
1200,37,1,2,705,29,734
1201,37,2,2,265,9,274
1202,37,3,2,197,7,204
1203,37,4,2,152,17,169
1204,37,5,2,352,14,366
1205,37,6,2,114,11,125
1206,37,7,2,140,7,147
1207,37,8,2,275,12,287
1208,37,9,2,758,65,823
1209,37,10,2,192,45,237
1210,37,11,2,494,21,515
1211,37,12,2,102,35,137
1212,37,13,2,155,12,167
1213,37,14,2,195,10,205
1214,37,15,2,146,7,153
1215,37,16,2,33,16,49
1216,37,17,2,129,27,156
1217,37,18,2,240,22,262
1218,37,19,2,347,10,357
1219,37,20,2,91,2,93
1220,37,21,2,249,6,255
1221,37,22,2,208,6,214
1222,37,23,2,63,9,72
1223,37,24,2,252,18,270
1224,37,25,2,314,7,321
1225,37,26,2,82,2,84
1226,37,27,2,81,5,86
1227,37,28,2,153,30,183
1228,37,29,2,178,5,183
1229,37,30,2,161,16,177
1230,37,31,2,822,18,840
1231,37,32,2,383,19,402
1232,37,33,2,151,3,154
1233,37,34,2,306,11,317
1234,37,36,2,119,15,134
1235,38,1,2,830,34,864
1236,38,2,2,337,12,349
1237,38,3,2,181,16,197
1238,38,4,2,124,17,141
1239,38,5,2,305,14,319
1240,38,6,2,113,11,124
1241,38,7,2,108,1,109
1242,38,8,2,216,7,223
1243,38,9,2,532,65,597
1244,38,10,2,222,38,260
1245,38,11,2,452,11,463
1246,38,12,2,114,30,144
1247,38,13,2,218,12,230
1248,38,14,2,295,12,307
1249,38,15,2,144,3,147
1250,38,16,2,99,22,121
1251,38,17,2,193,18,211
1252,38,18,2,147,9,156
1253,38,19,2,235,7,242
1254,38,20,2,69,3,72
1255,38,21,2,218,6,224
1256,38,22,2,121,1,122
1257,38,23,2,51,6,57
1258,38,24,2,224,11,235
1259,38,25,2,469,16,485
1260,38,26,2,52,0,52
1261,38,27,2,41,1,42
1262,38,28,2,287,30,317
1263,38,29,2,121,8,129
1264,38,30,2,253,25,278
1265,38,31,2,425,13,438
1266,38,32,2,187,11,198
1267,38,33,2,143,7,150
1268,38,34,2,231,10,241
1269,38,36,2,67,17,84
1270,39,1,2,500,30,530
1271,39,2,2,469,12,481
1272,39,3,2,197,13,210
1273,39,4,2,486,16,502
1274,39,5,2,341,17,358
1275,39,6,2,173,16,189
1276,39,7,2,97,14,111
1277,39,8,2,89,8,97
1278,39,9,2,521,80,601
1279,39,10,2,181,50,231
1280,39,11,2,475,18,493
1281,39,12,2,110,28,138
1282,39,13,2,318,23,341
1283,39,14,2,342,6,348
1284,39,15,2,186,3,189
1285,39,16,2,129,38,167
1286,39,17,2,318,18,336
1287,39,18,2,174,31,205
1288,39,19,2,123,7,130
1289,39,20,2,212,7,219
1290,39,21,2,299,10,309
1291,39,22,2,140,2,142
1292,39,23,2,50,10,60
1293,39,24,2,341,18,359
1294,39,25,2,366,15,381
1295,39,26,2,303,0,303
1296,39,27,2,67,14,81
1297,39,28,2,221,22,243
1298,39,29,2,121,5,126
1299,39,30,2,256,21,277
1300,39,31,2,236,11,247
1301,39,32,2,1035,11,1046
1302,39,33,2,128,4,132
1303,39,34,2,274,15,289
1304,39,36,2,91,12,103
1305,39,38,2,1,0,1
1306,39,39,2,1,0,1
1307,40,1,2,510,25,535
1308,40,2,2,319,3,322
1309,40,3,2,138,14,152
1310,40,4,2,217,18,235
1311,40,5,2,217,19,236
1312,40,6,2,264,19,283
1313,40,7,2,64,12,76
1314,40,8,2,114,12,126
1315,40,9,2,438,78,516
1316,40,10,2,176,38,214
1317,40,11,2,489,25,514
1318,40,12,2,115,21,136
1319,40,13,2,294,13,307
1320,40,14,2,116,10,126
1321,40,15,2,126,3,129
1322,40,16,2,88,31,119
1323,40,17,2,205,25,230
1324,40,18,2,156,18,174
1325,40,19,2,152,7,159
1326,40,20,2,68,9,77
1327,40,21,2,171,11,182
1328,40,22,2,48,4,52
1329,40,23,2,39,6,45
1330,40,24,2,283,10,293
1331,40,25,2,460,23,483
1332,40,26,2,50,1,51
1333,40,27,2,120,16,136
1334,40,28,2,211,21,232
1335,40,29,2,119,3,122
1336,40,30,2,387,23,410
1337,40,31,2,184,11,195
1338,40,32,2,107,3,110
1339,40,33,2,129,14,143
1340,40,34,2,545,17,562
1341,40,36,2,56,15,71
1342,40,45,2,1,0,1
1343,41,1,2,121,14,135
1344,41,2,2,153,3,156
1345,41,3,2,96,17,113
1346,41,4,2,119,14,133
1347,41,5,2,153,13,166
1348,41,6,2,408,10,418
1349,41,7,2,23,4,27
1350,41,8,2,69,8,77
1351,41,9,2,291,63,354
1352,41,10,2,129,34,163
1353,41,11,2,173,5,178
1354,41,12,2,51,21,72
1355,41,13,2,127,4,131
1356,41,14,2,64,3,67
1357,41,15,2,182,5,187
1358,41,16,2,86,16,102
1359,41,17,2,169,10,179
1360,41,18,2,134,12,146
1361,41,19,2,218,5,223
1362,41,20,2,104,10,114
1363,41,21,2,135,2,137
1364,41,22,2,15,4,19
1365,41,23,2,27,9,36
1366,41,24,2,135,13,148
1367,41,25,2,218,10,228
1368,41,26,2,32,2,34
1369,41,27,2,25,4,29
1370,41,28,2,114,14,128
1371,41,29,2,96,6,102
1372,41,30,2,236,13,249
1373,41,31,2,106,7,113
1374,41,32,2,39,6,45
1375,41,33,2,145,7,152
1376,41,34,2,187,11,198
1377,41,36,2,52,15,67
1378,41,38,2,1,0,1
1379,41,40,2,1,0,1
1380,41,43,2,1,0,1
1381,42,1,2,165,12,177
1382,42,2,2,101,3,104
1383,42,3,2,34,11,45
1384,42,4,2,91,4,95
1385,42,5,2,86,5,91
1386,42,6,2,76,7,83
1387,42,7,2,124,7,131
1388,42,8,2,14,0,14
1389,42,9,2,182,34,216
1390,42,10,2,57,16,73
1391,42,11,2,171,15,186
1392,42,12,2,7,3,10
1393,42,13,2,13,2,15
1394,42,14,2,76,5,81
1395,42,15,2,14,2,16
1396,42,16,2,38,1,39
1397,42,17,2,75,3,78
1398,42,18,2,87,5,92
1399,42,19,2,44,1,45
1400,42,20,2,10,2,12
1401,42,21,2,78,2,80
1402,42,22,2,3,2,5
1403,42,23,2,21,0,21
1404,42,24,2,90,5,95
1405,42,25,2,41,5,46
1406,42,26,2,14,0,14
1407,42,27,2,13,2,15
1408,42,28,2,91,10,101
1409,42,29,2,41,0,41
1410,42,30,2,24,11,35
1411,42,31,2,31,2,33
1412,42,32,2,36,0,36
1413,42,33,2,55,0,55
1414,42,34,2,91,1,92
1415,42,36,2,40,3,43
1416,42,46,2,1,0,1
1417,43,1,2,431,29,460
1418,43,2,2,620,19,639
1419,43,3,2,146,15,161
1420,43,4,2,112,16,128
1421,43,5,2,358,17,375
1422,43,6,2,288,14,302
1423,43,7,2,80,2,82
1424,43,8,2,106,8,114
1425,43,9,2,515,101,616
1426,43,10,2,283,60,343
1427,43,11,2,440,8,448
1428,43,12,2,148,36,184
1429,43,13,2,219,10,229
1430,43,14,2,204,10,214
1431,43,15,2,275,17,292
1432,43,16,2,105,20,125
1433,43,17,2,221,16,237
1434,43,18,2,172,27,199
1435,43,19,2,181,9,190
1436,43,20,2,203,9,212
1437,43,21,2,153,10,163
1438,43,22,2,37,7,44
1439,43,23,2,82,11,93
1440,43,24,2,292,18,310
1441,43,25,2,159,12,171
1442,43,26,2,77,4,81
1443,43,27,2,48,4,52
1444,43,28,2,402,32,434
1445,43,29,2,80,4,84
1446,43,30,2,310,24,334
1447,43,31,2,260,16,276
1448,43,32,2,99,6,105
1449,43,33,2,129,5,134
1450,43,34,2,286,14,300
1451,43,36,2,105,26,131
1452,43,38,2,2,0,2
1453,43,43,2,1,0,1
1454,43,47,2,1,0,1
1455,43,48,2,1,0,1
1456,43,49,2,1,0,1
1457,44,1,2,387,36,423
1458,44,2,2,521,10,531
1459,44,3,2,161,18,179
1460,44,4,2,456,17,473
1461,44,5,2,277,16,293
1462,44,6,2,189,27,216
1463,44,7,2,127,1,128
1464,44,8,2,83,8,91
1465,44,9,2,421,97,518
1466,44,10,2,376,60,436
1467,44,11,2,267,12,279
1468,44,12,2,115,24,139
1469,44,13,2,231,10,241
1470,44,14,2,63,7,70
1471,44,15,2,293,23,316
1472,44,16,2,140,28,168
1473,44,17,2,208,21,229
1474,44,18,2,188,33,221
1475,44,19,2,88,9,97
1476,44,20,2,336,22,358
1477,44,21,2,155,6,161
1478,44,22,2,42,7,49
1479,44,23,2,145,9,154
1480,44,24,2,305,14,319
1481,44,25,2,490,27,517
1482,44,26,2,33,0,33
1483,44,27,2,59,4,63
1484,44,28,2,310,17,327
1485,44,29,2,89,4,93
1486,44,30,2,333,19,352
1487,44,31,2,207,7,214
1488,44,32,2,70,8,78
1489,44,33,2,112,6,118
1490,44,34,2,331,13,344
1491,44,36,2,111,17,128
1492,44,45,2,1,0,1
1493,44,50,2,3,0,3
1494,45,1,2,443,29,472
1495,45,2,2,785,14,799
1496,45,3,2,192,14,206
1497,45,4,2,530,14,544
1498,45,5,2,344,18,362
1499,45,6,2,298,29,327
1500,45,7,2,101,5,106
1501,45,8,2,65,8,73
1502,45,9,2,413,71,484
1503,45,10,2,298,38,336
1504,45,11,2,373,15,388
1505,45,12,2,74,16,90
1506,45,13,2,229,10,239
1507,45,14,2,118,10,128
1508,45,15,2,272,4,276
1509,45,16,2,73,14,87
1510,45,17,2,232,20,252
1511,45,18,2,201,27,228
1512,45,19,2,129,5,134
1513,45,20,2,316,19,335
1514,45,21,2,145,9,154
1515,45,22,2,95,7,102
1516,45,23,2,83,11,94
1517,45,24,2,184,14,198
1518,45,25,2,357,22,379
1519,45,26,2,51,1,52
1520,45,27,2,105,6,111
1521,45,28,2,307,23,330
1522,45,29,2,79,5,84
1523,45,30,2,308,25,333
1524,45,31,2,217,12,229
1525,45,32,2,115,5,120
1526,45,33,2,102,6,108
1527,45,34,2,186,14,200
1528,45,35,2,1,0,1
1529,45,36,2,145,10,155
1530,45,40,2,0,1,1
1531,46,1,2,294,25,319
1532,46,2,2,484,15,499
1533,46,3,2,170,8,178
1534,46,4,2,313,24,337
1535,46,5,2,242,16,258
1536,46,6,2,252,26,278
1537,46,7,2,101,1,102
1538,46,8,2,48,7,55
1539,46,9,2,441,88,529
1540,46,10,2,250,38,288
1541,46,11,2,205,5,210
1542,46,12,2,77,11,88
1543,46,13,2,94,5,99
1544,46,14,2,136,7,143
1545,46,15,2,102,2,104
1546,46,16,2,68,4,72
1547,46,17,2,187,14,201
1548,46,18,2,160,17,177
1549,46,19,2,92,2,94
1550,46,20,2,191,11,202
1551,46,21,2,119,7,126
1552,46,22,2,81,8,89
1553,46,23,2,100,11,111
1554,46,24,2,171,15,186
1555,46,25,2,274,13,287
1556,46,26,2,47,1,48
1557,46,27,2,60,1,61
1558,46,28,2,196,6,202
1559,46,29,2,96,2,98
1560,46,30,2,164,20,184
1561,46,31,2,123,5,128
1562,46,32,2,86,2,88
1563,46,33,2,63,0,63
1564,46,34,2,154,20,174
1565,46,35,2,1,0,1
1566,46,36,2,141,16,157
1567,46,38,2,1,0,1
1568,46,43,2,2,0,2
1569,47,1,2,390,23,413
1570,47,2,2,303,12,315
1571,47,3,2,255,13,268
1572,47,4,2,284,7,291
1573,47,5,2,193,14,207
1574,47,6,2,303,11,314
1575,47,7,2,176,1,177
1576,47,8,2,46,3,49
1577,47,9,2,3123,88,3211
1578,47,10,2,276,26,302
1579,47,11,2,202,10,212
1580,47,12,2,78,7,85
1581,47,13,2,115,6,121
1582,47,14,2,285,8,293
1583,47,15,2,317,20,337
1584,47,16,2,94,9,103
1585,47,17,2,239,14,253
1586,47,18,2,236,15,251
1587,47,19,2,91,4,95
1588,47,20,2,174,8,182
1589,47,21,2,85,6,91
1590,47,22,2,176,8,184
1591,47,23,2,126,9,135
1592,47,24,2,209,16,225
1593,47,25,2,302,12,314
1594,47,26,2,45,1,46
1595,47,27,2,58,3,61
1596,47,28,2,165,18,183
1597,47,29,2,57,6,63
1598,47,30,2,119,14,133
1599,47,31,2,215,9,224
1600,47,32,2,193,4,197
1601,47,33,2,57,4,61
1602,47,34,2,164,16,180
1603,47,35,2,0,1,1
1604,47,36,2,79,16,95
1605,47,43,2,1,0,1
1606,48,1,2,424,28,452
1607,48,2,2,187,14,201
1608,48,3,2,95,8,103
1609,48,4,2,171,11,182
1610,48,5,2,119,10,129
1611,48,6,2,409,15,424
1612,48,7,2,33,1,34
1613,48,8,2,22,8,30
1614,48,9,2,624,75,699
1615,48,10,2,489,19,508
1616,48,11,2,199,9,208
1617,48,12,2,52,9,61
1618,48,13,2,66,2,68
1619,48,14,2,133,4,137
1620,48,15,2,156,10,166
1621,48,16,2,72,4,76
1622,48,17,2,322,5,327
1623,48,18,2,164,9,173
1624,48,19,2,56,2,58
1625,48,20,2,294,13,307
1626,48,21,2,94,1,95
1627,48,22,2,179,3,182
1628,48,23,2,58,5,63
1629,48,24,2,173,12,185
1630,48,25,2,162,10,172
1631,48,26,2,109,0,109
1632,48,27,2,34,0,34
1633,48,28,2,199,11,210
1634,48,29,2,46,4,50
1635,48,30,2,155,9,164
1636,48,31,2,160,4,164
1637,48,32,2,85,1,86
1638,48,33,2,49,5,54
1639,48,34,2,134,13,147
1640,48,35,2,1,0,1
1641,48,36,2,165,8,173
1642,48,40,2,1,0,1
1643,49,1,2,227,18,245
1644,49,2,2,157,13,170
1645,49,3,2,103,5,108
1646,49,4,2,301,9,310
1647,49,5,2,125,5,130
1648,49,6,2,969,10,979
1649,49,7,2,71,1,72
1650,49,8,2,45,5,50
1651,49,9,2,273,45,318
1652,49,10,2,782,18,800
1653,49,11,2,147,6,153
1654,49,12,2,49,13,62
1655,49,13,2,62,6,68
1656,49,14,2,298,12,310
1657,49,15,2,188,10,198
1658,49,16,2,26,9,35
1659,49,17,2,314,14,328
1660,49,18,2,189,14,203
1661,49,19,2,97,5,102
1662,49,20,2,133,8,141
1663,49,21,2,82,5,87
1664,49,22,2,400,0,400
1665,49,23,2,74,8,82
1666,49,24,2,112,2,114
1667,49,25,2,303,14,317
1668,49,26,2,144,2,146
1669,49,27,2,33,6,39
1670,49,28,2,156,10,166
1671,49,29,2,39,6,45
1672,49,30,2,270,15,285
1673,49,31,2,122,7,129
1674,49,32,2,33,1,34
1675,49,33,2,70,1,71
1676,49,34,2,290,15,305
1677,49,36,2,145,9,154
1678,49,40,2,0,1,1
1679,50,1,2,301,16,317
1680,50,2,2,217,12,229
1681,50,3,2,88,7,95
1682,50,4,2,172,11,183
1683,50,5,2,85,5,90
1684,50,6,2,149,16,165
1685,50,7,2,53,2,55
1686,50,8,2,52,4,56
1687,50,9,2,209,36,245
1688,50,10,2,439,10,449
1689,50,11,2,122,10,132
1690,50,12,2,64,12,76
1691,50,13,2,77,4,81
1692,50,14,2,191,6,197
1693,50,15,2,388,10,398
1694,50,16,2,52,0,52
1695,50,17,2,156,6,162
1696,50,18,2,111,12,123
1697,50,19,2,69,3,72
1698,50,20,2,69,5,74
1699,50,21,2,47,6,53
1700,50,22,2,104,2,106
1701,50,23,2,48,7,55
1702,50,24,2,109,4,113
1703,50,25,2,109,13,122
1704,50,26,2,20,0,20
1705,50,27,2,49,3,52
1706,50,28,2,106,5,111
1707,50,29,2,60,9,69
1708,50,30,2,184,22,206
1709,50,31,2,91,5,96
1710,50,32,2,66,2,68
1711,50,33,2,38,1,39
1712,50,34,2,116,2,118
1713,50,36,2,65,14,79
1714,50,38,2,1,0,1
1715,50,44,2,1,0,1
1716,50,49,2,1,0,1
1717,51,1,2,689,19,708
1718,51,2,2,156,9,165
1719,51,3,2,52,3,55
1720,51,4,2,247,10,257
1721,51,5,2,82,4,86
1722,51,6,2,189,20,209
1723,51,7,2,12,1,13
1724,51,8,2,59,2,61
1725,51,9,2,158,30,188
1726,51,10,2,233,15,248
1727,51,11,2,104,6,110
1728,51,12,2,22,4,26
1729,51,13,2,68,5,73
1730,51,14,2,117,1,118
1731,51,15,2,475,5,480
1732,51,16,2,13,5,18
1733,51,17,2,49,5,54
1734,51,18,2,117,10,127
1735,51,19,2,83,3,86
1736,51,20,2,109,13,122
1737,51,21,2,70,6,76
1738,51,22,2,39,4,43
1739,51,23,2,46,11,57
1740,51,24,2,96,7,103
1741,51,25,2,81,9,90
1742,51,26,2,13,1,14
1743,51,27,2,35,2,37
1744,51,28,2,89,4,93
1745,51,29,2,55,3,58
1746,51,30,2,93,15,108
1747,51,31,2,75,2,77
1748,51,32,2,17,2,19
1749,51,33,2,33,0,33
1750,51,34,2,74,3,77
1751,51,36,2,76,7,83
1752,51,39,2,1,0,1
1753,51,40,2,1,0,1
1754,51,45,2,0,1,1
1755,52,1,2,703,27,730
1756,52,2,2,176,10,186
1757,52,3,2,62,4,66
1758,52,4,2,102,8,110
1759,52,5,2,69,1,70
1760,52,6,2,103,17,120
1761,52,7,2,41,4,45
1762,52,8,2,29,2,31
1763,52,9,2,177,32,209
1764,52,10,2,412,15,427
1765,52,11,2,96,8,104
1766,52,12,2,31,7,38
1767,52,13,2,70,6,76
1768,52,14,2,230,4,234
1769,52,15,2,366,17,383
1770,52,16,2,45,5,50
1771,52,17,2,49,2,51
1772,52,18,2,91,10,101
1773,52,19,2,47,2,49
1774,52,20,2,57,12,69
1775,52,21,2,100,1,101
1776,52,22,2,17,2,19
1777,52,23,2,37,1,38
1778,52,24,2,117,5,122
1779,52,25,2,61,6,67
1780,52,26,2,17,2,19
1781,52,27,2,37,2,39
1782,52,28,2,74,2,76
1783,52,29,2,78,2,80
1784,52,30,2,103,14,117
1785,52,31,2,124,4,128
1786,52,32,2,31,0,31
1787,52,33,2,16,0,16
1788,52,34,2,469,7,476
1789,52,35,2,1,0,1
1790,52,36,2,102,11,113
1791,52,38,2,1,0,1
1792,52,39,2,2,0,2
1793,52,45,2,1,0,1
1794,53,1,2,553,26,579
1795,53,2,2,136,9,145
1796,53,3,2,65,4,69
1797,53,4,2,200,9,209
1798,53,5,2,75,8,83
1799,53,6,2,158,11,169
1800,53,7,2,6,3,9
1801,53,8,2,41,5,46
1802,53,9,2,145,36,181
1803,53,10,2,163,11,174
1804,53,11,2,74,6,80
1805,53,12,2,25,4,29
1806,53,13,2,56,5,61
1807,53,14,2,260,3,263
1808,53,15,2,173,5,178
1809,53,16,2,23,1,24
1810,53,17,2,235,4,239
1811,53,18,2,51,6,57
1812,53,19,2,50,4,54
1813,53,20,2,48,14,62
1814,53,21,2,55,2,57
1815,53,22,2,70,1,71
1816,53,23,2,39,4,43
1817,53,24,2,108,3,111
1818,53,25,2,66,10,76
1819,53,26,2,43,1,44
1820,53,27,2,16,4,20
1821,53,28,2,52,5,57
1822,53,29,2,84,4,88
1823,53,30,2,119,16,135
1824,53,31,2,86,0,86
1825,53,32,2,62,2,64
1826,53,33,2,34,1,35
1827,53,34,2,334,9,343
1828,53,36,2,124,13,137
1829,53,39,2,2,0,2
1830,53,40,2,0,1,1
1831,53,46,2,1,0,1
1832,53,51,2,0,1,1
1833,54,1,2,247,18,265
1834,54,2,2,202,15,217
1835,54,3,2,44,1,45
1836,54,4,2,109,4,113
1837,54,5,2,108,4,112
1838,54,6,2,77,10,87
1839,54,7,2,25,2,27
1840,54,8,2,57,4,61
1841,54,9,2,146,34,180
1842,54,10,2,87,10,97
1843,54,11,2,112,11,123
1844,54,12,2,27,3,30
1845,54,13,2,72,6,78
1846,54,14,2,54,2,56
1847,54,15,2,155,9,164
1848,54,16,2,23,4,27
1849,54,17,2,75,2,77
1850,54,18,2,74,6,80
1851,54,19,2,36,1,37
1852,54,20,2,57,5,62
1853,54,21,2,45,2,47
1854,54,22,2,241,3,244
1855,54,23,2,24,2,26
1856,54,24,2,71,5,76
1857,54,25,2,47,6,53
1858,54,26,2,20,2,22
1859,54,27,2,105,2,107
1860,54,28,2,44,3,47
1861,54,29,2,54,2,56
1862,54,30,2,109,15,124
1863,54,31,2,144,3,147
1864,54,32,2,46,0,46
1865,54,33,2,18,1,19
1866,54,34,2,141,11,152
1867,54,35,2,1,0,1
1868,54,36,2,100,20,120
1869,54,43,2,1,0,1
1870,54,47,2,0,1,1
1871,55,1,2,424,8,432
1872,55,2,2,132,15,147
1873,55,3,2,45,7,52
1874,55,4,2,178,6,184
1875,55,5,2,97,7,104
1876,55,6,2,114,8,122
1877,55,7,2,17,0,17
1878,55,8,2,73,2,75
1879,55,9,2,143,21,164
1880,55,10,2,112,11,123
1881,55,11,2,107,5,112
1882,55,12,2,41,5,46
1883,55,13,2,60,2,62
1884,55,14,2,66,2,68
1885,55,15,2,133,5,138
1886,55,16,2,43,0,43
1887,55,17,2,111,2,113
1888,55,18,2,55,12,67
1889,55,19,2,37,2,39
1890,55,20,2,65,6,71
1891,55,21,2,54,3,57
1892,55,22,2,273,3,276
1893,55,23,2,30,4,34
1894,55,24,2,103,3,106
1895,55,25,2,115,11,126
1896,55,26,2,23,2,25
1897,55,27,2,86,1,87
1898,55,28,2,66,4,70
1899,55,29,2,52,3,55
1900,55,30,2,120,19,139
1901,55,31,2,185,5,190
1902,55,32,2,44,3,47
1903,55,33,2,7,0,7
1904,55,34,2,69,14,83
1905,55,35,2,0,1,1
1906,55,36,2,99,16,115
1907,55,39,2,2,1,3
1908,55,40,2,0,1,1
1909,55,43,2,1,0,1
1910,56,1,2,207,4,211
1911,56,2,2,242,18,260
1912,56,3,2,42,2,44
1913,56,4,2,109,10,119
1914,56,5,2,77,8,85
1915,56,6,2,478,26,504
1916,56,7,2,18,1,19
1917,56,8,2,68,1,69
1918,56,9,2,124,22,146
1919,56,10,2,145,20,165
1920,56,11,2,99,6,105
1921,56,12,2,72,6,78
1922,56,13,2,66,6,72
1923,56,14,2,30,1,31
1924,56,15,2,126,5,131
1925,56,16,2,158,2,160
1926,56,17,2,77,2,79
1927,56,18,2,71,5,76
1928,56,19,2,29,5,34
1929,56,20,2,62,8,70
1930,56,21,2,75,5,80
1931,56,22,2,89,2,91
1932,56,23,2,30,6,36
1933,56,24,2,86,8,94
1934,56,25,2,112,7,119
1935,56,26,2,21,4,25
1936,56,27,2,21,2,23
1937,56,28,2,33,4,37
1938,56,29,2,104,2,106
1939,56,30,2,162,13,175
1940,56,31,2,121,15,136
1941,56,32,2,90,4,94
1942,56,33,2,8,2,10
1943,56,34,2,97,10,107
1944,56,35,2,0,1,1
1945,56,36,2,107,15,122
1946,56,40,2,1,0,1
1947,56,45,2,1,0,1
1948,57,1,2,230,10,240
1949,57,2,2,216,23,239
1950,57,3,2,50,1,51
1951,57,4,2,135,14,149
1952,57,5,2,80,9,89
1953,57,6,2,285,12,297
1954,57,7,2,13,1,14
1955,57,8,2,67,6,73
1956,57,9,2,173,40,213
1957,57,10,2,193,24,217
1958,57,11,2,109,3,112
1959,57,12,2,53,10,63
1960,57,13,2,37,3,40
1961,57,14,2,89,1,90
1962,57,15,2,175,5,180
1963,57,16,2,12,4,16
1964,57,17,2,115,3,118
1965,57,18,2,76,10,86
1966,57,19,2,25,4,29
1967,57,20,2,101,8,109
1968,57,21,2,70,7,77
1969,57,22,2,41,2,43
1970,57,23,2,52,9,61
1971,57,24,2,77,7,84
1972,57,25,2,77,7,84
1973,57,26,2,49,3,52
1974,57,27,2,6,1,7
1975,57,28,2,58,5,63
1976,57,29,2,128,1,129
1977,57,30,2,164,18,182
1978,57,31,2,181,11,192
1979,57,32,2,79,5,84
1980,57,33,2,15,1,16
1981,57,34,2,71,9,80
1982,57,36,2,128,20,148
1983,57,38,2,1,0,1
1984,57,40,2,1,0,1
1985,57,45,2,1,0,1
1986,58,1,2,282,17,299
1987,58,2,2,165,10,175
1988,58,3,2,47,4,51
1989,58,4,2,188,8,196
1990,58,5,2,88,5,93
1991,58,6,2,295,19,314
1992,58,7,2,21,2,23
1993,58,8,2,54,5,59
1994,58,9,2,531,30,561
1995,58,10,2,169,21,190
1996,58,11,2,121,7,128
1997,58,12,2,103,8,111
1998,58,13,2,45,5,50
1999,58,14,2,47,2,49
2000,58,15,2,212,5,217
2001,58,16,2,52,4,56
2002,58,17,2,194,9,203
2003,58,18,2,83,5,88
2004,58,19,2,69,5,74
2005,58,20,2,114,9,123
2006,58,21,2,68,4,72
2007,58,22,2,165,5,170
2008,58,23,2,90,2,92
2009,58,24,2,82,4,86
2010,58,25,2,96,8,104
2011,58,26,2,51,3,54
2012,58,27,2,14,2,16
2013,58,28,2,37,6,43
2014,58,29,2,73,3,76
2015,58,30,2,199,21,220
2016,58,31,2,184,4,188
2017,58,32,2,36,0,36
2018,58,33,2,54,1,55
2019,58,34,2,143,11,154
2020,58,35,2,1,1,2
2021,58,36,2,114,15,129
2022,58,38,2,1,0,1
2023,58,40,2,7,1,8
2024,58,43,2,1,0,1
2025,59,1,2,261,10,271
2026,59,2,2,112,10,122
2027,59,3,2,43,5,48
2028,59,4,2,143,9,152
2029,59,5,2,125,6,131
2030,59,6,2,106,12,118
2031,59,7,2,6,0,6
2032,59,8,2,49,5,54
2033,59,9,2,155,26,181
2034,59,10,2,112,16,128
2035,59,11,2,57,8,65
2036,59,12,2,41,10,51
2037,59,13,2,102,2,104
2038,59,14,2,21,1,22
2039,59,15,2,261,5,266
2040,59,16,2,91,3,94
2041,59,17,2,158,3,161
2042,59,18,2,57,8,65
2043,59,19,2,51,3,54
2044,59,20,2,86,6,92
2045,59,21,2,37,2,39
2046,59,22,2,29,6,35
2047,59,23,2,101,5,106
2048,59,24,2,21,1,22
2049,59,25,2,144,6,150
2050,59,26,2,21,0,21
2051,59,27,2,14,2,16
2052,59,28,2,42,2,44
2053,59,29,2,52,5,57
2054,59,30,2,216,18,234
2055,59,31,2,145,10,155
2056,59,32,2,49,0,49
2057,59,33,2,31,2,33
2058,59,34,2,75,8,83
2059,59,36,2,88,15,103
2060,59,39,2,0,1,1
2061,59,40,2,11,4,15
2062,59,43,2,2,0,2
2063,59,46,2,1,0,1
2064,59,50,2,0,1,1
2065,59,52,2,3,1,4
2066,59,53,2,1,0,1
2067,59,54,2,1,0,1
2068,59,55,2,1,0,1
2069,59,56,2,1,0,1
2070,60,1,2,218,11,229
2071,60,2,2,138,7,145
2072,60,3,2,76,8,84
2073,60,4,2,244,16,260
2074,60,5,2,68,0,68
2075,60,6,2,324,26,350
2076,60,7,2,37,0,37
2077,60,8,2,43,6,49
2078,60,9,2,297,36,333
2079,60,10,2,85,16,101
2080,60,11,2,140,7,147
2081,60,12,2,64,7,71
2082,60,13,2,57,4,61
2083,60,14,2,40,1,41
2084,60,15,2,88,2,90
2085,60,16,2,80,3,83
2086,60,17,2,161,7,168
2087,60,18,2,59,16,75
2088,60,19,2,52,5,57
2089,60,20,2,130,11,141
2090,60,21,2,54,4,58
2091,60,22,2,20,1,21
2092,60,23,2,62,11,73
2093,60,24,2,96,5,101
2094,60,25,2,153,9,162
2095,60,26,2,70,2,72
2096,60,27,2,20,3,23
2097,60,28,2,96,6,102
2098,60,29,2,68,3,71
2099,60,30,2,210,27,237
2100,60,31,2,176,10,186
2101,60,32,2,35,3,38
2102,60,33,2,47,4,51
2103,60,34,2,122,6,128
2104,60,36,2,120,19,139
2105,60,38,2,3,1,4
2106,60,39,2,3,0,3
2107,60,40,2,13,6,19
2108,60,42,2,1,0,1
2109,60,43,2,0,2,2
2110,60,45,2,0,1,1
2111,60,52,2,1,0,1
2112,60,55,2,1,0,1
2113,60,57,2,0,1,1
2114,60,58,2,2,2,4
2115,61,1,2,129,11,140
2116,61,2,2,45,4,49
2117,61,3,2,71,2,73
2118,61,4,2,86,8,94
2119,61,5,2,55,6,61
2120,61,6,2,125,17,142
2121,61,7,2,17,1,18
2122,61,8,2,29,4,33
2123,61,9,2,217,29,246
2124,61,10,2,77,19,96
2125,61,11,2,119,6,125
2126,61,12,2,82,2,84
2127,61,13,2,53,2,55
2128,61,14,2,49,3,52
2129,61,15,2,149,2,151
2130,61,16,2,22,2,24
2131,61,17,2,93,2,95
2132,61,18,2,45,15,60
2133,61,19,2,43,2,45
2134,61,20,2,93,11,104
2135,61,21,2,20,3,23
2136,61,22,2,15,2,17
2137,61,23,2,61,8,69
2138,61,24,2,79,5,84
2139,61,25,2,86,8,94
2140,61,26,2,18,1,19
2141,61,27,2,11,2,13
2142,61,28,2,118,18,136
2143,61,29,2,33,1,34
2144,61,30,2,166,15,181
2145,61,31,2,115,16,131
2146,61,32,2,45,2,47
2147,61,33,2,20,1,21
2148,61,34,2,53,7,60
2149,61,36,2,83,11,94
2150,61,38,2,2,0,2
2151,61,39,2,0,1,1
2152,61,40,2,5,1,6
2153,61,42,2,1,0,1
2154,61,43,2,2,0,2
2155,61,46,2,1,1,2
2156,61,47,2,1,0,1
2157,61,52,2,5,0,5
2158,61,58,2,0,1,1
2159,62,1,2,627,11,638
2160,62,2,2,118,4,122
2161,62,3,2,155,8,163
2162,62,4,2,252,14,266
2163,62,5,2,203,7,210
2164,62,6,2,323,20,343
2165,62,7,2,30,3,33
2166,62,8,2,39,7,46
2167,62,9,2,458,27,485
2168,62,10,2,148,19,167
2169,62,11,2,112,6,118
2170,62,12,2,89,12,101
2171,62,13,2,106,7,113
2172,62,14,2,84,5,89
2173,62,15,2,125,7,132
2174,62,16,2,91,6,97
2175,62,17,2,242,11,253
2176,62,18,2,91,12,103
2177,62,19,2,176,6,182
2178,62,20,2,274,11,285
2179,62,21,2,32,6,38
2180,62,22,2,30,2,32
2181,62,23,2,71,11,82
2182,62,24,2,152,9,161
2183,62,25,2,101,6,107
2184,62,26,2,119,0,119
2185,62,27,2,17,3,20
2186,62,28,2,565,43,608
2187,62,29,2,32,0,32
2188,62,30,2,159,17,176
2189,62,31,2,296,16,312
2190,62,32,2,43,2,45
2191,62,33,2,50,0,50
2192,62,34,2,62,7,69
2193,62,36,2,103,23,126
2194,62,38,2,1,0,1
2195,62,39,2,3,0,3
2196,62,40,2,6,7,13
2197,62,41,2,1,0,1
2198,62,42,2,4,0,4
2199,62,43,2,5,1,6
2200,62,45,2,0,1,1
2201,62,52,2,6,1,7
2202,63,1,2,554,22,576
2203,63,2,2,167,14,181
2204,63,3,2,306,18,324
2205,63,4,2,128,15,143
2206,63,5,2,270,7,277
2207,63,6,2,366,17,383
2208,63,7,2,32,5,37
2209,63,8,2,50,7,57
2210,63,9,2,348,52,400
2211,63,10,2,125,16,141
2212,63,11,2,139,6,145
2213,63,12,2,172,24,196
2214,63,13,2,115,5,120
2215,63,14,2,63,6,69
2216,63,15,2,192,8,200
2217,63,16,2,96,6,102
2218,63,17,2,224,13,237
2219,63,18,2,92,23,115
2220,63,19,2,89,1,90
2221,63,20,2,172,7,179
2222,63,21,2,56,5,61
2223,63,22,2,51,6,57
2224,63,23,2,78,17,95
2225,63,24,2,417,19,436
2226,63,25,2,169,6,175
2227,63,26,2,81,2,83
2228,63,27,2,13,9,22
2229,63,28,2,1128,92,1220
2230,63,29,2,31,4,35
2231,63,30,2,281,25,306
2232,63,31,2,519,29,548
2233,63,32,2,89,5,94
2234,63,33,2,47,1,48
2235,63,34,2,83,9,92
2236,63,36,2,199,18,217
2237,63,38,2,1,0,1
2238,63,39,2,2,0,2
2239,63,40,2,11,5,16
2240,63,41,2,2,0,2
2241,63,42,2,1,0,1
2242,63,43,2,3,0,3
2243,63,46,2,1,0,1
2244,63,50,2,1,0,1
2245,63,52,2,1,0,1
2246,63,53,2,1,0,1
2247,63,54,2,1,0,1
2248,63,58,2,1,0,1
2249,64,1,2,589,18,607
2250,64,2,2,235,14,249
2251,64,3,2,459,42,501
2252,64,4,2,170,14,184
2253,64,5,2,238,12,250
2254,64,6,2,318,23,341
2255,64,7,2,43,3,46
2256,64,8,2,80,5,85
2257,64,9,2,438,108,546
2258,64,10,2,146,10,156
2259,64,11,2,201,8,209
2260,64,12,2,227,44,271
2261,64,13,2,143,13,156
2262,64,14,2,53,3,56
2263,64,15,2,155,11,166
2264,64,16,2,168,10,178
2265,64,17,2,384,15,399
2266,64,18,2,90,16,106
2267,64,19,2,82,0,82
2268,64,20,2,208,17,225
2269,64,21,2,59,1,60
2270,64,22,2,216,3,219
2271,64,23,2,145,21,166
2272,64,24,2,725,34,759
2273,64,25,2,178,7,185
2274,64,26,2,118,2,120
2275,64,27,2,32,10,42
2276,64,28,2,1176,169,1345
2277,64,29,2,80,7,87
2278,64,30,2,283,19,302
2279,64,31,2,436,37,473
2280,64,32,2,90,4,94
2281,64,33,2,94,5,99
2282,64,34,2,137,17,154
2283,64,36,2,178,23,201
2284,64,37,2,1,0,1
2285,64,38,2,2,2,4
2286,64,39,2,4,0,4
2287,64,40,2,5,3,8
2288,64,41,2,1,0,1
2289,64,42,2,2,0,2
2290,64,43,2,4,0,4
2291,64,45,2,2,0,2
2292,64,47,2,1,0,1
2293,64,50,2,2,0,2
2294,64,52,2,8,1,9
2295,64,53,2,3,0,3
2296,64,56,2,2,0,2
2297,64,59,2,0,1,1
2298,64,60,2,1,0,1
2299,65,1,2,307,20,327
2300,65,2,2,258,17,275
2301,65,3,2,609,46,655
2302,65,4,2,316,16,332
2303,65,5,2,474,10,484
2304,65,6,2,588,24,612
2305,65,7,2,69,2,71
2306,65,8,2,151,12,163
2307,65,9,2,796,162,958
2308,65,10,2,171,22,193
2309,65,11,2,271,17,288
2310,65,12,2,299,87,386
2311,65,13,2,224,24,248
2312,65,14,2,55,4,59
2313,65,15,2,298,4,302
2314,65,16,2,349,26,375
2315,65,17,2,674,27,701
2316,65,18,2,93,21,114
2317,65,19,2,294,8,302
2318,65,20,2,240,31,271
2319,65,21,2,102,7,109
2320,65,22,2,99,7,106
2321,65,23,2,190,37,227
2322,65,24,2,1286,68,1354
2323,65,25,2,259,22,281
2324,65,26,2,102,5,107
2325,65,27,2,35,3,38
2326,65,28,2,1514,165,1679
2327,65,29,2,198,12,210
2328,65,30,2,410,26,436
2329,65,31,2,518,37,555
2330,65,32,2,124,4,128
2331,65,33,2,205,11,216
2332,65,34,2,238,26,264
2333,65,36,2,165,28,193
2334,65,39,2,6,0,6
2335,65,40,2,7,3,10
2336,65,41,2,2,0,2
2337,65,42,2,5,0,5
2338,65,43,2,6,0,6
2339,65,46,2,3,0,3
2340,65,47,2,1,0,1
2341,65,50,2,1,0,1
2342,65,52,2,8,3,11
2343,65,53,2,5,0,5
2344,65,54,2,1,0,1
2345,65,55,2,2,0,2
2346,65,61,2,1,0,1
2347,66,1,2,878,40,918
2348,66,2,2,353,40,393
2349,66,3,2,575,91,666
2350,66,4,2,486,32,518
2351,66,5,2,1063,29,1092
2352,66,6,2,1133,59,1192
2353,66,7,2,91,4,95
2354,66,8,2,222,18,240
2355,66,9,2,1183,269,1452
2356,66,10,2,264,28,292
2357,66,11,2,581,23,604
2358,66,12,2,314,109,423
2359,66,13,2,398,29,427
2360,66,14,2,141,8,149
2361,66,15,2,362,25,387
2362,66,16,2,417,55,472
2363,66,17,2,714,29,743
2364,66,18,2,188,36,224
2365,66,19,2,410,11,421
2366,66,20,2,370,47,417
2367,66,21,2,158,9,167
2368,66,22,2,90,7,97
2369,66,23,2,546,46,592
2370,66,24,2,1340,83,1423
2371,66,25,2,519,38,557
2372,66,26,2,126,1,127
2373,66,27,2,86,7,93
2374,66,28,2,1373,132,1505
2375,66,29,2,265,21,286
2376,66,30,2,534,40,574
2377,66,31,2,468,39,507
2378,66,32,2,229,16,245
2379,66,33,2,343,22,365
2380,66,34,2,434,76,510
2381,66,36,2,208,32,240
2382,66,38,2,9,2,11
2383,66,39,2,3,0,3
2384,66,40,2,4,1,5
2385,66,41,2,4,2,6
2386,66,42,2,7,0,7
2387,66,43,2,5,0,5
2388,66,45,2,3,1,4
2389,66,47,2,2,0,2
2390,66,49,2,2,0,2
2391,66,50,2,6,0,6
2392,66,51,2,1,1,2
2393,66,52,2,5,0,5
2394,66,54,2,1,0,1
2395,66,56,2,1,0,1
2396,66,58,2,3,0,3
2397,66,62,2,1,0,1
2398,67,1,2,1796,80,1876
2399,67,2,2,429,36,465
2400,67,3,2,540,82,622
2401,67,4,2,735,50,785
2402,67,5,2,1127,51,1178
2403,67,6,2,1023,113,1136
2404,67,7,2,185,11,196
2405,67,8,2,324,19,343
2406,67,9,2,1342,323,1665
2407,67,10,2,332,46,378
2408,67,11,2,446,28,474
2409,67,12,2,304,102,406
2410,67,13,2,658,68,726
2411,67,14,2,113,16,129
2412,67,15,2,728,38,766
2413,67,16,2,583,62,645
2414,67,17,2,587,55,642
2415,67,18,2,460,46,506
2416,67,19,2,466,20,486
2417,67,20,2,291,68,359
2418,67,21,2,284,24,308
2419,67,22,2,119,19,138
2420,67,23,2,339,39,378
2421,67,24,2,817,55,872
2422,67,25,2,743,48,791
2423,67,26,2,43,6,49
2424,67,27,2,96,7,103
2425,67,28,2,1287,96,1383
2426,67,29,2,276,28,304
2427,67,30,2,692,59,751
2428,67,31,2,608,32,640
2429,67,32,2,324,27,351
2430,67,33,2,533,33,566
2431,67,34,2,527,58,585
2432,67,36,2,287,55,342
2433,67,37,2,1,0,1
2434,67,38,2,8,1,9
2435,67,39,2,6,3,9
2436,67,40,2,18,1,19
2437,67,41,2,1,2,3
2438,67,42,2,4,0,4
2439,67,43,2,15,4,19
2440,67,45,2,2,0,2
2441,67,48,2,1,0,1
2442,67,50,2,9,3,12
2443,67,52,2,4,4,8
2444,67,53,2,2,1,3
2445,67,54,2,1,0,1
2446,67,55,2,0,1,1
2447,67,56,2,1,0,1
2448,67,57,2,2,0,2
2449,67,58,2,1,0,1
2450,67,63,2,1,0,1
2451,67,64,2,1,0,1
2452,67,65,2,1,1,2
2453,68,1,2,2613,109,2722
2454,68,2,2,458,46,504
2455,68,3,2,401,78,479
2456,68,4,2,871,55,926
2457,68,5,2,860,64,924
2458,68,6,2,872,140,1012
2459,68,7,2,154,13,167
2460,68,8,2,303,32,335
2461,68,9,2,1417,346,1763
2462,68,10,2,376,71,447
2463,68,11,2,539,44,583
2464,68,12,2,272,115,387
2465,68,13,2,647,59,706
2466,68,14,2,188,20,208
2467,68,15,2,822,52,874
2468,68,16,2,648,80,728
2469,68,17,2,570,75,645
2470,68,18,2,367,80,447
2471,68,19,2,769,35,804
2472,68,20,2,269,70,339
2473,68,21,2,364,24,388
2474,68,22,2,92,18,110
2475,68,23,2,275,26,301
2476,68,24,2,400,68,468
2477,68,25,2,925,62,987
2478,68,26,2,113,8,121
2479,68,27,2,79,15,94
2480,68,28,2,1286,53,1339
2481,68,29,2,264,24,288
2482,68,30,2,531,47,578
2483,68,31,2,555,50,605
2484,68,32,2,1010,38,1048
2485,68,33,2,824,55,879
2486,68,34,2,158,32,190
2487,68,36,2,228,61,289
2488,68,37,2,2,0,2
2489,68,38,2,6,1,7
2490,68,39,2,3,1,4
2491,68,40,2,9,0,9
2492,68,41,2,5,0,5
2493,68,42,2,8,0,8
2494,68,43,2,10,3,13
2495,68,45,2,6,0,6
2496,68,46,2,1,0,1
2497,68,50,2,2,0,2
2498,68,51,2,1,0,1
2499,68,52,2,4,1,5
2500,68,60,2,1,0,1
2501,68,61,2,1,0,1
2502,69,1,3,3031,161,3192
2503,69,2,3,442,59,501
2504,69,3,3,495,53,548
2505,69,4,3,1108,75,1183
2506,69,5,3,1182,88,1270
2507,69,6,3,1334,190,1524
2508,69,7,3,434,22,456
2509,69,8,3,409,36,445
2510,69,9,3,2761,350,3111
2511,69,10,3,1138,61,1199
2512,69,11,3,1418,73,1491
2513,69,12,3,472,81,553
2514,69,13,3,998,85,1083
2515,69,14,3,377,23,400
2516,69,15,3,894,46,940
2517,69,16,3,436,57,493
2518,69,17,3,1406,60,1466
2519,69,18,3,629,95,724
2520,69,19,3,804,53,857
2521,69,20,3,599,67,666
2522,69,21,3,571,42,613
2523,69,22,3,241,20,261
2524,69,23,3,738,29,767
2525,69,24,3,1464,65,1529
2526,69,25,3,807,61,868
2527,69,26,3,399,3,402
2528,69,27,3,295,10,305
2529,69,28,3,908,28,936
2530,69,29,3,324,39,363
2531,69,30,3,805,74,879
2532,69,31,3,648,45,693
2533,69,32,3,615,42,657
2534,69,33,3,758,68,826
2535,69,34,3,303,43,346
2536,69,36,3,600,58,658
2537,69,37,3,1,1,2
2538,69,38,3,3,3,6
2539,69,39,3,8,4,12
2540,69,40,3,9,3,12
2541,69,41,3,3,0,3
2542,69,42,3,7,1,8
2543,69,43,3,23,2,25
2544,69,45,3,2,0,2
2545,69,47,3,3,0,3
2546,69,48,3,1,0,1
2547,69,50,3,3,0,3
2548,69,51,3,1,0,1
2549,69,52,3,18,5,23
2550,69,54,3,2,1,3
2551,69,56,3,1,0,1
2552,69,57,3,1,0,1
2553,69,66,3,1,0,1
2554,70,1,3,2770,112,2882
2555,70,2,3,603,111,714
2556,70,3,3,554,32,586
2557,70,4,3,747,96,843
2558,70,5,3,699,83,782
2559,70,6,3,1438,231,1669
2560,70,7,3,509,15,524
2561,70,8,3,614,52,666
2562,70,9,3,2751,355,3106
2563,70,10,3,1631,140,1771
2564,70,11,3,1393,81,1474
2565,70,12,3,418,60,478
2566,70,13,3,1106,83,1189
2567,70,14,3,125,14,139
2568,70,15,3,1551,68,1619
2569,70,16,3,430,70,500
2570,70,17,3,895,118,1013
2571,70,18,3,460,117,577
2572,70,19,3,745,62,807
2573,70,20,3,524,147,671
2574,70,21,3,416,57,473
2575,70,22,3,961,57,1018
2576,70,23,3,323,42,365
2577,70,24,3,1704,31,1735
2578,70,25,3,1306,167,1473
2579,70,26,3,122,32,154
2580,70,27,3,267,39,306
2581,70,28,3,608,9,617
2582,70,29,3,710,56,766
2583,70,30,3,943,77,1020
2584,70,31,3,1109,101,1210
2585,70,32,3,1175,69,1244
2586,70,33,3,724,46,770
2587,70,34,3,201,47,248
2588,70,36,3,244,75,319
2589,70,37,3,3,1,4
2590,70,38,3,15,6,21
2591,70,39,3,14,7,21
2592,70,40,3,13,6,19
2593,70,41,3,6,1,7
2594,70,42,3,17,3,20
2595,70,43,3,34,6,40
2596,70,45,3,7,1,8
2597,70,46,3,2,2,4
2598,70,47,3,1,0,1
2599,70,48,3,2,1,3
2600,70,49,3,1,0,1
2601,70,50,3,4,1,5
2602,70,51,3,1,0,1
2603,70,52,3,5,2,7
2604,70,53,3,0,1,1
2605,70,54,3,6,0,6
2606,70,55,3,1,0,1
2607,70,58,3,2,2,4
2608,70,59,3,0,1,1
2609,70,61,3,1,0,1
2610,70,64,3,1,0,1
2611,70,67,3,1,0,1
2612,71,1,2,4075,252,4327
2613,71,2,2,1808,164,1972
2614,71,3,2,769,14,783
2615,71,4,2,1377,186,1563
2616,71,5,2,1054,68,1122
2617,71,6,2,3270,381,3651
2618,71,7,2,1271,39,1310
2619,71,8,2,894,35,929
2620,71,9,2,8558,438,8996
2621,71,10,2,5061,227,5288
2622,71,11,2,2605,103,2708
2623,71,12,2,1698,79,1777
2624,71,13,2,923,94,1017
2625,71,14,2,934,43,977
2626,71,15,2,1130,67,1197
2627,71,16,2,473,42,515
2628,71,17,2,1319,164,1483
2629,71,18,2,1249,199,1448
2630,71,19,2,1194,86,1280
2631,71,20,2,741,190,931
2632,71,21,2,541,46,587
2633,71,22,2,1513,94,1607
2634,71,23,2,795,40,835
2635,71,24,2,1142,39,1181
2636,71,25,2,1265,153,1418
2637,71,26,2,1194,79,1273
2638,71,27,2,1380,83,1463
2639,71,28,2,319,10,329
2640,71,29,2,768,51,819
2641,71,30,2,1071,206,1277
2642,71,31,2,1593,116,1709
2643,71,32,2,1621,49,1670
2644,71,33,2,1371,52,1423
2645,71,34,2,585,87,672
2646,71,36,2,766,98,864
2647,71,37,2,2,1,3
2648,71,38,2,38,7,45
2649,71,39,2,24,7,31
2650,71,40,2,33,16,49
2651,71,41,2,22,3,25
2652,71,42,2,29,3,32
2653,71,43,2,62,11,73
2654,71,45,2,16,5,21
2655,71,46,2,19,1,20
2656,71,47,2,1,0,1
2657,71,48,2,5,0,5
2658,71,49,2,11,0,11
2659,71,50,2,25,4,29
2660,71,51,2,1,1,2
2661,71,52,2,4,1,5
2662,71,53,2,1,0,1
2663,71,54,2,4,2,6
2664,71,55,2,7,1,8
2665,71,56,2,1,0,1
2666,71,58,2,5,1,6
2667,71,60,2,1,0,1
2668,71,61,2,1,0,1
2669,71,68,2,1,0,1
2670,72,1,4,2018,155,2173
2671,72,2,4,1410,155,1565
2672,72,3,4,285,9,294
2673,72,4,4,702,79,781
2674,72,5,4,368,41,409
2675,72,6,4,2362,206,2568
2676,72,7,4,481,20,501
2677,72,8,4,273,20,293
2678,72,9,4,1599,105,1704
2679,72,10,4,1532,92,1624
2680,72,11,4,632,81,713
2681,72,12,4,261,18,279
2682,72,13,4,628,58,686
2683,72,14,4,462,40,502
2684,72,15,4,896,55,951
2685,72,16,4,139,22,161
2686,72,17,4,426,70,496
2687,72,18,4,624,95,719
2688,72,19,4,472,37,509
2689,72,20,4,576,113,689
2690,72,21,4,206,16,222
2691,72,22,4,514,36,550
2692,72,23,4,165,20,185
2693,72,24,4,365,5,370
2694,72,25,4,729,80,809
2695,72,26,4,270,16,286
2696,72,27,4,434,18,452
2697,72,28,4,108,3,111
2698,72,29,4,412,31,443
2699,72,30,4,640,83,723
2700,72,31,4,842,61,903
2701,72,32,4,815,44,859
2702,72,33,4,719,67,786
2703,72,34,4,300,26,326
2704,72,36,4,404,73,477
2705,72,37,4,1,0,1
2706,72,38,4,10,3,13
2707,72,39,4,5,5,10
2708,72,40,4,20,11,31
2709,72,41,4,11,2,13
2710,72,42,4,5,1,6
2711,72,43,4,26,2,28
2712,72,45,4,2,4,6
2713,72,46,4,3,7,10
2714,72,48,4,1,0,1
2715,72,49,4,14,0,14
2716,72,50,4,9,3,12
2717,72,51,4,1,0,1
2718,72,52,4,5,1,6
2719,72,53,4,1,0,1
2720,72,56,4,3,0,3
2721,72,57,4,1,0,1
2722,72,58,4,1,2,3
2723,72,61,4,0,1,1
2724,72,69,4,1,0,1
2725,73,1,4,1791,159,1950
2726,73,2,4,1098,111,1209
2727,73,3,4,110,5,115
2728,73,4,4,573,61,634
2729,73,5,4,329,19,348
2730,73,6,4,1782,190,1972
2731,73,7,4,288,14,302
2732,73,8,4,129,11,140
2733,73,9,4,953,65,1018
2734,73,10,4,1765,56,1821
2735,73,11,4,737,51,788
2736,73,12,4,266,15,281
2737,73,13,4,336,28,364
2738,73,14,4,545,36,581
2739,73,15,4,713,87,800
2740,73,16,4,88,11,99
2741,73,17,4,464,40,504
2742,73,18,4,466,65,531
2743,73,19,4,319,31,350
2744,73,20,4,718,93,811
2745,73,21,4,114,16,130
2746,73,22,4,625,34,659
2747,73,23,4,107,10,117
2748,73,24,4,165,4,169
2749,73,25,4,856,82,938
2750,73,26,4,122,14,136
2751,73,27,4,183,5,188
2752,73,28,4,86,4,90
2753,73,29,4,163,19,182
2754,73,30,4,1001,72,1073
2755,73,31,4,697,43,740
2756,73,32,4,781,29,810
2757,73,33,4,569,37,606
2758,73,34,4,164,28,192
2759,73,36,4,417,56,473
2760,73,38,4,11,4,15
2761,73,39,4,14,9,23
2762,73,40,4,19,11,30
2763,73,41,4,4,0,4
2764,73,42,4,6,1,7
2765,73,43,4,12,2,14
2766,73,45,4,7,1,8
2767,73,46,4,1,2,3
2768,73,48,4,1,0,1
2769,73,49,4,5,0,5
2770,73,50,4,1,0,1
2771,73,52,4,9,2,11
2772,73,53,4,2,0,2
2773,73,55,4,1,0,1
2774,73,56,4,1,0,1
2775,73,58,4,4,1,5
2776,73,65,4,1,0,1
2777,73,70,4,1,0,1
2778,73,71,4,1,0,1
2779,74,1,4,1240,63,1303
2780,74,2,4,602,92,694
2781,74,3,4,164,2,166
2782,74,4,4,574,41,615
2783,74,5,4,163,10,173
2784,74,6,4,5099,231,5330
2785,74,7,4,205,7,212
2786,74,8,4,88,14,102
2787,74,9,4,544,36,580
2788,74,10,4,1097,45,1142
2789,74,11,4,337,38,375
2790,74,12,4,90,14,104
2791,74,13,4,580,20,600
2792,74,14,4,1148,33,1181
2793,74,15,4,595,72,667
2794,74,16,4,56,11,67
2795,74,17,4,525,20,545
2796,74,18,4,351,54,405
2797,74,19,4,660,21,681
2798,74,20,4,455,63,518
2799,74,21,4,57,4,61
2800,74,22,4,1189,33,1222
2801,74,23,4,150,6,156
2802,74,24,4,493,7,500
2803,74,25,4,434,60,494
2804,74,26,4,156,18,174
2805,74,27,4,130,13,143
2806,74,28,4,42,0,42
2807,74,29,4,132,14,146
2808,74,30,4,613,43,656
2809,74,31,4,889,22,911
2810,74,32,4,545,8,553
2811,74,33,4,323,25,348
2812,74,34,4,1165,55,1220
2813,74,36,4,332,34,366
2814,74,37,4,5,1,6
2815,74,38,4,13,7,20
2816,74,39,4,1,3,4
2817,74,40,4,15,9,24
2818,74,41,4,8,0,8
2819,74,42,4,4,1,5
2820,74,43,4,9,1,10
2821,74,45,4,3,3,6
2822,74,46,4,2,0,2
2823,74,48,4,1,0,1
2824,74,49,4,8,0,8
2825,74,50,4,4,2,6
2826,74,52,4,5,3,8
2827,74,53,4,1,0,1
2828,74,56,4,1,0,1
2829,74,57,4,3,0,3
2830,74,58,4,5,1,6
2831,75,1,5,1243,101,1344
2832,75,2,5,8881,268,9149
2833,75,3,5,167,1,168
2834,75,4,5,4808,87,4895
2835,75,5,5,199,10,209
2836,75,6,5,4568,404,4972
2837,75,7,5,105,8,113
2838,75,8,5,163,5,168
2839,75,9,5,26748,17,26765
2840,75,10,5,6801,23,6824
2841,75,11,5,3738,88,3826
2842,75,12,5,119,8,127
2843,75,13,5,226,13,239
2844,75,14,5,4790,26,4816
2845,75,15,5,402,173,575
2846,75,16,5,1063,10,1073
2847,75,17,5,11215,20,11235
2848,75,18,5,1278,33,1311
2849,75,19,5,243,15,258
2850,75,20,5,242,34,276
2851,75,21,5,44,3,47
2852,75,22,5,4117,66,4183
2853,75,23,5,78,10,88
2854,75,24,5,112,31,143
2855,75,25,5,261,33,294
2856,75,26,5,1500,19,1519
2857,75,27,5,75,7,82
2858,75,28,5,52,1,53
2859,75,29,5,281,15,296
2860,75,30,5,224,23,247
2861,75,31,5,766,22,788
2862,75,32,5,648,10,658
2863,75,33,5,556,45,601
2864,75,34,5,669,85,754
2865,75,36,5,2494,85,2579
2866,75,37,5,1,0,1
2867,75,38,5,8,6,14
2868,75,39,5,4,4,8
2869,75,40,5,15,6,21
2870,75,41,5,6,0,6
2871,75,42,5,5,0,5
2872,75,43,5,15,3,18
2873,75,45,5,5,4,9
2874,75,46,5,3,1,4
2875,75,49,5,11,0,11
2876,75,50,5,2,1,3
2877,75,51,5,1,0,1
2878,75,52,5,1,0,1
2879,75,53,5,2,2,4
2880,75,57,5,1,0,1
2881,75,58,5,2,0,2
2882,75,72,5,1,0,1
2883,76,1,5,653,55,708
2884,76,2,5,968,165,1133
2885,76,3,5,130,6,136
2886,76,4,5,473,35,508
2887,76,5,5,111,8,119
2888,76,6,5,432,92,524
2889,76,7,5,61,9,70
2890,76,8,5,73,1,74
2891,76,9,5,648,35,683
2892,76,10,5,1028,20,1048
2893,76,11,5,1116,48,1164
2894,76,12,5,95,1,96
2895,76,13,5,83,2,85
2896,76,14,5,2043,43,2086
2897,76,15,5,436,44,480
2898,76,16,5,145,6,151
2899,76,17,5,699,19,718
2900,76,18,5,200,17,217
2901,76,19,5,136,7,143
2902,76,20,5,182,23,205
2903,76,21,5,44,1,45
2904,76,22,5,8059,303,8362
2905,76,23,5,59,2,61
2906,76,24,5,132,4,136
2907,76,25,5,177,24,201
2908,76,26,5,2489,14,2503
2909,76,27,5,63,4,67
2910,76,28,5,37,0,37
2911,76,29,5,34,5,39
2912,76,30,5,178,12,190
2913,76,31,5,317,15,332
2914,76,32,5,190,14,204
2915,76,33,5,167,12,179
2916,76,34,5,152,3,155
2917,76,36,5,896,108,1004
2918,76,38,5,5,1,6
2919,76,39,5,12,2,14
2920,76,40,5,21,6,27
2921,76,41,5,5,3,8
2922,76,42,5,3,1,4
2923,76,43,5,5,1,6
2924,76,45,5,6,2,8
2925,76,46,5,3,0,3
2926,76,50,5,4,0,4
2927,76,53,5,1,0,1
2928,76,55,5,1,0,1
2929,76,58,5,5,0,5
2930,76,61,5,1,0,1
2931,76,73,5,1,0,1
2932,77,1,6,441,25,466
2933,77,2,6,449,63,512
2934,77,3,6,59,2,61
2935,77,4,6,256,13,269
2936,77,5,6,58,2,60
2937,77,6,6,209,55,264
2938,77,7,6,88,0,88
2939,77,8,6,34,2,36
2940,77,9,6,414,25,439
2941,77,10,6,263,15,278
2942,77,11,6,162,11,173
2943,77,12,6,58,3,61
2944,77,13,6,53,3,56
2945,77,14,6,352,5,357
2946,77,15,6,143,7,150
2947,77,16,6,69,2,71
2948,77,17,6,163,6,169
2949,77,18,6,387,10,397
2950,77,19,6,115,3,118
2951,77,20,6,106,12,118
2952,77,21,6,30,0,30
2953,77,22,6,299,254,553
2954,77,23,6,74,3,77
2955,77,24,6,152,2,154
2956,77,25,6,122,8,130
2957,77,26,6,287,0,287
2958,77,27,6,53,2,55
2959,77,28,6,44,0,44
2960,77,29,6,52,5,57
2961,77,30,6,102,16,118
2962,77,31,6,244,9,253
2963,77,32,6,97,2,99
2964,77,33,6,97,9,106
2965,77,34,6,41,3,44
2966,77,36,6,133,91,224
2967,77,38,6,3,0,3
2968,77,39,6,6,0,6
2969,77,40,6,7,1,8
2970,77,41,6,3,0,3
2971,77,42,6,1,0,1
2972,77,43,6,4,1,5
2973,77,45,6,5,1,6
2974,77,46,6,2,1,3
2975,77,47,6,1,0,1
2976,77,50,6,1,1,2
2977,77,52,6,2,0,2
2978,77,53,6,1,1,2
2979,77,57,6,0,1,1
2980,77,58,6,4,0,4
2981,78,1,6,372,28,400
2982,78,2,6,194,16,210
2983,78,3,6,76,2,78
2984,78,4,6,156,5,161
2985,78,5,6,104,2,106
2986,78,6,6,121,35,156
2987,78,7,6,32,2,34
2988,78,8,6,20,0,20
2989,78,9,6,333,5,338
2990,78,10,6,232,4,236
2991,78,11,6,131,4,135
2992,78,12,6,48,1,49
2993,78,13,6,36,2,38
2994,78,14,6,186,2,188
2995,78,15,6,84,9,93
2996,78,16,6,36,0,36
2997,78,17,6,98,2,100
2998,78,18,6,191,5,196
2999,78,19,6,123,1,124
3000,78,20,6,111,16,127
3001,78,21,6,12,1,13
3002,78,22,6,125,6,131
3003,78,23,6,46,2,48
3004,78,24,6,87,0,87
3005,78,25,6,62,8,70
3006,78,26,6,40,2,42
3007,78,27,6,41,0,41
3008,78,28,6,37,1,38
3009,78,29,6,41,1,42
3010,78,30,6,74,7,81
3011,78,31,6,469,5,474
3012,78,32,6,106,2,108
3013,78,33,6,41,4,45
3014,78,34,6,100,1,101
3015,78,36,6,58,46,104
3016,78,37,6,1,0,1
3017,78,38,6,1,0,1
3018,78,39,6,3,1,4
3019,78,40,6,9,2,11
3020,78,42,6,1,0,1
3021,78,43,6,8,0,8
3022,78,45,6,2,0,2
3023,78,46,6,4,0,4
3024,78,50,6,0,2,2
3025,78,52,6,1,0,1
3026,78,57,6,7,0,7
3027,78,58,6,2,0,2
3028,79,1,6,229,13,242
3029,79,2,6,128,8,136
3030,79,3,6,50,1,51
3031,79,4,6,130,5,135
3032,79,5,6,86,0,86
3033,79,6,6,104,12,116
3034,79,7,6,35,1,36
3035,79,8,6,25,0,25
3036,79,9,6,297,6,303
3037,79,10,6,218,6,224
3038,79,11,6,166,7,173
3039,79,12,6,75,3,78
3040,79,13,6,94,2,96
3041,79,14,6,253,4,257
3042,79,15,6,72,1,73
3043,79,16,6,46,1,47
3044,79,17,6,55,3,58
3045,79,18,6,108,16,124
3046,79,19,6,64,1,65
3047,79,20,6,121,8,129
3048,79,21,6,25,0,25
3049,79,22,6,71,4,75
3050,79,23,6,38,3,41
3051,79,24,6,144,0,144
3052,79,25,6,69,6,75
3053,79,26,6,15,0,15
3054,79,27,6,62,2,64
3055,79,28,6,44,1,45
3056,79,29,6,39,0,39
3057,79,30,6,66,4,70
3058,79,31,6,109,1,110
3059,79,32,6,80,1,81
3060,79,33,6,37,3,40
3061,79,34,6,43,0,43
3062,79,36,6,47,5,52
3063,79,39,6,1,2,3
3064,79,40,6,7,1,8
3065,79,41,6,3,0,3
3066,79,42,6,1,0,1
3067,79,43,6,3,0,3
3068,79,45,6,1,0,1
3069,79,46,6,1,0,1
3070,79,50,6,2,0,2
3071,79,54,6,2,0,2
3072,79,58,6,1,0,1
3073,79,61,6,1,0,1
3074,79,65,6,1,0,1
3075,80,1,6,113,4,117
3076,80,2,6,170,3,173
3077,80,3,6,47,3,50
3078,80,4,6,111,2,113
3079,80,5,6,43,0,43
3080,80,6,6,66,5,71
3081,80,7,6,29,0,29
3082,80,8,6,32,0,32
3083,80,9,6,285,3,288
3084,80,10,6,168,4,172
3085,80,11,6,125,2,127
3086,80,12,6,57,2,59
3087,80,13,6,35,1,36
3088,80,14,6,224,1,225
3089,80,15,6,48,2,50
3090,80,16,6,19,2,21
3091,80,17,6,76,1,77
3092,80,18,6,96,7,103
3093,80,19,6,33,0,33
3094,80,20,6,106,6,112
3095,80,21,6,29,1,30
3096,80,22,6,38,2,40
3097,80,23,6,46,1,47
3098,80,24,6,76,0,76
3099,80,25,6,52,7,59
3100,80,26,6,17,0,17
3101,80,27,6,24,0,24
3102,80,28,6,27,0,27
3103,80,29,6,31,1,32
3104,80,30,6,55,3,58
3105,80,31,6,43,2,45
3106,80,32,6,24,2,26
3107,80,33,6,44,1,45
3108,80,34,6,27,5,32
3109,80,36,6,27,3,30
3110,80,37,6,1,0,1
3111,80,38,6,1,0,1
3112,80,39,6,2,0,2
3113,80,40,6,2,0,2
3114,80,42,6,1,0,1
3115,80,43,6,1,0,1
3116,80,45,6,1,0,1
3117,80,56,6,1,0,1
3118,80,58,6,1,0,1
3119,80,65,6,1,0,1
3120,81,1,6,72,8,80
3121,81,2,6,101,3,104
3122,81,3,6,78,1,79
3123,81,4,6,79,2,81
3124,81,5,6,55,0,55
3125,81,6,6,58,2,60
3126,81,7,6,15,0,15
3127,81,8,6,21,1,22
3128,81,9,6,368,3,371
3129,81,10,6,152,2,154
3130,81,11,6,105,0,105
3131,81,12,6,61,0,61
3132,81,13,6,52,0,52
3133,81,14,6,29,1,30
3134,81,15,6,41,4,45
3135,81,16,6,29,1,30
3136,81,17,6,87,0,87
3137,81,18,6,75,4,79
3138,81,19,6,49,1,50
3139,81,20,6,47,1,48
3140,81,21,6,17,0,17
3141,81,22,6,41,0,41
3142,81,23,6,46,1,47
3143,81,24,6,87,3,90
3144,81,25,6,27,1,28
3145,81,26,6,66,0,66
3146,81,27,6,17,0,17
3147,81,28,6,46,0,46
3148,81,29,6,19,1,20
3149,81,30,6,40,2,42
3150,81,31,6,33,1,34
3151,81,32,6,33,1,34
3152,81,33,6,28,1,29
3153,81,34,6,20,1,21
3154,81,36,6,32,3,35
3155,81,39,6,3,0,3
3156,81,40,6,2,1,3
3157,81,41,6,1,0,1
3158,81,42,6,3,0,3
3159,81,45,6,2,0,2
3160,81,46,6,1,0,1
3161,81,48,6,2,0,2
3162,81,50,6,2,0,2
3163,81,52,6,2,0,2
3164,81,56,6,1,0,1
3165,82,1,6,71,11,82
3166,82,2,6,91,1,92
3167,82,3,6,58,2,60
3168,82,4,6,93,1,94
3169,82,5,6,34,0,34
3170,82,6,6,47,1,48
3171,82,7,6,14,0,14
3172,82,8,6,14,2,16
3173,82,9,6,345,3,348
3174,82,10,6,147,2,149
3175,82,11,6,82,5,87
3176,82,12,6,37,0,37
3177,82,13,6,28,1,29
3178,82,14,6,19,0,19
3179,82,15,6,26,1,27
3180,82,16,6,36,0,36
3181,82,17,6,27,3,30
3182,82,18,6,48,2,50
3183,82,19,6,18,1,19
3184,82,20,6,36,3,39
3185,82,21,6,20,0,20
3186,82,22,6,32,1,33
3187,82,23,6,47,5,52
3188,82,24,6,63,0,63
3189,82,25,6,16,1,17
3190,82,26,6,14,0,14
3191,82,27,6,31,0,31
3192,82,28,6,18,0,18
3193,82,29,6,18,0,18
3194,82,30,6,27,3,30
3195,82,31,6,29,0,29
3196,82,32,6,21,0,21
3197,82,33,6,31,1,32
3198,82,34,6,24,0,24
3199,82,36,6,12,3,15
3200,82,39,6,2,1,3
3201,82,40,6,7,0,7
3202,82,41,6,1,0,1
3203,82,42,6,3,0,3
3204,82,43,6,1,0,1
3205,82,53,6,1,0,1
3206,82,74,6,1,0,1
3207,83,1,6,64,2,66
3208,83,2,6,86,1,87
3209,83,3,6,29,0,29
3210,83,4,6,78,1,79
3211,83,5,6,22,0,22
3212,83,6,6,53,2,55
3213,83,7,6,18,0,18
3214,83,8,6,23,0,23
3215,83,9,6,261,1,262
3216,83,10,6,174,3,177
3217,83,11,6,64,0,64
3218,83,12,6,59,1,60
3219,83,13,6,15,1,16
3220,83,14,6,21,0,21
3221,83,15,6,28,2,30
3222,83,16,6,11,0,11
3223,83,17,6,25,1,26
3224,83,18,6,67,3,70
3225,83,19,6,56,0,56
3226,83,20,6,64,2,66
3227,83,21,6,12,0,12
3228,83,22,6,25,2,27
3229,83,23,6,26,1,27
3230,83,24,6,38,0,38
3231,83,25,6,22,0,22
3232,83,26,6,11,0,11
3233,83,27,6,22,0,22
3234,83,28,6,43,0,43
3235,83,29,6,16,2,18
3236,83,30,6,23,2,25
3237,83,31,6,31,0,31
3238,83,32,6,17,0,17
3239,83,33,6,32,0,32
3240,83,34,6,27,0,27
3241,83,36,6,19,1,20
3242,83,39,6,0,1,1
3243,83,40,6,4,0,4
3244,83,43,6,1,0,1
3245,83,56,6,1,0,1
3246,84,1,7,34,5,39
3247,84,2,7,72,1,73
3248,84,3,7,17,1,18
3249,84,4,7,81,1,82
3250,84,5,7,27,0,27
3251,84,6,7,29,2,31
3252,84,7,7,16,0,16
3253,84,8,7,12,1,13
3254,84,9,7,187,3,190
3255,84,10,7,155,4,159
3256,84,11,7,51,3,54
3257,84,12,7,15,1,16
3258,84,13,7,19,0,19
3259,84,14,7,6,0,6
3260,84,15,7,15,2,17
3261,84,16,7,13,0,13
3262,84,17,7,16,1,17
3263,84,18,7,49,4,53
3264,84,19,7,19,2,21
3265,84,20,7,12,2,14
3266,84,21,7,14,0,14
3267,84,22,7,19,2,21
3268,84,23,7,35,0,35
3269,84,24,7,26,1,27
3270,84,25,7,12,0,12
3271,84,26,7,8,0,8
3272,84,27,7,14,0,14
3273,84,28,7,13,0,13
3274,84,29,7,11,0,11
3275,84,30,7,30,2,32
3276,84,31,7,20,0,20
3277,84,32,7,17,0,17
3278,84,33,7,38,0,38
3279,84,34,7,17,0,17
3280,84,36,7,13,1,14
3281,84,39,7,2,0,2
3282,84,41,7,1,0,1
3283,84,42,7,2,0,2
3284,84,43,7,3,0,3
3285,84,50,7,1,0,1
3286,84,58,7,1,0,1
3287,85,1,7,41,5,46
3288,85,2,7,81,1,82
3289,85,3,7,16,2,18
3290,85,4,7,46,3,49
3291,85,5,7,31,1,32
3292,85,6,7,39,0,39
3293,85,7,7,19,0,19
3294,85,8,7,11,0,11
3295,85,9,7,264,4,268
3296,85,10,7,94,1,95
3297,85,11,7,40,0,40
3298,85,12,7,30,0,30
3299,85,13,7,25,1,26
3300,85,14,7,13,0,13
3301,85,15,7,9,0,9
3302,85,16,7,12,0,12
3303,85,17,7,17,1,18
3304,85,18,7,52,3,55
3305,85,19,7,16,0,16
3306,85,20,7,17,1,18
3307,85,21,7,10,0,10
3308,85,22,7,21,0,21
3309,85,23,7,20,2,22
3310,85,24,7,19,0,19
3311,85,25,7,9,1,10
3312,85,26,7,16,0,16
3313,85,27,7,8,0,8
3314,85,28,7,28,0,28
3315,85,29,7,9,0,9
3316,85,30,7,13,0,13
3317,85,31,7,14,1,15
3318,85,32,7,17,1,18
3319,85,33,7,12,1,13
3320,85,34,7,12,0,12
3321,85,36,7,11,1,12
3322,85,38,7,1,0,1
3323,85,39,7,1,0,1
3324,85,40,7,1,0,1
3325,85,42,7,1,0,1
3326,85,45,7,1,0,1
3327,85,46,7,1,0,1
3328,85,60,7,1,0,1
3329,86,1,7,41,2,43
3330,86,2,7,47,0,47
3331,86,3,7,27,1,28
3332,86,4,7,48,1,49
3333,86,5,7,27,0,27
3334,86,6,7,28,0,28
3335,86,7,7,9,0,9
3336,86,8,7,12,0,12
3337,86,9,7,188,1,189
3338,86,10,7,96,0,96
3339,86,11,7,60,1,61
3340,86,12,7,18,0,18
3341,86,13,7,19,0,19
3342,86,14,7,9,0,9
3343,86,15,7,24,1,25
3344,86,16,7,10,1,11
3345,86,17,7,7,0,7
3346,86,18,7,33,0,33
3347,86,19,7,17,0,17
3348,86,20,7,38,3,41
3349,86,21,7,4,2,6
3350,86,22,7,20,1,21
3351,86,23,7,18,5,23
3352,86,24,7,26,0,26
3353,86,25,7,13,0,13
3354,86,26,7,6,0,6
3355,86,27,7,24,0,24
3356,86,28,7,16,0,16
3357,86,29,7,8,1,9
3358,86,30,7,23,2,25
3359,86,31,7,32,0,32
3360,86,32,7,16,0,16
3361,86,33,7,9,0,9
3362,86,34,7,10,0,10
3363,86,36,7,15,2,17
3364,86,38,7,1,0,1
3365,86,40,7,1,0,1
3366,86,45,7,3,0,3
3367,86,46,7,1,0,1
3368,86,55,7,1,0,1
3369,87,1,7,41,4,45
3370,87,2,7,40,0,40
3371,87,3,7,19,0,19
3372,87,4,7,50,2,52
3373,87,5,7,29,1,30
3374,87,6,7,28,4,32
3375,87,7,7,7,0,7
3376,87,8,7,9,1,10
3377,87,9,7,188,2,190
3378,87,10,7,111,1,112
3379,87,11,7,38,0,38
3380,87,12,7,27,0,27
3381,87,13,7,11,1,12
3382,87,14,7,6,0,6
3383,87,15,7,6,0,6
3384,87,16,7,11,0,11
3385,87,17,7,12,1,13
3386,87,18,7,36,1,37
3387,87,19,7,16,0,16
3388,87,20,7,19,0,19
3389,87,21,7,26,0,26
3390,87,22,7,17,0,17
3391,87,23,7,13,0,13
3392,87,24,7,12,0,12
3393,87,25,7,10,0,10
3394,87,26,7,3,0,3
3395,87,27,7,8,0,8
3396,87,28,7,15,1,16
3397,87,29,7,16,1,17
3398,87,30,7,18,2,20
3399,87,31,7,12,1,13
3400,87,32,7,11,0,11
3401,87,33,7,7,0,7
3402,87,34,7,11,0,11
3403,87,36,7,8,3,11
3404,87,39,7,3,0,3
3405,87,40,7,5,0,5
3406,87,42,7,1,0,1
3407,87,43,7,1,0,1
3408,87,45,7,1,0,1
3409,87,58,7,1,0,1
3410,88,1,7,27,4,31
3411,88,2,7,27,2,29
3412,88,3,7,13,0,13
3413,88,4,7,46,3,49
3414,88,5,7,45,0,45
3415,88,6,7,16,0,16
3416,88,7,7,6,0,6
3417,88,8,7,9,0,9
3418,88,9,7,158,1,159
3419,88,10,7,76,4,80
3420,88,11,7,58,2,60
3421,88,12,7,19,0,19
3422,88,13,7,9,0,9
3423,88,14,7,4,0,4
3424,88,15,7,12,1,13
3425,88,16,7,7,0,7
3426,88,17,7,25,2,27
3427,88,18,7,40,1,41
3428,88,19,7,22,0,22
3429,88,20,7,23,2,25
3430,88,21,7,16,0,16
3431,88,22,7,13,0,13
3432,88,23,7,27,2,29
3433,88,24,7,15,0,15
3434,88,25,7,4,0,4
3435,88,27,7,15,0,15
3436,88,28,7,13,0,13
3437,88,29,7,11,0,11
3438,88,30,7,19,4,23
3439,88,31,7,12,0,12
3440,88,32,7,8,1,9
3441,88,33,7,16,0,16
3442,88,34,7,5,0,5
3443,88,36,7,10,4,14
3444,88,37,7,1,0,1
3445,88,39,7,1,0,1
3446,88,40,7,1,1,2
3447,88,43,7,1,0,1
3448,88,46,7,0,1,1
3449,88,48,7,1,0,1
3450,88,58,7,3,0,3
3451,89,1,7,21,0,21
3452,89,2,7,24,0,24
3453,89,3,7,18,0,18
3454,89,4,7,60,3,63
3455,89,5,7,49,0,49
3456,89,6,7,14,1,15
3457,89,7,7,4,0,4
3458,89,8,7,8,1,9
3459,89,9,7,158,1,159
3460,89,10,7,127,2,129
3461,89,11,7,29,1,30
3462,89,12,7,20,0,20
3463,89,13,7,13,1,14
3464,89,14,7,8,1,9
3465,89,15,7,8,1,9
3466,89,16,7,10,0,10
3467,89,17,7,11,0,11
3468,89,18,7,40,3,43
3469,89,19,7,12,0,12
3470,89,20,7,23,0,23
3471,89,21,7,13,2,15
3472,89,22,7,18,1,19
3473,89,23,7,21,2,23
3474,89,24,7,17,0,17
3475,89,25,7,10,0,10
3476,89,26,7,2,0,2
3477,89,27,7,7,0,7
3478,89,28,7,13,2,15
3479,89,29,7,8,0,8
3480,89,30,7,16,0,16
3481,89,31,7,9,0,9
3482,89,32,7,11,0,11
3483,89,33,7,9,0,9
3484,89,34,7,6,0,6
3485,89,36,7,11,0,11
3486,89,39,7,1,0,1
3487,89,40,7,4,0,4
3488,89,41,7,1,0,1
3489,89,42,7,1,0,1
3490,89,43,7,1,0,1
3491,89,45,7,1,0,1
3492,89,46,7,5,0,5
3493,89,50,7,1,0,1
3494,89,58,7,2,0,2
3495,89,60,7,1,0,1
3496,89,75,7,1,0,1
3497,89,76,7,1,0,1
3498,90,1,7,14,1,15
3499,90,2,7,25,2,27
3500,90,3,7,14,1,15
3501,90,4,7,35,1,36
3502,90,5,7,20,0,20
3503,90,6,7,10,2,12
3504,90,7,7,13,0,13
3505,90,8,7,8,0,8
3506,90,9,7,130,1,131
3507,90,10,7,59,0,59
3508,90,11,7,34,0,34
3509,90,12,7,13,0,13
3510,90,13,7,13,0,13
3511,90,14,7,6,0,6
3512,90,16,7,5,0,5
3513,90,17,7,7,0,7
3514,90,18,7,27,0,27
3515,90,19,7,13,0,13
3516,90,20,7,16,0,16
3517,90,21,7,7,0,7
3518,90,22,7,7,0,7
3519,90,23,7,8,0,8
3520,90,24,7,20,0,20
3521,90,25,7,6,0,6
3522,90,26,7,5,0,5
3523,90,27,7,4,0,4
3524,90,28,7,18,0,18
3525,90,29,7,11,0,11
3526,90,30,7,11,0,11
3527,90,31,7,11,0,11
3528,90,32,7,5,0,5
3529,90,33,7,3,0,3
3530,90,34,7,7,0,7
3531,90,36,7,10,1,11
3532,90,39,7,2,0,2
3533,90,40,7,1,0,1
3534,90,41,7,1,0,1
3535,90,42,7,1,0,1
3536,90,43,7,2,0,2
3537,90,58,7,1,0,1
3538,91,1,7,19,3,22
3539,91,2,7,32,0,32
3540,91,3,7,17,0,17
3541,91,4,7,31,2,33
3542,91,5,7,22,0,22
3543,91,6,7,23,1,24
3544,91,7,7,9,0,9
3545,91,8,7,8,0,8
3546,91,9,7,113,2,115
3547,91,10,7,80,4,84
3548,91,11,7,32,0,32
3549,91,12,7,15,1,16
3550,91,13,7,6,0,6
3551,91,14,7,2,0,2
3552,91,15,7,8,0,8
3553,91,16,7,2,0,2
3554,91,17,7,12,0,12
3555,91,18,7,39,2,41
3556,91,19,7,9,0,9
3557,91,20,7,6,0,6
3558,91,21,7,14,0,14
3559,91,22,7,20,0,20
3560,91,23,7,11,2,13
3561,91,24,7,12,1,13
3562,91,25,7,4,0,4
3563,91,27,7,10,0,10
3564,91,28,7,11,2,13
3565,91,29,7,8,0,8
3566,91,30,7,17,1,18
3567,91,31,7,15,0,15
3568,91,32,7,2,1,3
3569,91,33,7,5,0,5
3570,91,34,7,6,0,6
3571,91,36,7,4,0,4
3572,91,40,7,2,0,2
3573,91,43,7,3,0,3
3574,91,45,7,1,0,1
3575,91,48,7,2,0,2
3576,92,1,7,18,2,20
3577,92,2,7,20,1,21
3578,92,3,7,6,0,6
3579,92,4,7,29,2,31
3580,92,5,7,14,0,14
3581,92,6,7,18,2,20
3582,92,7,7,3,1,4
3583,92,8,7,10,0,10
3584,92,9,7,95,1,96
3585,92,10,7,60,1,61
3586,92,11,7,31,1,32
3587,92,12,7,12,0,12
3588,92,13,7,11,0,11
3589,92,14,7,1,0,1
3590,92,15,7,5,1,6
3591,92,16,7,2,0,2
3592,92,17,7,4,0,4
3593,92,18,7,29,0,29
3594,92,19,7,10,0,10
3595,92,20,7,15,0,15
3596,92,21,7,8,0,8
3597,92,22,7,3,1,4
3598,92,23,7,12,0,12
3599,92,24,7,13,1,14
3600,92,26,7,6,0,6
3601,92,27,7,11,0,11
3602,92,28,7,10,0,10
3603,92,29,7,3,0,3
3604,92,30,7,8,1,9
3605,92,31,7,5,0,5
3606,92,32,7,8,0,8
3607,92,33,7,7,0,7
3608,92,34,7,4,0,4
3609,92,36,7,6,0,6
3610,92,40,7,2,0,2
3611,92,41,7,1,0,1
3612,92,45,7,2,0,2
3613,92,46,7,1,0,1
3614,93,1,7,28,1,29
3615,93,2,7,16,2,18
3616,93,3,7,4,0,4
3617,93,4,7,27,1,28
3618,93,5,7,18,0,18
3619,93,6,7,20,2,22
3620,93,7,7,4,0,4
3621,93,8,7,7,0,7
3622,93,9,7,91,1,92
3623,93,10,7,75,0,75
3624,93,11,7,32,1,33
3625,93,12,7,15,0,15
3626,93,13,7,8,0,8
3627,93,14,7,6,0,6
3628,93,15,7,2,1,3
3629,93,16,7,4,0,4
3630,93,17,7,9,1,10
3631,93,18,7,38,3,41
3632,93,19,7,9,0,9
3633,93,20,7,6,2,8
3634,93,21,7,6,0,6
3635,93,22,7,6,2,8
3636,93,23,7,12,0,12
3637,93,24,7,10,1,11
3638,93,25,7,5,0,5
3639,93,26,7,4,0,4
3640,93,27,7,7,0,7
3641,93,28,7,6,1,7
3642,93,29,7,3,0,3
3643,93,30,7,11,2,13
3644,93,31,7,9,0,9
3645,93,32,7,11,1,12
3646,93,33,7,7,0,7
3647,93,34,7,3,1,4
3648,93,36,7,4,0,4
3649,93,39,7,1,0,1
3650,93,40,7,3,1,4
3651,93,43,7,1,0,1
3652,93,46,7,1,0,1
3653,93,58,7,1,0,1
3654,94,1,7,19,0,19
3655,94,2,7,15,0,15
3656,94,3,7,6,0,6
3657,94,4,7,16,1,17
3658,94,5,7,9,0,9
3659,94,6,7,7,1,8
3660,94,8,7,6,0,6
3661,94,9,7,56,0,56
3662,94,10,7,51,1,52
3663,94,11,7,14,0,14
3664,94,12,7,5,0,5
3665,94,13,7,5,0,5
3666,94,14,7,2,0,2
3667,94,15,7,5,0,5
3668,94,17,7,4,0,4
3669,94,18,7,11,0,11
3670,94,19,7,7,0,7
3671,94,20,7,5,2,7
3672,94,21,7,2,0,2
3673,94,22,7,7,0,7
3674,94,23,7,2,0,2
3675,94,24,7,5,0,5
3676,94,25,7,1,0,1
3677,94,26,7,1,0,1
3678,94,27,7,3,0,3
3679,94,28,7,6,0,6
3680,94,29,7,6,0,6
3681,94,30,7,6,1,7
3682,94,31,7,13,0,13
3683,94,32,7,6,0,6
3684,94,33,7,2,0,2
3685,94,34,7,1,0,1
3686,94,36,7,3,1,4
3687,94,38,7,1,0,1
3688,94,54,7,1,0,1
3689,95,1,7,4,1,5
3690,95,2,7,1,0,1
3691,95,3,7,2,0,2
3692,95,4,7,6,1,7
3693,95,5,7,4,0,4
3694,95,6,7,3,0,3
3695,95,8,7,1,0,1
3696,95,9,7,23,0,23
3697,95,10,7,17,2,19
3698,95,11,7,4,0,4
3699,95,12,7,4,0,4
3700,95,13,7,1,0,1
3701,95,15,7,2,0,2
3702,95,18,7,4,0,4
3703,95,19,7,7,0,7
3704,95,20,7,1,0,1
3705,95,22,7,4,1,5
3706,95,23,7,1,0,1
3707,95,24,7,3,0,3
3708,95,27,7,1,0,1
3709,95,29,7,3,0,3
3710,95,36,7,2,0,2
3711,96,1,6,15,1,16
3712,96,2,6,20,0,20
3713,96,3,6,17,0,17
3714,96,4,6,19,0,19
3715,96,5,6,39,0,39
3716,96,6,6,26,1,27
3717,96,7,6,5,0,5
3718,96,8,6,8,0,8
3719,96,9,6,124,2,126
3720,96,10,6,79,0,79
3721,96,11,6,65,0,65
3722,96,12,6,10,0,10
3723,96,13,6,11,0,11
3724,96,14,6,3,0,3
3725,96,15,6,2,1,3
3726,96,17,6,29,0,29
3727,96,18,6,15,1,16
3728,96,19,6,52,0,52
3729,96,20,6,7,0,7
3730,96,21,6,17,0,17
3731,96,22,6,14,0,14
3732,96,23,6,19,2,21
3733,96,24,6,8,0,8
3734,96,25,6,1,0,1
3735,96,26,6,3,0,3
3736,96,27,6,11,0,11
3737,96,28,6,5,0,5
3738,96,29,6,8,0,8
3739,96,30,6,11,2,13
3740,96,31,6,6,0,6
3741,96,32,6,1,0,1
3742,96,33,6,5,0,5
3743,96,34,6,4,0,4
3744,96,36,6,8,1,9
3745,96,39,6,1,0,1
3746,96,43,6,3,0,3
3747,97,1,6,20,2,22
3748,97,2,6,14,0,14
3749,97,3,6,16,1,17
3750,97,4,6,26,3,29
3751,97,5,6,44,1,45
3752,97,6,6,33,1,34
3753,97,7,6,3,0,3
3754,97,8,6,15,0,15
3755,97,9,6,117,1,118
3756,97,10,6,57,2,59
3757,97,11,6,24,2,26
3758,97,12,6,11,0,11
3759,97,13,6,12,0,12
3760,97,14,6,2,0,2
3761,97,15,6,4,0,4
3762,97,16,6,22,0,22
3763,97,17,6,36,0,36
3764,97,18,6,27,3,30
3765,97,19,6,12,0,12
3766,97,20,6,6,1,7
3767,97,21,6,10,0,10
3768,97,22,6,9,0,9
3769,97,23,6,9,3,12
3770,97,24,6,7,0,7
3771,97,25,6,4,0,4
3772,97,26,6,4,0,4
3773,97,27,6,35,0,35
3774,97,28,6,3,0,3
3775,97,29,6,11,0,11
3776,97,30,6,8,0,8
3777,97,31,6,9,0,9
3778,97,32,6,5,1,6
3779,97,33,6,3,0,3
3780,97,34,6,5,0,5
3781,97,36,6,9,0,9
3782,97,37,6,1,0,1
3783,97,42,6,1,0,1
3784,97,43,6,1,0,1
3785,97,45,6,1,0,1
3786,98,1,7,17,0,17
3787,98,2,7,20,0,20
3788,98,3,7,28,1,29
3789,98,4,7,24,4,28
3790,98,5,7,33,0,33
3791,98,6,7,23,2,25
3792,98,7,7,3,0,3
3793,98,8,7,6,0,6
3794,98,9,7,135,0,135
3795,98,10,7,65,2,67
3796,98,11,7,27,0,27
3797,98,12,7,9,0,9
3798,98,13,7,7,0,7
3799,98,14,7,3,0,3
3800,98,15,7,10,0,10
3801,98,16,7,19,0,19
3802,98,17,7,39,0,39
3803,98,18,7,23,1,24
3804,98,19,7,19,0,19
3805,98,20,7,17,0,17
3806,98,21,7,10,1,11
3807,98,22,7,13,0,13
3808,98,23,7,22,2,24
3809,98,24,7,16,1,17
3810,98,25,7,7,0,7
3811,98,26,7,2,0,2
3812,98,27,7,17,0,17
3813,98,28,7,8,0,8
3814,98,29,7,8,0,8
3815,98,30,7,12,1,13
3816,98,31,7,18,0,18
3817,98,32,7,13,0,13
3818,98,33,7,21,0,21
3819,98,34,7,9,0,9
3820,98,36,7,15,1,16
3821,98,38,7,2,0,2
3822,98,40,7,1,1,2
3823,98,41,7,1,0,1
3824,98,45,7,4,0,4
3825,98,46,7,3,0,3
3826,98,47,7,1,0,1
3827,98,58,7,1,0,1
3828,99,1,7,203,1,204
3829,99,2,7,149,2,151
3830,99,3,7,23,0,23
3831,99,4,7,59,1,60
3832,99,5,7,39,1,40
3833,99,6,7,58,5,63
3834,99,7,7,10,0,10
3835,99,8,7,11,0,11
3836,99,9,7,317,4,321
3837,99,10,7,147,0,147
3838,99,11,7,39,2,41
3839,99,12,7,22,0,22
3840,99,13,7,33,0,33
3841,99,14,7,19,0,19
3842,99,15,7,21,1,22
3843,99,16,7,7,1,8
3844,99,17,7,75,1,76
3845,99,18,7,117,4,121
3846,99,19,7,17,0,17
3847,99,20,7,43,0,43
3848,99,21,7,27,0,27
3849,99,22,7,26,0,26
3850,99,23,7,13,0,13
3851,99,24,7,38,0,38
3852,99,25,7,38,0,38
3853,99,26,7,6,0,6
3854,99,27,7,41,1,42
3855,99,28,7,10,1,11
3856,99,29,7,22,0,22
3857,99,30,7,27,0,27
3858,99,31,7,57,1,58
3859,99,32,7,22,0,22
3860,99,33,7,112,0,112
3861,99,34,7,7,0,7
3862,99,36,7,26,2,28
3863,99,38,7,1,0,1
3864,99,40,7,2,1,3
3865,99,41,7,1,0,1
3866,99,42,7,1,0,1
3867,99,43,7,9,0,9
3868,99,48,7,2,0,2
3869,99,52,7,1,0,1
3870,99,58,7,0,1,1
3871,100,1,7,433,2,435
3872,100,2,7,177,0,177
3873,100,3,7,115,1,116
3874,100,4,7,207,6,213
3875,100,5,7,138,0,138
3876,100,6,7,165,3,168
3877,100,7,7,30,0,30
3878,100,8,7,78,0,78
3879,100,9,7,907,5,912
3880,100,10,7,769,6,775
3881,100,11,7,122,3,125
3882,100,12,7,101,1,102
3883,100,13,7,97,2,99
3884,100,14,7,58,1,59
3885,100,15,7,118,0,118
3886,100,16,7,62,1,63
3887,100,17,7,200,2,202
3888,100,18,7,319,9,328
3889,100,19,7,72,2,74
3890,100,20,7,130,8,138
3891,100,21,7,35,0,35
3892,100,22,7,92,4,96
3893,100,23,7,26,2,28
3894,100,24,7,105,0,105
3895,100,25,7,99,3,102
3896,100,26,7,17,1,18
3897,100,27,7,108,3,111
3898,100,28,7,98,1,99
3899,100,29,7,86,0,86
3900,100,30,7,85,5,90
3901,100,31,7,221,3,224
3902,100,32,7,83,0,83
3903,100,33,7,167,7,174
3904,100,34,7,29,0,29
3905,100,36,7,76,5,81
3906,100,38,7,3,0,3
3907,100,39,7,3,1,4
3908,100,40,7,5,0,5
3909,100,42,7,2,0,2
3910,100,43,7,6,0,6
3911,100,45,7,4,0,4
3912,100,46,7,3,0,3
3913,100,47,7,4,0,4
3914,100,48,7,1,0,1
3915,100,52,7,1,0,1
3916,100,55,7,1,0,1
3917,100,57,7,1,0,1
3918,100,58,7,2,0,2
3919,100,60,7,1,0,1
3920,101,1,7,590,13,603
3921,101,2,7,458,2,460
3922,101,3,7,539,3,542
3923,101,4,7,602,14,616
3924,101,5,7,772,5,777
3925,101,6,7,489,6,495
3926,101,7,7,184,1,185
3927,101,8,7,217,3,220
3928,101,9,7,2184,17,2201
3929,101,10,7,1315,15,1330
3930,101,11,7,694,2,696
3931,101,12,7,691,5,696
3932,101,13,7,371,5,376
3933,101,14,7,152,3,155
3934,101,15,7,265,2,267
3935,101,16,7,126,0,126
3936,101,17,7,868,4,872
3937,101,18,7,644,13,657
3938,101,19,7,283,1,284
3939,101,20,7,191,8,199
3940,101,21,7,192,1,193
3941,101,22,7,193,4,197
3942,101,23,7,189,5,194
3943,101,24,7,377,1,378
3944,101,25,7,208,6,214
3945,101,26,7,77,2,79
3946,101,27,7,494,8,502
3947,101,28,7,381,1,382
3948,101,29,7,243,3,246
3949,101,30,7,357,13,370
3950,101,31,7,799,8,807
3951,101,32,7,373,3,376
3952,101,33,7,294,7,301
3953,101,34,7,87,2,89
3954,101,36,7,174,4,178
3955,101,37,7,2,0,2
3956,101,38,7,5,0,5
3957,101,39,7,2,1,3
3958,101,40,7,11,1,12
3959,101,41,7,2,0,2
3960,101,42,7,2,0,2
3961,101,43,7,10,0,10
3962,101,45,7,9,0,9
3963,101,46,7,3,0,3
3964,101,47,7,1,0,1
3965,101,48,7,2,0,2
3966,101,50,7,2,0,2
3967,101,51,7,1,0,1
3968,101,52,7,2,1,3
3969,101,53,7,4,0,4
3970,101,54,7,2,1,3
3971,101,56,7,4,0,4
3972,101,58,7,2,0,2
3973,101,59,7,2,0,2
3974,101,61,7,1,0,1
3975,101,65,7,1,0,1
3976,102,1,6,834,14,848
3977,102,2,6,864,12,876
3978,102,3,6,751,6,757
3979,102,4,6,828,25,853
3980,102,5,6,1274,11,1285
3981,102,6,6,1185,23,1208
3982,102,7,6,336,1,337
3983,102,8,6,351,4,355
3984,102,9,6,3420,37,3457
3985,102,10,6,1912,18,1930
3986,102,11,6,1654,8,1662
3987,102,12,6,925,13,938
3988,102,13,6,692,13,705
3989,102,14,6,305,5,310
3990,102,15,6,572,3,575
3991,102,16,6,164,4,168
3992,102,17,6,898,7,905
3993,102,18,6,954,13,967
3994,102,19,6,625,3,628
3995,102,20,6,242,19,261
3996,102,21,6,448,5,453
3997,102,22,6,346,5,351
3998,102,23,6,414,7,421
3999,102,24,6,827,2,829
4000,102,25,6,295,23,318
4001,102,26,6,217,0,217
4002,102,27,6,583,11,594
4003,102,28,6,396,5,401
4004,102,29,6,716,5,721
4005,102,30,6,500,13,513
4006,102,31,6,1171,8,1179
4007,102,32,6,620,6,626
4008,102,33,6,299,7,306
4009,102,34,6,187,1,188
4010,102,36,6,309,10,319
4011,102,37,6,2,0,2
4012,102,38,6,0,1,1
4013,102,39,6,6,0,6
4014,102,40,6,9,0,9
4015,102,41,6,9,0,9
4016,102,42,6,10,0,10
4017,102,43,6,40,0,40
4018,102,45,6,10,0,10
4019,102,46,6,7,0,7
4020,102,47,6,1,0,1
4021,102,48,6,4,0,4
4022,102,50,6,9,0,9
4023,102,51,6,1,0,1
4024,102,52,6,2,1,3
4025,102,53,6,7,0,7
4026,102,54,6,9,1,10
4027,102,56,6,2,0,2
4028,102,58,6,7,1,8
4029,102,60,6,1,0,1
4030,102,61,6,1,0,1
4031,102,65,6,3,0,3
4032,103,1,5,589,30,619
4033,103,2,5,1046,21,1067
4034,103,3,5,531,8,539
4035,103,4,5,705,33,738
4036,103,5,5,883,10,893
4037,103,6,5,1257,34,1291
4038,103,7,5,236,0,236
4039,103,8,5,307,1,308
4040,103,9,5,2917,34,2951
4041,103,10,5,1525,19,1544
4042,103,11,5,1389,11,1400
4043,103,12,5,686,13,699
4044,103,13,5,817,15,832
4045,103,14,5,234,7,241
4046,103,15,5,629,8,637
4047,103,16,5,245,9,254
4048,103,17,5,465,22,487
4049,103,18,5,818,28,846
4050,103,19,5,626,10,636
4051,103,20,5,260,18,278
4052,103,21,5,554,12,566
4053,103,22,5,349,7,356
4054,103,23,5,316,15,331
4055,103,24,5,523,8,531
4056,103,25,5,239,19,258
4057,103,26,5,191,6,197
4058,103,27,5,401,9,410
4059,103,28,5,334,16,350
4060,103,29,5,662,4,666
4061,103,30,5,387,12,399
4062,103,31,5,756,17,773
4063,103,32,5,767,9,776
4064,103,33,5,219,8,227
4065,103,34,5,323,14,337
4066,103,35,5,1,0,1
4067,103,36,5,271,15,286
4068,103,37,5,3,0,3
4069,103,38,5,10,3,13
4070,103,39,5,16,0,16
4071,103,40,5,25,1,26
4072,103,41,5,12,0,12
4073,103,42,5,14,0,14
4074,103,43,5,23,0,23
4075,103,45,5,12,0,12
4076,103,46,5,9,1,10
4077,103,47,5,1,0,1
4078,103,48,5,1,0,1
4079,103,50,5,5,0,5
4080,103,51,5,2,0,2
4081,103,52,5,3,0,3
4082,103,54,5,3,0,3
4083,103,58,5,6,0,6
4084,103,60,5,1,0,1
4085,103,61,5,1,0,1
4086,103,64,5,1,0,1
4087,103,65,5,2,0,2
4088,103,71,5,1,0,1
4089,104,1,5,467,33,500
4090,104,2,5,509,20,529
4091,104,3,5,179,5,184
4092,104,4,5,387,24,411
4093,104,5,5,245,6,251
4094,104,6,5,1120,38,1158
4095,104,7,5,120,3,123
4096,104,8,5,122,1,123
4097,104,9,5,1305,33,1338
4098,104,10,5,759,23,782
4099,104,11,5,681,20,701
4100,104,12,5,244,7,251
4101,104,13,5,338,15,353
4102,104,14,5,129,4,133
4103,104,15,5,316,12,328
4104,104,16,5,94,6,100
4105,104,17,5,197,11,208
4106,104,18,5,325,19,344
4107,104,19,5,335,9,344
4108,104,20,5,183,22,205
4109,104,21,5,154,9,163
4110,104,22,5,138,6,144
4111,104,23,5,199,13,212
4112,104,24,5,152,6,158
4113,104,25,5,177,14,191
4114,104,26,5,114,3,117
4115,104,27,5,115,7,122
4116,104,28,5,105,12,117
4117,104,29,5,321,2,323
4118,104,30,5,189,18,207
4119,104,31,5,286,9,295
4120,104,32,5,342,1,343
4121,104,33,5,149,10,159
4122,104,34,5,172,6,178
4123,104,36,5,161,16,177
4124,104,37,5,1,0,1
4125,104,38,5,12,3,15
4126,104,39,5,13,1,14
4127,104,40,5,17,4,21
4128,104,41,5,15,0,15
4129,104,42,5,12,2,14
4130,104,43,5,26,0,26
4131,104,45,5,6,0,6
4132,104,46,5,7,0,7
4133,104,48,5,4,0,4
4134,104,50,5,3,0,3
4135,104,52,5,4,3,7
4136,104,53,5,3,1,4
4137,104,54,5,2,0,2
4138,104,55,5,1,0,1
4139,104,58,5,2,1,3
4140,104,61,5,1,0,1
4141,104,65,5,3,0,3
4142,104,69,5,2,0,2
4143,104,71,5,1,0,1
4144,105,1,5,375,28,403
4145,105,2,5,389,23,412
4146,105,3,5,49,2,51
4147,105,4,5,198,12,210
4148,105,5,5,93,5,98
4149,105,6,5,883,22,905
4150,105,7,5,47,2,49
4151,105,8,5,47,3,50
4152,105,9,5,608,18,626
4153,105,10,5,411,10,421
4154,105,11,5,387,13,400
4155,105,12,5,147,6,153
4156,105,13,5,231,7,238
4157,105,14,5,68,5,73
4158,105,15,5,221,5,226
4159,105,16,5,33,5,38
4160,105,17,5,111,10,121
4161,105,18,5,184,26,210
4162,105,19,5,228,14,242
4163,105,20,5,137,19,156
4164,105,21,5,70,2,72
4165,105,22,5,92,1,93
4166,105,23,5,109,7,116
4167,105,24,5,98,2,100
4168,105,25,5,101,14,115
4169,105,26,5,46,6,52
4170,105,27,5,88,5,93
4171,105,28,5,55,2,57
4172,105,29,5,112,2,114
4173,105,30,5,83,11,94
4174,105,31,5,157,13,170
4175,105,32,5,307,6,313
4176,105,33,5,92,11,103
4177,105,34,5,60,1,61
4178,105,36,5,92,5,97
4179,105,38,5,8,5,13
4180,105,39,5,12,1,13
4181,105,40,5,13,4,17
4182,105,41,5,4,0,4
4183,105,42,5,9,0,9
4184,105,43,5,18,0,18
4185,105,45,5,6,0,6
4186,105,46,5,10,0,10
4187,105,50,5,4,0,4
4188,105,51,5,1,0,1
4189,105,52,5,3,0,3
4190,105,53,5,1,0,1
4191,105,56,5,1,0,1
4192,105,58,5,6,1,7
4193,105,59,5,1,0,1
4194,105,61,5,2,0,2
4195,105,65,5,2,0,2
4196,105,69,5,1,0,1
4197,106,1,5,187,17,204
4198,106,2,5,168,10,178
4199,106,3,5,38,0,38
4200,106,4,5,90,12,102
4201,106,5,5,31,2,33
4202,106,6,5,301,9,310
4203,106,7,5,12,0,12
4204,106,8,5,22,0,22
4205,106,9,5,228,4,232
4206,106,10,5,206,16,222
4207,106,11,5,149,10,159
4208,106,12,5,64,6,70
4209,106,13,5,118,3,121
4210,106,14,5,172,17,189
4211,106,15,5,68,14,82
4212,106,16,5,23,2,25
4213,106,17,5,27,2,29
4214,106,18,5,85,13,98
4215,106,19,5,123,8,131
4216,106,20,5,64,11,75
4217,106,21,5,32,1,33
4218,106,22,5,33,9,42
4219,106,23,5,40,3,43
4220,106,24,5,40,2,42
4221,106,25,5,45,7,52
4222,106,26,5,21,2,23
4223,106,27,5,53,2,55
4224,106,28,5,24,0,24
4225,106,29,5,81,0,81
4226,106,30,5,45,11,56
4227,106,31,5,77,3,80
4228,106,32,5,147,2,149
4229,106,33,5,57,3,60
4230,106,34,5,35,5,40
4231,106,36,5,35,8,43
4232,106,38,5,2,0,2
4233,106,39,5,3,0,3
4234,106,40,5,6,2,8
4235,106,42,5,5,0,5
4236,106,43,5,5,0,5
4237,106,45,5,6,0,6
4238,106,46,5,2,1,3
4239,106,50,5,0,1,1
4240,106,52,5,2,0,2
4241,106,55,5,1,0,1
4242,106,56,5,1,0,1
4243,106,58,5,2,0,2
4244,106,65,5,1,0,1
4245,106,69,5,1,0,1
4246,107,1,6,39,7,46
4247,107,2,6,53,4,57
4248,107,3,6,4,1,5
4249,107,4,6,4,1,5
4250,107,6,6,75,9,84
4251,107,7,6,3,0,3
4252,107,8,6,3,0,3
4253,107,9,6,86,1,87
4254,107,10,6,20,1,21
4255,107,11,6,30,1,31
4256,107,12,6,15,0,15
4257,107,13,6,53,1,54
4258,107,14,6,9,1,10
4259,107,15,6,18,3,21
4260,107,16,6,0,1,1
4261,107,17,6,1,2,3
4262,107,18,6,9,3,12
4263,107,19,6,31,2,33
4264,107,20,6,11,7,18
4265,107,21,6,7,2,9
4266,107,22,6,30,1,31
4267,107,23,6,7,1,8
4268,107,24,6,1,0,1
4269,107,25,6,30,1,31
4270,107,26,6,1,0,1
4271,107,27,6,10,0,10
4272,107,28,6,10,0,10
4273,107,29,6,9,1,10
4274,107,30,6,4,3,7
4275,107,31,6,15,0,15
4276,107,32,6,81,1,82
4277,107,33,6,15,0,15
4278,107,34,6,3,1,4
4279,107,36,6,4,5,9
4280,107,39,6,1,0,1
4281,107,40,6,1,0,1
4282,107,42,6,1,0,1
4283,107,43,6,3,0,3
4284,107,46,6,1,0,1
4285,108,1,6,1,3,4
4286,108,2,6,6,0,6
4287,108,6,6,34,0,34
4288,108,11,6,36,0,36
4289,108,13,6,51,1,52
4290,108,15,6,0,1,1
4291,108,17,6,2,0,2
4292,108,18,6,1,0,1
4293,108,19,6,1,0,1
4294,108,20,6,1,2,3
4295,108,22,6,7,0,7
4296,108,23,6,0,1,1
4297,108,25,6,0,1,1
4298,108,28,6,1,0,1
4299,108,36,6,1,3,4
4300,108,39,6,1,0,1
4301,109,6,7,2,0,2
4302,109,9,7,1,0,1
4303,109,10,7,2,0,2
4304,109,15,7,1,0,1
4305,109,18,7,1,0,1
4306,109,22,7,1,0,1
4307,109,30,7,1,0,1
4308,110,1,7,5,0,5
4309,110,2,7,1,0,1
4310,110,3,7,2,0,2
4311,110,4,7,9,0,9
4312,110,5,7,2,0,2
4313,110,6,7,8,0,8
4314,110,9,7,4,0,4
4315,110,10,7,10,0,10
4316,110,11,7,4,0,4
4317,110,12,7,6,0,6
4318,110,13,7,2,0,2
4319,110,14,7,4,0,4
4320,110,15,7,7,0,7
4321,110,16,7,2,0,2
4322,110,17,7,3,0,3
4323,110,18,7,5,0,5
4324,110,19,7,4,0,4
4325,110,20,7,6,0,6
4326,110,21,7,2,0,2
4327,110,22,7,1,0,1
4328,110,23,7,3,0,3
4329,110,24,7,6,0,6
4330,110,26,7,1,0,1
4331,110,27,7,4,0,4
4332,110,28,7,3,0,3
4333,110,29,7,2,0,2
4334,110,30,7,11,0,11
4335,110,31,7,7,0,7
4336,110,32,7,5,0,5
4337,110,33,7,4,0,4
4338,110,34,7,2,0,2
4339,110,36,7,5,0,5
4340,110,40,7,1,0,1
4341,110,45,7,1,0,1
4342,110,46,7,1,0,1
4343,110,58,7,1,0,1
4344,111,1,7,3,0,3
4345,111,2,7,1,0,1
4346,111,3,7,2,0,2
4347,111,4,7,3,0,3
4348,111,6,7,4,0,4
4349,111,10,7,2,0,2
4350,111,11,7,5,0,5
4351,111,14,7,2,0,2
4352,111,15,7,4,0,4
4353,111,16,7,3,0,3
4354,111,17,7,1,0,1
4355,111,19,7,2,0,2
4356,111,20,7,1,0,1
4357,111,22,7,2,0,2
4358,111,23,7,6,0,6
4359,111,24,7,4,0,4
4360,111,25,7,1,0,1
4361,111,27,7,3,0,3
4362,111,30,7,2,0,2
4363,111,32,7,85,0,85
4364,111,36,7,4,0,4
